location_name,date,temperature_c,precipitation_mm,humidity_pct,o3,pm1,pm10,pm25,relativehumidity,temperature,um003,year,month,tourist_arrivals
Embassy Kathmandu,2021-01-01,13.61,0.0,43.79,0.0194,,,109.0,,,,2021,Jan,8874
Embassy Kathmandu,2021-01-02,13.9,0.0,42.38,0.0032,,,131.0,,,,2021,Jan,8874
Embassy Kathmandu,2021-01-03,15.05,0.0,42.59,0.0277,,,105.0,,,,2021,Jan,8874
Embassy Kathmandu,2021-01-04,16.34,0.0,47.81,0.0119,,,265.0,,,,2021,Jan,8874
Embassy Kathmandu,2021-01-05,16.47,0.0,53.05,0.0162,,,258.0,,,,2021,Jan,8874
Embassy Kathmandu,2021-01-06,16.78,0.0,49.02,0.016,,,108.0,,,,2021,Jan,8874
Embassy Kathmandu,2021-01-07,16.32,0.0,46.39,0.0189,,,81.0,,,,2021,Jan,8874
Embassy Kathmandu,2021-01-08,14.75,0.0,50.04,0.0199,,,67.7,,,,2021,Jan,8874
Embassy Kathmandu,2021-01-09,15.62,0.0,45.75,0.0221,,,76.0,,,,2021,Jan,8874
Embassy Kathmandu,2021-01-10,15.08,0.0,53.32,0.0203,,,76.4,,,,2021,Jan,8874
Embassy Kathmandu,2021-01-11,13.52,0.0,57.73,0.0213,,,81.0,,,,2021,Jan,8874
Embassy Kathmandu,2021-01-12,11.34,0.0,58.81,0.0237,,,91.1,,,,2021,Jan,8874
Embassy Kathmandu,2021-01-13,10.14,0.0,48.68,0.0253,,,97.6,,,,2021,Jan,8874
Embassy Kathmandu,2021-01-14,9.99,0.0,50.49,0.0278,,,86.3,,,,2021,Jan,8874
Embassy Kathmandu,2021-01-15,11.25,0.0,49.4,0.0227,,,95.1,,,,2021,Jan,8874
Embassy Kathmandu,2021-01-16,11.39,0.0,47.46,0.0279,,,82.3,,,,2021,Jan,8874
Embassy Kathmandu,2021-01-17,11.26,0.0,42.62,0.0302,,,72.3,,,,2021,Jan,8874
Embassy Kathmandu,2021-01-18,13.44,0.0,44.3,0.0258,,,76.0,,,,2021,Jan,8874
Embassy Kathmandu,2021-01-19,11.86,0.0,58.94,0.0268,,,67.1,,,,2021,Jan,8874
Embassy Kathmandu,2021-01-20,10.99,0.0,63.9,0.0253,,,66.4,,,,2021,Jan,8874
Embassy Kathmandu,2021-01-21,10.22,0.0,51.77,0.0283,,,75.5,,,,2021,Jan,8874
Embassy Kathmandu,2021-01-22,9.77,0.0,48.31,0.0273,,,84.9,,,,2021,Jan,8874
Embassy Kathmandu,2021-02-04,13.24,0.0,35.31,0.0377,,,,,,,2021,Feb,9266
Embassy Kathmandu,2021-02-05,13.24,0.05,41.7,0.0154,,,78.8,,,,2021,Feb,9266
Embassy Kathmandu,2021-02-06,11.12,0.54,61.75,0.0305,,,47.5,,,,2021,Feb,9266
Embassy Kathmandu,2021-02-07,11.36,0.0,49.07,0.0274,,,40.4,,,,2021,Feb,9266
Embassy Kathmandu,2021-02-08,13.14,0.06,37.35,0.0274,,,71.3,,,,2021,Feb,9266
Embassy Kathmandu,2021-02-09,13.89,0.0,36.77,0.0308,,,74.6,,,,2021,Feb,9266
Embassy Kathmandu,2021-02-10,13.47,0.0,43.25,0.0303,,,79.3,,,,2021,Feb,9266
Embassy Kathmandu,2021-02-11,13.69,0.0,45.12,0.0338,,,75.3,,,,2021,Feb,9266
Embassy Kathmandu,2021-02-12,14.32,0.0,44.64,0.0321,,,88.0,,,,2021,Feb,9266
Embassy Kathmandu,2021-02-13,14.05,0.0,46.9,0.033,,,87.0,,,,2021,Feb,9266
Embassy Kathmandu,2021-02-14,13.9,0.02,47.12,0.032,,,86.3,,,,2021,Feb,9266
Embassy Kathmandu,2021-02-15,13.83,0.18,46.11,0.0175,,,95.2,,,,2021,Feb,9266
Embassy Kathmandu,2021-02-16,13.95,0.15,43.1,0.0418,,,64.9,,,,2021,Feb,9266
Embassy Kathmandu,2021-02-17,14.36,0.07,42.17,0.0268,,,65.0,,,,2021,Feb,9266
Embassy Kathmandu,2021-02-18,13.56,0.56,51.53,0.0347,,,46.4,,,,2021,Feb,9266
Embassy Kathmandu,2021-02-19,13.8,1.05,52.54,0.0309,,,35.8,,,,2021,Feb,9266
Embassy Kathmandu,2021-02-20,15.09,0.0,42.98,0.0375,,,43.8,,,,2021,Feb,9266
Embassy Kathmandu,2021-02-21,15.76,0.0,37.0,0.0329,,,60.8,,,,2021,Feb,9266
Embassy Kathmandu,2021-02-22,16.16,0.0,37.73,0.0382,,,69.7,,,,2021,Feb,9266
Embassy Kathmandu,2021-02-23,16.26,0.0,41.98,0.0426,,,79.3,,,,2021,Feb,9266
Embassy Kathmandu,2021-02-24,16.3,0.0,39.75,0.0418,,,84.2,,,,2021,Feb,9266
Embassy Kathmandu,2021-02-25,16.54,0.0,33.04,0.036,,,99.5,,,,2021,Feb,9266
Embassy Kathmandu,2021-02-26,17.66,0.02,32.77,0.0112,,,101.0,,,,2021,Feb,9266
Embassy Kathmandu,2021-02-27,17.54,0.07,36.46,,,,115.0,,,,2021,Feb,9266
Embassy Kathmandu,2021-02-28,18.19,0.02,39.86,0.0438,,,77.1,,,,2021,Feb,9266
Embassy Kathmandu,2021-03-01,18.1,0.03,31.2,0.0398,,,65.7,,,,2021,Mar,15254
Embassy Kathmandu,2021-03-02,15.7,0.0,23.76,0.04,,,63.8,,,,2021,Mar,15254
Embassy Kathmandu,2021-03-03,15.83,0.0,27.76,0.0315,,,75.5,,,,2021,Mar,15254
Embassy Kathmandu,2021-03-04,16.14,0.0,31.89,0.0553,,,75.4,,,,2021,Mar,15254
Embassy Kathmandu,2021-03-05,16.79,0.23,29.86,0.0448,,,81.9,,,,2021,Mar,15254
Embassy Kathmandu,2021-03-06,16.79,1.42,31.23,0.0393,,,53.8,,,,2021,Mar,15254
Embassy Kathmandu,2021-03-07,17.23,0.0,31.4,0.0304,,,80.0,,,,2021,Mar,15254
Embassy Kathmandu,2021-03-08,16.93,0.01,33.96,0.0296,,,70.5,,,,2021,Mar,15254
Embassy Kathmandu,2021-03-09,17.99,0.35,34.19,0.0266,,,55.2,,,,2021,Mar,15254
Embassy Kathmandu,2021-03-10,18.67,0.86,34.54,0.0315,,,91.5,,,,2021,Mar,15254
Embassy Kathmandu,2021-03-11,18.71,1.22,36.93,0.0274,,,50.1,,,,2021,Mar,15254
Embassy Kathmandu,2021-03-12,19.3,0.04,30.74,0.0334,,,83.0,,,,2021,Mar,15254
Embassy Kathmandu,2021-03-13,18.7,0.21,34.38,0.0415,,,50.7,,,,2021,Mar,15254
Embassy Kathmandu,2021-03-14,17.85,0.1,46.11,0.0261,,,59.4,,,,2021,Mar,15254
Embassy Kathmandu,2021-03-15,18.38,0.0,37.27,0.0188,,,70.6,,,,2021,Mar,15254
Embassy Kathmandu,2021-03-16,18.86,0.09,31.89,0.0285,,,73.5,,,,2021,Mar,15254
Embassy Kathmandu,2021-03-17,19.45,0.0,30.21,0.017,,,78.9,,,,2021,Mar,15254
Embassy Kathmandu,2021-03-18,19.45,0.08,33.96,0.062,,,115.0,,,,2021,Mar,15254
Embassy Kathmandu,2021-03-19,20.78,0.06,30.88,0.0435,,,103.0,,,,2021,Mar,15254
Embassy Kathmandu,2021-03-20,20.56,0.01,33.76,0.0485,,,96.5,,,,2021,Mar,15254
Embassy Kathmandu,2021-03-21,19.56,0.0,36.26,0.0463,,,78.3,,,,2021,Mar,15254
Embassy Kathmandu,2021-03-22,20.23,0.0,31.79,0.0477,,,114.0,,,,2021,Mar,15254
Embassy Kathmandu,2021-03-23,21.47,0.0,29.62,0.0489,,,141.0,,,,2021,Mar,15254
Embassy Kathmandu,2021-03-24,20.77,0.0,32.35,0.0447,,,106.0,,,,2021,Mar,15254
Embassy Kathmandu,2021-03-25,19.03,0.0,28.21,0.0428,,,89.9,,,,2021,Mar,15254
Embassy Kathmandu,2021-03-26,19.75,0.0,25.31,0.0495,,,186.0,,,,2021,Mar,15254
Embassy Kathmandu,2021-03-27,20.93,0.0,25.25,0.0466,,,290.0,,,,2021,Mar,15254
Embassy Kathmandu,2021-03-28,20.99,0.0,30.23,0.0399,,,272.0,,,,2021,Mar,15254
Embassy Kathmandu,2021-03-29,21.03,0.16,36.52,0.0189,,,241.0,,,,2021,Mar,15254
Embassy Kathmandu,2021-03-30,21.27,2.15,38.73,0.048,,,173.0,,,,2021,Mar,15254
Embassy Kathmandu,2021-03-31,22.48,4.36,28.48,0.037,,,146.0,,,,2021,Mar,15254
Embassy Kathmandu,2021-04-01,20.49,2.0,23.18,0.0434,,,38.2,,,,2021,Apr,22732
Embassy Kathmandu,2021-04-02,19.9,0.16,18.84,0.0242,,,43.5,,,,2021,Apr,22732
Embassy Kathmandu,2021-04-03,19.14,0.0,18.92,0.0539,,,76.1,,,,2021,Apr,22732
Embassy Kathmandu,2021-04-04,19.63,0.0,17.19,0.0476,,,156.0,,,,2021,Apr,22732
Embassy Kathmandu,2021-04-05,20.75,0.0,16.91,0.04,,,215.0,,,,2021,Apr,22732
Embassy Kathmandu,2021-04-06,21.96,0.0,19.5,0.0355,,,225.0,,,,2021,Apr,22732
Embassy Kathmandu,2021-04-07,23.2,0.03,22.63,0.043,,,215.0,,,,2021,Apr,22732
Embassy Kathmandu,2021-04-08,23.08,0.02,24.11,0.041,,,104.0,,,,2021,Apr,22732
Embassy Kathmandu,2021-04-09,22.63,0.06,21.88,0.0167,,,45.3,,,,2021,Apr,22732
Embassy Kathmandu,2021-04-10,22.28,0.2,19.92,0.0434,,,41.8,,,,2021,Apr,22732
Embassy Kathmandu,2021-04-11,22.46,0.06,16.32,0.045,,,75.5,,,,2021,Apr,22732
Embassy Kathmandu,2021-04-12,22.89,0.0,17.25,0.05,,,127.0,,,,2021,Apr,22732
Embassy Kathmandu,2021-04-13,23.56,0.01,23.04,0.0416,,,124.0,,,,2021,Apr,22732
Embassy Kathmandu,2021-04-14,24.4,0.04,23.99,0.0517,,,117.0,,,,2021,Apr,22732
Embassy Kathmandu,2021-04-15,23.77,0.02,26.04,0.0466,,,101.0,,,,2021,Apr,22732
Embassy Kathmandu,2021-04-16,23.16,11.07,37.26,0.047,,,58.5,,,,2021,Apr,22732
Embassy Kathmandu,2021-04-17,22.43,2.15,37.84,0.04,,,49.8,,,,2021,Apr,22732
Embassy Kathmandu,2021-04-18,22.03,1.65,34.53,0.0392,,,23.5,,,,2021,Apr,22732
Embassy Kathmandu,2021-04-19,21.78,1.06,34.96,0.0352,,,36.4,,,,2021,Apr,22732
Embassy Kathmandu,2021-04-20,23.42,0.01,26.36,0.0551,,,54.4,,,,2021,Apr,22732
Embassy Kathmandu,2021-04-21,22.75,4.75,34.48,0.0416,,,58.3,,,,2021,Apr,22732
Embassy Kathmandu,2021-04-22,20.64,8.83,55.44,0.0355,,,22.4,,,,2021,Apr,22732
Embassy Kathmandu,2021-04-23,21.86,0.01,38.66,0.0404,,,17.9,,,,2021,Apr,22732
Embassy Kathmandu,2021-04-24,23.4,0.0,31.96,0.0281,,,41.6,,,,2021,Apr,22732
Embassy Kathmandu,2021-04-27,24.3,0.0,24.69,0.0746,,,69.7,,,,2021,Apr,22732
Embassy Kathmandu,2021-04-28,24.52,0.13,27.35,0.0601,,,79.1,,,,2021,Apr,22732
Embassy Kathmandu,2021-04-29,24.14,1.68,35.52,0.0632,,,68.1,,,,2021,Apr,22732
Embassy Kathmandu,2021-04-30,23.7,0.7,42.92,0.0484,,,33.5,,,,2021,Apr,22732
Embassy Kathmandu,2021-05-01,22.03,3.01,51.92,0.0511,,,34.3,,,,2021,May,1531
Embassy Kathmandu,2021-05-02,21.73,6.88,57.58,0.0306,,,29.0,,,,2021,May,1531
Embassy Kathmandu,2021-05-03,22.17,0.91,47.76,0.0518,,,46.0,,,,2021,May,1531
Embassy Kathmandu,2021-05-04,19.56,6.0,63.17,0.0402,,,36.3,,,,2021,May,1531
Embassy Kathmandu,2021-05-05,19.18,6.01,67.32,0.0398,,,23.0,,,,2021,May,1531
Embassy Kathmandu,2021-05-06,20.31,3.46,64.38,0.0468,,,32.5,,,,2021,May,1531
Embassy Kathmandu,2021-05-07,21.51,9.07,62.97,0.0454,,,33.8,,,,2021,May,1531
Embassy Kathmandu,2021-05-08,22.24,0.78,52.69,0.0368,,,24.4,,,,2021,May,1531
Embassy Kathmandu,2021-05-09,21.11,2.26,54.58,0.0457,,,23.1,,,,2021,May,1531
Embassy Kathmandu,2021-05-10,21.74,3.35,52.44,0.0494,,,29.0,,,,2021,May,1531
Embassy Kathmandu,2021-05-11,21.11,4.81,57.16,0.0409,,,28.2,,,,2021,May,1531
Embassy Kathmandu,2021-05-12,19.25,17.84,66.46,0.0387,,,20.9,,,,2021,May,1531
Embassy Kathmandu,2021-05-13,19.84,2.19,59.5,0.0368,,,15.6,,,,2021,May,1531
Embassy Kathmandu,2021-05-14,21.27,0.06,55.07,0.0371,,,16.2,,,,2021,May,1531
Embassy Kathmandu,2021-05-15,23.55,0.02,46.11,0.039,,,20.3,,,,2021,May,1531
Embassy Kathmandu,2021-05-16,24.48,0.08,41.97,0.0403,,,23.5,,,,2021,May,1531
Embassy Kathmandu,2021-05-17,25.32,0.05,38.16,0.0413,,,31.1,,,,2021,May,1531
Embassy Kathmandu,2021-05-18,25.14,0.09,36.35,0.0432,,,39.8,,,,2021,May,1531
Embassy Kathmandu,2021-05-19,22.66,5.3,54.52,0.0328,,,39.5,,,,2021,May,1531
Embassy Kathmandu,2021-05-20,21.67,15.84,74.07,0.0195,,,24.0,,,,2021,May,1531
Embassy Kathmandu,2021-05-21,23.42,1.44,71.01,0.0289,,,11.5,,,,2021,May,1531
Embassy Kathmandu,2021-05-22,24.16,0.01,62.64,0.0347,,,11.9,,,,2021,May,1531
Embassy Kathmandu,2021-05-24,26.1,0.22,47.92,0.0516,,,,,,,2021,May,1531
Embassy Kathmandu,2021-05-25,25.06,1.75,54.94,0.0382,,,17.1,,,,2021,May,1531
Embassy Kathmandu,2021-05-26,23.22,9.98,74.1,0.0271,,,9.67,,,,2021,May,1531
Embassy Kathmandu,2021-05-27,22.57,47.1,83.21,0.0187,,,2.73,,,,2021,May,1531
Embassy Kathmandu,2021-05-28,22.24,35.01,82.53,0.0297,,,2.59,,,,2021,May,1531
Embassy Kathmandu,2021-05-29,22.89,16.07,77.62,0.0408,,,8.59,,,,2021,May,1531
Embassy Kathmandu,2021-05-30,23.19,4.89,79.31,,,,23.5,,,,2021,May,1531
Embassy Kathmandu,2021-05-31,22.91,4.4,81.58,0.039,,,20.9,,,,2021,May,1531
Embassy Kathmandu,2021-06-01,23.08,3.44,75.71,0.035,,,18.2,,,,2021,Jun,1187
Embassy Kathmandu,2021-06-02,22.53,0.11,70.3,0.0443,,,16.7,,,,2021,Jun,1187
Embassy Kathmandu,2021-06-03,23.98,0.0,62.29,0.0372,,,17.0,,,,2021,Jun,1187
Embassy Kathmandu,2021-06-04,24.42,0.38,65.75,0.0438,,,21.0,,,,2021,Jun,1187
Embassy Kathmandu,2021-06-05,24.89,0.64,68.56,0.0501,,,26.3,,,,2021,Jun,1187
Embassy Kathmandu,2021-06-06,24.33,0.79,72.23,0.047,,,26.4,,,,2021,Jun,1187
Embassy Kathmandu,2021-06-07,25.02,1.27,70.33,0.0567,,,23.0,,,,2021,Jun,1187
Embassy Kathmandu,2021-06-08,24.89,6.2,69.31,0.0576,,,24.9,,,,2021,Jun,1187
Embassy Kathmandu,2021-06-09,23.27,13.46,81.73,0.0345,,,19.0,,,,2021,Jun,1187
Embassy Kathmandu,2021-06-10,22.07,10.14,84.89,0.0436,,,63.2,,,,2021,Jun,1187
Embassy Kathmandu,2021-06-11,22.61,13.46,83.68,0.0411,,,15.5,,,,2021,Jun,1187
Embassy Kathmandu,2021-06-12,22.71,13.16,83.36,0.0277,,,5.73,,,,2021,Jun,1187
Embassy Kathmandu,2021-06-13,22.26,5.6,86.23,-0.0393,,,8.24,,,,2021,Jun,1187
Embassy Kathmandu,2021-06-14,22.95,21.37,87.03,-0.134,,,7.91,,,,2021,Jun,1187
Embassy Kathmandu,2021-06-15,22.34,17.7,89.74,-0.0861,,,2.06,,,,2021,Jun,1187
Embassy Kathmandu,2021-06-16,22.82,7.36,89.36,0.014,,,4.0,,,,2021,Jun,1187
Embassy Kathmandu,2021-06-17,23.02,2.22,88.31,0.0188,,,5.52,,,,2021,Jun,1187
Embassy Kathmandu,2021-06-18,22.67,0.73,83.4,-0.0175,,,7.1,,,,2021,Jun,1187
Embassy Kathmandu,2021-06-19,21.96,2.76,86.89,-0.018,,,3.12,,,,2021,Jun,1187
Embassy Kathmandu,2021-06-20,22.0,4.32,86.35,-0.0619,,,5.77,,,,2021,Jun,1187
Embassy Kathmandu,2021-06-21,22.75,3.52,87.68,-0.0716,,,8.33,,,,2021,Jun,1187
Embassy Kathmandu,2021-06-22,23.29,3.67,89.12,-0.0121,,,10.2,,,,2021,Jun,1187
Embassy Kathmandu,2021-06-23,22.71,10.21,94.18,-0.00931,,,7.69,,,,2021,Jun,1187
Embassy Kathmandu,2021-06-24,23.21,6.6,87.97,-0.00709,,,10.5,,,,2021,Jun,1187
Embassy Kathmandu,2021-06-25,22.53,9.41,91.62,0.0198,,,13.3,,,,2021,Jun,1187
Embassy Kathmandu,2021-06-26,22.12,21.15,89.83,0.0238,,,9.38,,,,2021,Jun,1187
Embassy Kathmandu,2021-06-27,22.64,3.15,88.46,-0.0558,,,10.5,,,,2021,Jun,1187
Embassy Kathmandu,2021-06-28,23.2,2.48,87.89,-0.0596,,,13.8,,,,2021,Jun,1187
Embassy Kathmandu,2021-06-29,22.3,9.31,95.2,-0.0162,,,13.3,,,,2021,Jun,1187
Embassy Kathmandu,2021-06-30,22.11,17.09,91.83,0.0426,,,24.4,,,,2021,Jun,1187
Embassy Kathmandu,2021-07-01,22.52,36.43,90.97,0.0403,,,30.8,,,,2021,Jul,3093
Embassy Kathmandu,2021-07-02,22.8,31.06,92.28,0.035,,,16.8,,,,2021,Jul,3093
Embassy Kathmandu,2021-07-03,22.99,21.33,91.66,-0.00725,,,11.9,,,,2021,Jul,3093
Embassy Kathmandu,2021-07-04,22.45,5.67,89.8,-0.00468,,,14.3,,,,2021,Jul,3093
Embassy Kathmandu,2021-07-05,22.98,5.51,89.81,-0.00687,,,14.5,,,,2021,Jul,3093
Embassy Kathmandu,2021-07-06,22.91,15.07,92.5,-0.00807,,,12.6,,,,2021,Jul,3093
Embassy Kathmandu,2021-07-07,22.49,4.01,94.15,-0.0205,,,18.4,,,,2021,Jul,3093
Embassy Kathmandu,2021-07-08,22.6,21.46,92.9,0.0334,,,10.9,,,,2021,Jul,3093
Embassy Kathmandu,2021-07-09,22.94,7.15,91.8,-0.0309,,,7.61,,,,2021,Jul,3093
Embassy Kathmandu,2021-07-12,22.75,5.71,88.48,-0.0184,,,6.9,,,,2021,Jul,3093
Embassy Kathmandu,2021-07-13,23.55,23.06,86.21,0.0207,,,13.2,,,,2021,Jul,3093
Embassy Kathmandu,2021-07-14,22.74,21.33,92.09,-0.0603,,,6.38,,,,2021,Jul,3093
Embassy Kathmandu,2021-07-15,22.86,3.17,90.29,-0.062,,,6.16,,,,2021,Jul,3093
Embassy Kathmandu,2021-07-16,22.56,6.83,91.13,0.017,,,11.6,,,,2021,Jul,3093
Embassy Kathmandu,2021-07-17,21.94,10.99,93.34,-0.0195,,,14.6,,,,2021,Jul,3093
Embassy Kathmandu,2021-07-18,22.51,2.92,92.02,-0.0198,,,9.5,,,,2021,Jul,3093
Embassy Kathmandu,2021-07-19,22.85,21.01,93.12,-0.0157,,,12.8,,,,2021,Jul,3093
Embassy Kathmandu,2021-07-20,23.21,23.74,87.89,0.0221,,,15.3,,,,2021,Jul,3093
Embassy Kathmandu,2021-07-21,22.91,10.13,89.92,-0.0245,,,8.65,,,,2021,Jul,3093
Embassy Kathmandu,2021-07-22,22.9,5.03,88.61,-0.0911,,,8.89,,,,2021,Jul,3093
Embassy Kathmandu,2021-07-23,24.29,6.81,86.71,0.0199,,,8.38,,,,2021,Jul,3093
Embassy Kathmandu,2021-07-24,24.01,4.73,85.48,-0.0948,,,4.71,,,,2021,Jul,3093
Embassy Kathmandu,2021-07-25,23.3,7.68,92.68,-0.14,,,4.75,,,,2021,Jul,3093
Embassy Kathmandu,2021-08-03,22.99,31.94,91.22,0.0215,,,7.8,,,,2021,Aug,6093
Embassy Kathmandu,2021-08-04,22.14,10.11,90.34,-0.141,,,10.1,,,,2021,Aug,6093
Embassy Kathmandu,2021-08-05,23.56,3.18,82.26,0.0323,,,13.9,,,,2021,Aug,6093
Embassy Kathmandu,2021-08-06,24.16,7.88,81.44,0.0238,,,15.7,,,,2021,Aug,6093
Embassy Kathmandu,2021-08-07,22.79,15.0,90.03,0.0241,,,15.1,,,,2021,Aug,6093
Embassy Kathmandu,2021-08-08,22.63,22.82,90.69,-0.165,,,7.4,,,,2021,Aug,6093
Embassy Kathmandu,2021-08-09,22.91,7.94,91.49,0.0309,,,9.04,,,,2021,Aug,6093
Embassy Kathmandu,2021-08-10,23.26,4.3,92.89,-0.0413,,,12.8,,,,2021,Aug,6093
Embassy Kathmandu,2021-08-11,23.26,4.21,93.95,-0.0527,,,12.6,,,,2021,Aug,6093
Embassy Kathmandu,2021-08-12,23.24,9.05,92.46,-0.122,,,13.4,,,,2021,Aug,6093
Embassy Kathmandu,2021-08-13,23.07,17.5,89.37,-0.0787,,,51.4,,,,2021,Aug,6093
Embassy Kathmandu,2021-08-14,22.75,28.23,93.24,-0.639,,,6.22,,,,2021,Aug,6093
Embassy Kathmandu,2021-08-15,22.66,15.87,92.01,,,,5.0,,,,2021,Aug,6093
Embassy Kathmandu,2021-08-16,22.99,7.39,92.18,-0.349,,,12.2,,,,2021,Aug,6093
Embassy Kathmandu,2021-08-17,22.65,10.06,94.89,-0.419,,,16.9,,,,2021,Aug,6093
Embassy Kathmandu,2021-08-18,22.1,11.02,94.49,-0.271,,,12.4,,,,2021,Aug,6093
Embassy Kathmandu,2021-08-19,22.41,11.34,90.49,-0.144,,,8.29,,,,2021,Aug,6093
Embassy Kathmandu,2021-08-20,21.75,3.83,91.9,-0.0148,,,7.42,,,,2021,Aug,6093
Embassy Kathmandu,2021-08-21,21.29,3.65,92.78,-0.211,,,8.17,,,,2021,Aug,6093
Embassy Kathmandu,2021-08-22,21.74,7.9,90.6,-0.191,,,,,,,2021,Aug,6093
Embassy Kathmandu,2021-08-23,21.85,16.17,93.68,-0.151,,,,,,,2021,Aug,6093
Embassy Kathmandu,2021-08-24,22.33,13.58,92.67,-0.0289,,,,,,,2021,Aug,6093
Embassy Kathmandu,2021-08-25,22.47,11.93,93.97,-0.122,,,,,,,2021,Aug,6093
Embassy Kathmandu,2021-08-26,22.33,27.05,95.48,-0.021,,,,,,,2021,Aug,6093
Embassy Kathmandu,2021-08-27,22.04,24.22,97.14,-0.143,,,,,,,2021,Aug,6093
Embassy Kathmandu,2021-08-28,21.74,15.89,94.52,-0.125,,,,,,,2021,Aug,6093
Embassy Kathmandu,2021-08-29,21.53,15.48,92.71,-0.132,,,,,,,2021,Aug,6093
Embassy Kathmandu,2021-08-30,21.04,7.07,90.27,-0.0959,,,,,,,2021,Aug,6093
Embassy Kathmandu,2021-08-31,21.31,7.3,93.51,-0.14,,,,,,,2021,Aug,6093
Embassy Kathmandu,2021-09-01,22.26,2.86,89.11,-0.218,,,,,,,2021,Sep,9907
Embassy Kathmandu,2021-09-02,22.2,10.95,93.6,-0.139,,,12.4,,,,2021,Sep,9907
Embassy Kathmandu,2021-09-03,21.73,5.39,95.23,-0.17,,,15.9,,,,2021,Sep,9907
Embassy Kathmandu,2021-09-04,22.18,2.71,88.05,-0.191,,,13.8,,,,2021,Sep,9907
Embassy Kathmandu,2021-09-05,22.94,12.32,90.78,-0.249,,,16.7,,,,2021,Sep,9907
Embassy Kathmandu,2021-09-06,22.05,39.73,90.68,-0.436,,,9.93,,,,2021,Sep,9907
Embassy Kathmandu,2021-09-07,21.41,8.28,92.45,,,,66.8,,,,2021,Sep,9907
Embassy Kathmandu,2021-09-08,21.45,8.59,91.85,-0.394,,,6.05,,,,2021,Sep,9907
Embassy Kathmandu,2021-09-09,21.47,1.35,94.46,-0.103,,,,,,,2021,Sep,9907
Embassy Kathmandu,2021-09-10,22.41,0.46,86.92,,,,15.0,,,,2021,Sep,9907
Embassy Kathmandu,2021-09-16,21.02,3.75,87.71,,,,9.0,,,,2021,Sep,9907
Embassy Kathmandu,2021-09-23,21.08,1.73,91.89,,,,89.2,,,,2021,Sep,9907
Embassy Kathmandu,2021-09-24,21.79,0.34,89.71,,,,8.11,,,,2021,Sep,9907
Embassy Kathmandu,2021-09-25,22.07,2.57,91.37,,,,11.5,,,,2021,Sep,9907
Embassy Kathmandu,2021-09-26,22.39,5.23,86.22,,,,16.3,,,,2021,Sep,9907
Embassy Kathmandu,2021-09-27,22.28,3.4,85.78,,,,13.1,,,,2021,Sep,9907
Embassy Kathmandu,2021-09-28,21.33,5.22,89.34,,,,10.8,,,,2021,Sep,9907
Embassy Kathmandu,2021-09-29,20.65,3.46,93.9,,,,9.0,,,,2021,Sep,9907
Embassy Kathmandu,2021-09-30,20.97,2.99,91.13,,,,80.1,,,,2021,Sep,9907
Embassy Kathmandu,2021-10-01,20.99,3.11,88.25,,,,16.6,,,,2021,Oct,23338
Embassy Kathmandu,2021-10-02,20.7,8.67,89.83,,,,10.5,,,,2021,Oct,23338
Embassy Kathmandu,2021-10-03,21.16,10.13,84.93,,,,12.6,,,,2021,Oct,23338
Embassy Kathmandu,2021-10-04,21.14,9.68,92.41,,,,16.5,,,,2021,Oct,23338
Embassy Kathmandu,2021-10-05,21.43,9.09,90.28,,,,11.1,,,,2021,Oct,23338
Embassy Kathmandu,2021-10-06,21.11,0.73,92.04,,,,11.7,,,,2021,Oct,23338
Embassy Kathmandu,2021-10-07,21.25,0.98,92.44,,,,14.0,,,,2021,Oct,23338
Embassy Kathmandu,2021-10-08,21.11,1.78,92.91,,,,20.7,,,,2021,Oct,23338
Embassy Kathmandu,2021-10-09,20.77,1.62,92.31,,,,23.7,,,,2021,Oct,23338
Embassy Kathmandu,2021-10-10,21.26,0.16,91.01,,,,26.2,,,,2021,Oct,23338
Embassy Kathmandu,2021-10-11,21.22,0.0,89.11,,,,24.7,,,,2021,Oct,23338
Embassy Kathmandu,2021-10-12,22.68,0.0,82.5,,,,20.0,,,,2021,Oct,23338
Embassy Kathmandu,2021-10-13,23.06,0.0,79.68,,,,15.0,,,,2021,Oct,23338
Embassy Kathmandu,2021-10-14,23.07,0.0,81.48,,,,13.8,,,,2021,Oct,23338
Embassy Kathmandu,2021-10-15,22.58,0.12,90.19,,,,12.6,,,,2021,Oct,23338
Embassy Kathmandu,2021-10-16,21.86,3.75,89.22,,,,10.6,,,,2021,Oct,23338
Embassy Kathmandu,2021-10-17,21.13,14.93,93.96,,,,6.21,,,,2021,Oct,23338
Embassy Kathmandu,2021-10-18,20.08,15.3,92.08,,,,8.17,,,,2021,Oct,23338
Embassy Kathmandu,2021-10-19,19.35,30.73,91.0,,,,2.62,,,,2021,Oct,23338
Embassy Kathmandu,2021-10-20,20.54,10.96,91.67,,,,3.89,,,,2021,Oct,23338
Embassy Kathmandu,2021-10-21,19.23,0.78,87.4,,,,4.54,,,,2021,Oct,23338
Embassy Kathmandu,2021-10-22,18.76,0.56,89.32,,,,14.0,,,,2021,Oct,23338
Embassy Kathmandu,2021-10-23,17.77,0.32,93.57,,,,32.6,,,,2021,Oct,23338
Embassy Kathmandu,2021-10-24,18.11,0.5,92.4,,,,47.0,,,,2021,Oct,23338
Embassy Kathmandu,2021-10-25,18.1,0.12,90.7,,,,30.4,,,,2021,Oct,23338
Embassy Kathmandu,2021-10-26,18.1,0.22,86.2,,,,73.1,,,,2021,Oct,23338
Embassy Kathmandu,2021-10-27,17.78,0.01,81.66,,,,26.3,,,,2021,Oct,23338
Embassy Kathmandu,2021-10-28,18.1,0.0,78.49,,,,29.7,,,,2021,Oct,23338
Embassy Kathmandu,2021-10-29,17.5,0.0,86.77,,,,30.5,,,,2021,Oct,23338
Embassy Kathmandu,2021-10-30,17.6,0.0,82.85,,,,27.6,,,,2021,Oct,23338
Embassy Kathmandu,2021-10-31,16.54,0.0,87.99,,,,29.5,,,,2021,Oct,23338
Embassy Kathmandu,2021-11-01,16.06,0.0,85.73,,,,35.1,,,,2021,Nov,26135
Embassy Kathmandu,2021-11-02,16.5,0.0,85.22,,,,39.0,,,,2021,Nov,26135
Embassy Kathmandu,2021-11-03,16.09,0.0,80.7,,,,37.1,,,,2021,Nov,26135
Embassy Kathmandu,2021-11-04,15.81,0.0,74.85,,,,33.5,,,,2021,Nov,26135
Embassy Kathmandu,2021-11-05,15.49,0.0,74.51,,,,33.8,,,,2021,Nov,26135
Embassy Kathmandu,2021-11-06,15.54,0.0,77.85,,,,29.7,,,,2021,Nov,26135
Embassy Kathmandu,2021-11-07,15.49,0.0,82.81,,,,26.0,,,,2021,Nov,26135
Embassy Kathmandu,2021-11-08,16.0,0.0,81.53,,,,23.2,,,,2021,Nov,26135
Embassy Kathmandu,2021-11-09,16.53,0.0,85.97,,,,24.3,,,,2021,Nov,26135
Embassy Kathmandu,2021-11-10,16.73,0.0,89.53,,,,22.4,,,,2021,Nov,26135
Embassy Kathmandu,2021-11-11,16.31,0.0,88.83,,,,24.5,,,,2021,Nov,26135
Embassy Kathmandu,2021-11-12,15.75,0.0,83.5,,,,28.0,,,,2021,Nov,26135
Embassy Kathmandu,2021-11-13,15.2,0.03,84.1,,,,32.1,,,,2021,Nov,26135
Embassy Kathmandu,2021-11-14,15.2,0.41,82.51,,,,27.7,,,,2021,Nov,26135
Embassy Kathmandu,2021-11-15,14.8,0.12,83.04,,,,29.7,,,,2021,Nov,26135
Embassy Kathmandu,2021-11-16,14.82,0.0,83.77,,,,49.0,,,,2021,Nov,26135
Embassy Kathmandu,2021-11-17,14.91,0.0,84.91,,,,33.2,,,,2021,Nov,26135
Embassy Kathmandu,2021-11-18,16.04,0.0,83.55,,,,50.6,,,,2021,Nov,26135
Embassy Kathmandu,2021-11-19,16.02,0.0,82.68,,,,49.4,,,,2021,Nov,26135
Embassy Kathmandu,2021-11-20,16.18,0.24,81.2,,,,50.2,,,,2021,Nov,26135
Embassy Kathmandu,2021-11-21,15.78,0.0,77.94,,,,33.1,,,,2021,Nov,26135
Embassy Kathmandu,2021-11-22,14.59,0.0,79.81,,,,32.5,,,,2021,Nov,26135
Embassy Kathmandu,2021-11-23,13.13,0.0,82.4,,,,94.0,,,,2021,Nov,26135
Embassy Kathmandu,2021-11-24,12.92,0.0,87.36,,,,74.9,,,,2021,Nov,26135
Embassy Kathmandu,2021-11-25,13.18,0.0,89.64,,,,72.3,,,,2021,Nov,26135
Embassy Kathmandu,2021-11-26,12.75,0.0,89.64,,,,66.7,,,,2021,Nov,26135
Embassy Kathmandu,2021-11-27,12.92,0.0,89.15,,,,66.8,,,,2021,Nov,26135
Embassy Kathmandu,2021-11-28,13.98,0.0,85.61,,,,69.5,,,,2021,Nov,26135
Embassy Kathmandu,2021-11-29,13.9,0.0,85.39,,,,57.5,,,,2021,Nov,26135
Embassy Kathmandu,2021-11-30,14.12,0.0,82.08,,,,50.6,,,,2021,Nov,26135
Embassy Kathmandu,2021-12-01,15.14,0.0,79.52,,,,51.0,,,,2021,Dec,23552
Embassy Kathmandu,2021-12-02,15.68,0.03,83.65,,,,45.3,,,,2021,Dec,23552
Embassy Kathmandu,2021-12-03,15.61,0.41,84.99,,,,39.5,,,,2021,Dec,23552
Embassy Kathmandu,2021-12-04,15.67,0.23,81.64,,,,44.7,,,,2021,Dec,23552
Embassy Kathmandu,2021-12-05,15.85,0.12,81.67,,,,28.0,,,,2021,Dec,23552
Embassy Kathmandu,2021-12-06,15.21,0.07,81.29,,,,71.9,,,,2021,Dec,23552
Embassy Kathmandu,2021-12-07,14.67,0.03,76.14,,,,36.9,,,,2021,Dec,23552
Embassy Kathmandu,2021-12-08,14.41,0.0,61.73,,,,49.3,,,,2021,Dec,23552
Embassy Kathmandu,2021-12-09,13.86,0.0,61.85,,,,47.8,,,,2021,Dec,23552
Embassy Kathmandu,2021-12-10,12.48,0.0,66.72,,,,44.9,,,,2021,Dec,23552
Embassy Kathmandu,2021-12-11,11.61,0.0,74.77,,,,52.2,,,,2021,Dec,23552
Embassy Kathmandu,2021-12-12,10.79,0.0,80.06,,,,54.3,,,,2021,Dec,23552
Embassy Kathmandu,2021-12-13,10.99,0.0,68.94,,,,62.6,,,,2021,Dec,23552
Embassy Kathmandu,2021-12-14,12.2,0.0,69.05,,,,64.4,,,,2021,Dec,23552
Embassy Kathmandu,2021-12-15,12.34,0.0,65.32,,,,62.3,,,,2021,Dec,23552
Embassy Kathmandu,2021-12-16,12.31,0.0,58.18,,,,61.4,,,,2021,Dec,23552
Embassy Kathmandu,2021-12-17,12.93,0.0,46.45,,,,112.0,,,,2021,Dec,23552
Embassy Kathmandu,2021-12-18,11.77,0.0,56.21,,,,79.6,,,,2021,Dec,23552
Embassy Kathmandu,2021-12-19,10.41,0.0,56.12,,,,62.3,,,,2021,Dec,23552
Embassy Kathmandu,2021-12-20,10.33,0.0,63.36,,,,66.1,,,,2021,Dec,23552
Embassy Kathmandu,2021-12-21,10.83,0.0,64.82,,,,66.3,,,,2021,Dec,23552
Embassy Kathmandu,2021-12-22,10.8,0.0,70.02,,,,69.4,,,,2021,Dec,23552
Embassy Kathmandu,2021-12-23,10.48,0.0,80.34,,,,66.8,,,,2021,Dec,23552
Embassy Kathmandu,2021-12-24,10.85,0.12,80.29,,,,71.2,,,,2021,Dec,23552
Embassy Kathmandu,2021-12-25,9.19,0.12,86.15,,,,78.8,,,,2021,Dec,23552
Embassy Kathmandu,2021-12-26,9.93,0.09,82.58,,,,72.8,,,,2021,Dec,23552
Embassy Kathmandu,2021-12-27,10.43,0.39,80.7,,,,81.2,,,,2021,Dec,23552
Embassy Kathmandu,2021-12-28,10.33,1.77,77.89,,,,68.5,,,,2021,Dec,23552
Embassy Kathmandu,2021-12-29,7.7,18.55,92.16,,,,39.4,,,,2021,Dec,23552
Embassy Kathmandu,2021-12-30,9.51,6.92,77.87,,,,63.6,,,,2021,Dec,23552
Embassy Kathmandu,2021-12-31,10.42,0.0,70.2,,,,103.0,,,,2021,Dec,23552
Embassy Kathmandu,2022-01-01,10.72,0.0,74.2,,,,80.3,,,,2022,Jan,16975
Embassy Kathmandu,2022-01-02,10.41,0.0,68.84,,,,74.9,,,,2022,Jan,16975
Embassy Kathmandu,2022-01-03,10.69,0.0,68.28,,,,81.7,,,,2022,Jan,16975
Embassy Kathmandu,2022-01-04,10.62,0.0,69.01,,,,77.2,,,,2022,Jan,16975
Embassy Kathmandu,2022-01-05,11.26,0.01,72.97,,,,76.3,,,,2022,Jan,16975
Embassy Kathmandu,2022-01-06,11.58,0.19,77.98,,,,54.8,,,,2022,Jan,16975
Embassy Kathmandu,2022-01-07,12.28,0.12,76.18,,,,48.4,,,,2022,Jan,16975
Embassy Kathmandu,2022-01-08,13.34,0.0,73.85,,,,58.7,,,,2022,Jan,16975
Embassy Kathmandu,2022-01-09,13.45,0.0,70.57,,,,56.0,,,,2022,Jan,16975
Embassy Kathmandu,2022-01-10,12.14,0.01,76.36,,,,55.5,,,,2022,Jan,16975
Embassy Kathmandu,2022-01-11,12.24,0.33,70.52,,,,55.0,,,,2022,Jan,16975
Embassy Kathmandu,2022-01-12,11.28,0.79,71.92,,,,58.7,,,,2022,Jan,16975
Embassy Kathmandu,2022-01-13,9.42,0.32,82.76,,,,36.1,,,,2022,Jan,16975
Embassy Kathmandu,2022-01-14,9.91,0.13,76.82,,,,64.6,,,,2022,Jan,16975
Embassy Kathmandu,2022-01-15,9.76,0.0,77.29,,,,67.2,,,,2022,Jan,16975
Embassy Kathmandu,2022-01-16,9.1,0.0,72.33,,,,63.0,,,,2022,Jan,16975
Embassy Kathmandu,2022-01-17,10.18,0.0,66.11,,,,75.0,,,,2022,Jan,16975
Embassy Kathmandu,2022-01-18,11.23,0.0,65.27,,,,69.8,,,,2022,Jan,16975
Embassy Kathmandu,2022-01-19,10.18,0.0,72.24,,,,50.5,,,,2022,Jan,16975
Embassy Kathmandu,2022-01-20,10.05,0.25,76.19,,,,57.8,,,,2022,Jan,16975
Embassy Kathmandu,2022-01-21,9.53,1.72,79.18,,,,56.6,,,,2022,Jan,16975
Embassy Kathmandu,2022-01-22,9.81,0.06,74.26,,,,70.8,,,,2022,Jan,16975
Embassy Kathmandu,2022-01-23,8.84,0.06,83.77,,,,71.5,,,,2022,Jan,16975
Embassy Kathmandu,2022-01-24,9.94,0.1,80.96,,,,73.9,,,,2022,Jan,16975
Embassy Kathmandu,2022-01-25,10.14,0.26,74.39,,,,90.7,,,,2022,Jan,16975
Embassy Kathmandu,2022-01-26,8.06,0.33,80.37,,,,56.3,,,,2022,Jan,16975
Embassy Kathmandu,2022-01-27,7.7,0.0,77.93,,,,56.3,,,,2022,Jan,16975
Embassy Kathmandu,2022-01-28,6.9,0.0,82.84,,,,59.6,,,,2022,Jan,16975
Embassy Kathmandu,2022-01-29,8.08,0.0,68.48,,,,68.2,,,,2022,Jan,16975
Embassy Kathmandu,2022-01-30,8.97,0.0,71.27,,,,66.7,,,,2022,Jan,16975
Embassy Kathmandu,2022-01-31,10.04,0.01,73.03,,,,77.8,,,,2022,Jan,16975
Embassy Kathmandu,2022-02-01,9.42,0.05,77.97,,,,72.2,,,,2022,Feb,19856
Embassy Kathmandu,2022-02-02,9.43,0.02,64.36,,,,84.9,,,,2022,Feb,19856
Embassy Kathmandu,2022-02-03,9.75,7.11,68.69,,,,107.0,,,,2022,Feb,19856
Embassy Kathmandu,2022-02-04,7.42,25.41,93.25,,,,22.7,,,,2022,Feb,19856
Embassy Kathmandu,2022-02-05,6.74,4.77,86.71,,,,33.8,,,,2022,Feb,19856
Embassy Kathmandu,2022-02-06,7.64,0.01,74.33,,,,40.1,,,,2022,Feb,19856
Embassy Kathmandu,2022-02-07,9.49,0.0,75.53,,,,41.2,,,,2022,Feb,19856
Embassy Kathmandu,2022-02-08,9.67,0.0,79.23,,,,43.5,,,,2022,Feb,19856
Embassy Kathmandu,2022-02-09,11.02,0.01,73.17,,,,44.4,,,,2022,Feb,19856
Embassy Kathmandu,2022-02-10,10.22,0.03,80.0,,,,38.2,,,,2022,Feb,19856
Embassy Kathmandu,2022-02-11,9.7,0.02,78.84,,,,37.1,,,,2022,Feb,19856
Embassy Kathmandu,2022-02-12,9.53,0.0,65.06,,,,36.3,,,,2022,Feb,19856
Embassy Kathmandu,2022-02-13,10.83,0.0,72.84,,,,51.8,,,,2022,Feb,19856
Embassy Kathmandu,2022-02-14,11.83,0.0,71.48,,,,56.6,,,,2022,Feb,19856
Embassy Kathmandu,2022-02-15,12.72,0.0,73.32,,,,57.6,,,,2022,Feb,19856
Embassy Kathmandu,2022-02-16,12.27,0.0,73.27,,,,52.8,,,,2022,Feb,19856
Embassy Kathmandu,2022-02-17,11.62,0.0,69.2,,,,55.5,,,,2022,Feb,19856
Embassy Kathmandu,2022-02-18,12.02,0.0,64.18,,,,58.6,,,,2022,Feb,19856
Embassy Kathmandu,2022-02-19,11.97,0.15,63.51,,,,58.6,,,,2022,Feb,19856
Embassy Kathmandu,2022-02-20,10.46,1.31,62.94,,,,45.0,,,,2022,Feb,19856
Embassy Kathmandu,2022-02-21,10.09,0.43,64.48,,,,34.0,,,,2022,Feb,19856
Embassy Kathmandu,2022-02-22,11.59,0.0,57.66,,,,58.8,,,,2022,Feb,19856
Embassy Kathmandu,2022-02-23,12.76,0.0,59.26,,,,71.1,,,,2022,Feb,19856
Embassy Kathmandu,2022-02-24,14.33,0.0,58.46,,,,63.2,,,,2022,Feb,19856
Embassy Kathmandu,2022-02-25,12.94,0.19,66.99,,,,51.2,,,,2022,Feb,19856
Embassy Kathmandu,2022-02-26,12.83,0.04,64.12,,,,19.5,,,,2022,Feb,19856
Embassy Kathmandu,2022-02-27,13.85,0.0,58.03,,,,45.0,,,,2022,Feb,19856
Embassy Kathmandu,2022-02-28,13.91,0.0,53.49,,,,49.5,,,,2022,Feb,19856
Embassy Kathmandu,2022-03-01,15.01,0.0,46.04,,,,67.5,,,,2022,Mar,42152
Embassy Kathmandu,2022-03-02,14.72,0.06,55.62,,,,78.2,,,,2022,Mar,42152
Embassy Kathmandu,2022-03-03,15.38,0.0,54.01,,,,53.1,,,,2022,Mar,42152
Embassy Kathmandu,2022-03-04,15.71,0.05,50.41,,,,72.4,,,,2022,Mar,42152
Embassy Kathmandu,2022-03-05,15.57,0.01,54.0,,,,49.5,,,,2022,Mar,42152
Embassy Kathmandu,2022-03-06,16.97,0.0,49.17,,,,52.5,,,,2022,Mar,42152
Embassy Kathmandu,2022-03-07,18.86,0.0,45.69,,,,59.0,,,,2022,Mar,42152
Embassy Kathmandu,2022-03-08,18.93,0.0,43.6,,,,49.5,,,,2022,Mar,42152
Embassy Kathmandu,2022-03-09,18.88,0.0,43.19,,,,48.1,,,,2022,Mar,42152
Embassy Kathmandu,2022-03-10,18.88,0.0,42.7,,,,48.0,,,,2022,Mar,42152
Embassy Kathmandu,2022-03-11,18.36,0.0,44.03,,,,55.6,,,,2022,Mar,42152
Embassy Kathmandu,2022-03-12,18.33,0.0,46.43,,,,53.8,,,,2022,Mar,42152
Embassy Kathmandu,2022-03-13,18.93,0.0,50.76,,,,51.1,,,,2022,Mar,42152
Embassy Kathmandu,2022-03-14,20.65,0.0,47.27,,,,52.3,,,,2022,Mar,42152
Embassy Kathmandu,2022-03-15,20.87,0.03,48.26,,,,54.7,,,,2022,Mar,42152
Embassy Kathmandu,2022-03-16,21.12,1.4,52.66,,,,57.8,,,,2022,Mar,42152
Embassy Kathmandu,2022-03-17,21.44,1.0,51.6,,,,56.4,,,,2022,Mar,42152
Embassy Kathmandu,2022-03-18,22.57,0.0,49.31,,,,65.6,,,,2022,Mar,42152
Embassy Kathmandu,2022-03-19,23.16,0.0,48.43,,,,63.7,,,,2022,Mar,42152
Embassy Kathmandu,2022-03-20,22.66,0.01,47.65,,,,65.2,,,,2022,Mar,42152
Embassy Kathmandu,2022-03-21,21.47,0.39,51.41,,,,70.9,,,,2022,Mar,42152
Embassy Kathmandu,2022-03-22,21.96,4.4,47.41,,,,111.0,,,,2022,Mar,42152
Embassy Kathmandu,2022-03-24,20.14,0.83,46.15,,,,53.3,,,,2022,Mar,42152
Embassy Kathmandu,2022-03-25,20.3,0.23,40.4,,,,50.3,,,,2022,Mar,42152
Embassy Kathmandu,2022-03-29,20.27,0.11,42.7,,,,100.0,,,,2022,Mar,42152
Embassy Kathmandu,2022-03-30,20.33,1.19,51.08,,,,87.2,,,,2022,Mar,42152
Embassy Kathmandu,2022-03-31,20.51,2.31,58.32,,,,75.4,,,,2022,Mar,42152
Embassy Kathmandu,2022-04-01,21.44,0.01,48.49,,,,77.5,,,,2022,Apr,61589
Embassy Kathmandu,2022-04-02,22.4,0.79,46.02,,,,76.2,,,,2022,Apr,61589
Embassy Kathmandu,2022-04-03,21.75,3.72,58.65,,,,52.4,,,,2022,Apr,61589
Embassy Kathmandu,2022-04-04,23.02,0.35,42.89,,,,62.7,,,,2022,Apr,61589
Embassy Kathmandu,2022-04-05,23.27,0.26,29.27,,,,62.6,,,,2022,Apr,61589
Embassy Kathmandu,2022-04-06,23.06,0.02,31.76,,,,64.0,,,,2022,Apr,61589
Embassy Kathmandu,2022-04-07,22.5,0.43,40.22,,,,68.3,,,,2022,Apr,61589
Embassy Kathmandu,2022-04-08,22.61,1.05,43.13,,,,69.3,,,,2022,Apr,61589
Embassy Kathmandu,2022-04-09,22.23,2.55,47.6,,,,70.5,,,,2022,Apr,61589
Embassy Kathmandu,2022-04-10,21.53,5.03,53.99,,,,60.0,,,,2022,Apr,61589
Embassy Kathmandu,2022-04-11,22.95,0.31,47.51,,,,82.7,,,,2022,Apr,61589
Embassy Kathmandu,2022-04-12,22.5,0.38,45.29,,,,51.3,,,,2022,Apr,61589
Embassy Kathmandu,2022-04-13,22.77,0.18,42.46,,,,54.8,,,,2022,Apr,61589
Embassy Kathmandu,2022-04-14,23.99,0.85,34.15,,,,38.4,,,,2022,Apr,61589
Embassy Kathmandu,2022-04-15,23.74,0.06,28.36,,,,38.0,,,,2022,Apr,61589
Embassy Kathmandu,2022-04-16,23.42,0.02,25.89,,,,48.7,,,,2022,Apr,61589
Embassy Kathmandu,2022-04-17,23.57,0.01,25.62,,,,58.3,,,,2022,Apr,61589
Embassy Kathmandu,2022-04-18,24.33,0.06,27.35,,,,91.1,,,,2022,Apr,61589
Embassy Kathmandu,2022-04-19,23.23,2.54,40.68,,,,108.0,,,,2022,Apr,61589
Embassy Kathmandu,2022-04-20,22.27,6.78,55.61,,,,53.9,,,,2022,Apr,61589
Embassy Kathmandu,2022-04-21,21.21,0.76,62.08,,,,39.0,,,,2022,Apr,61589
Embassy Kathmandu,2022-04-22,22.83,2.71,54.18,,,,36.1,,,,2022,Apr,61589
Embassy Kathmandu,2022-04-23,23.59,0.39,38.93,,,,41.1,,,,2022,Apr,61589
Embassy Kathmandu,2022-04-24,24.32,0.01,27.36,,,,68.0,,,,2022,Apr,61589
Embassy Kathmandu,2022-04-25,24.86,0.0,25.25,,,,99.2,,,,2022,Apr,61589
Embassy Kathmandu,2022-04-26,24.87,0.06,30.11,,,,97.9,,,,2022,Apr,61589
Embassy Kathmandu,2022-04-27,25.17,0.1,27.6,,,,63.8,,,,2022,Apr,61589
Embassy Kathmandu,2022-04-28,24.74,2.3,31.07,,,,80.5,,,,2022,Apr,61589
Embassy Kathmandu,2022-04-29,24.77,1.04,37.91,,,,65.4,,,,2022,Apr,61589
Embassy Kathmandu,2022-04-30,23.3,8.5,51.49,,,,38.0,,,,2022,Apr,61589
Embassy Kathmandu,2022-05-01,23.62,0.93,49.79,,,,29.9,,,,2022,May,54093
Embassy Kathmandu,2022-05-02,21.5,24.21,68.14,,,,40.9,,,,2022,May,54093
Embassy Kathmandu,2022-05-03,21.48,4.72,73.89,,,,29.4,,,,2022,May,54093
Embassy Kathmandu,2022-05-06,20.35,2.49,77.85,,,,19.3,,,,2022,May,54093
Embassy Kathmandu,2022-05-07,21.88,0.27,67.96,,,,19.8,,,,2022,May,54093
Embassy Kathmandu,2022-05-08,21.61,6.93,74.02,,,,23.0,,,,2022,May,54093
Embassy Kathmandu,2022-05-09,21.49,5.52,74.54,,,,26.6,,,,2022,May,54093
Embassy Kathmandu,2022-05-10,22.1,7.11,72.69,,,,32.6,,,,2022,May,54093
Embassy Kathmandu,2022-05-11,23.07,4.73,71.46,,,,20.6,,,,2022,May,54093
Embassy Kathmandu,2022-05-12,23.73,1.08,65.64,,,,25.4,,,,2022,May,54093
Embassy Kathmandu,2022-05-13,23.19,5.63,71.11,,,,28.6,,,,2022,May,54093
Embassy Kathmandu,2022-05-14,23.71,0.15,64.02,,,,37.2,,,,2022,May,54093
Embassy Kathmandu,2022-05-15,24.66,1.06,57.73,,,,51.8,,,,2022,May,54093
Embassy Kathmandu,2022-05-16,24.58,6.88,61.13,,,,39.5,,,,2022,May,54093
Embassy Kathmandu,2022-05-17,24.35,2.81,60.56,,,,34.8,,,,2022,May,54093
Embassy Kathmandu,2022-05-18,24.45,0.61,47.28,,,,33.3,,,,2022,May,54093
Embassy Kathmandu,2022-05-19,24.42,1.78,48.93,,,,35.6,,,,2022,May,54093
Embassy Kathmandu,2022-05-20,24.27,5.67,54.99,,,,92.2,,,,2022,May,54093
Embassy Kathmandu,2022-05-21,24.29,3.6,51.51,,,,28.1,,,,2022,May,54093
Embassy Kathmandu,2022-05-22,23.49,9.7,50.5,,,,19.5,,,,2022,May,54093
Embassy Kathmandu,2022-05-23,22.49,7.68,53.94,,,,72.1,,,,2022,May,54093
Embassy Kathmandu,2022-05-24,22.62,1.55,57.64,,,,28.8,,,,2022,May,54093
Embassy Kathmandu,2022-05-25,22.66,16.13,63.63,,,,32.6,,,,2022,May,54093
Embassy Kathmandu,2022-05-26,21.63,12.23,63.83,,,,18.6,,,,2022,May,54093
Embassy Kathmandu,2022-05-27,22.13,0.7,57.47,,,,12.6,,,,2022,May,54093
Embassy Kathmandu,2022-05-28,22.14,3.43,62.74,,,,28.1,,,,2022,May,54093
Embassy Kathmandu,2022-05-29,22.8,0.33,64.06,,,,36.3,,,,2022,May,54093
Embassy Kathmandu,2022-05-30,23.79,1.75,62.59,,,,39.3,,,,2022,May,54093
Embassy Kathmandu,2022-05-31,24.23,2.33,60.29,,,,32.7,,,,2022,May,54093
Embassy Kathmandu,2022-06-01,25.3,2.65,56.16,,,,35.9,,,,2022,Jun,46957
Embassy Kathmandu,2022-06-02,25.2,0.38,51.77,,,,76.6,,,,2022,Jun,46957
Embassy Kathmandu,2022-06-03,25.11,5.36,51.42,,,,36.4,,,,2022,Jun,46957
Embassy Kathmandu,2022-06-04,25.12,4.94,55.04,,,,41.0,,,,2022,Jun,46957
Embassy Kathmandu,2022-06-05,24.51,4.75,58.47,,,,44.2,,,,2022,Jun,46957
Embassy Kathmandu,2022-06-06,24.21,15.46,63.97,,,,52.0,,,,2022,Jun,46957
Embassy Kathmandu,2022-06-07,24.75,6.62,60.86,,,,45.1,,,,2022,Jun,46957
Embassy Kathmandu,2022-06-08,24.21,13.48,64.37,,,,35.7,,,,2022,Jun,46957
Embassy Kathmandu,2022-06-09,24.49,5.87,65.19,,,,37.2,,,,2022,Jun,46957
Embassy Kathmandu,2022-06-10,24.71,0.73,58.23,,,,44.4,,,,2022,Jun,46957
Embassy Kathmandu,2022-06-11,24.52,5.28,59.23,,,,42.8,,,,2022,Jun,46957
Embassy Kathmandu,2022-06-12,24.57,3.36,64.23,,,,35.6,,,,2022,Jun,46957
Embassy Kathmandu,2022-06-13,24.98,2.54,61.75,,,,38.5,,,,2022,Jun,46957
Embassy Kathmandu,2022-06-14,24.47,13.21,67.76,,,,38.5,,,,2022,Jun,46957
Embassy Kathmandu,2022-06-15,24.28,22.47,73.72,,,,38.1,,,,2022,Jun,46957
Embassy Kathmandu,2022-06-16,23.73,11.21,82.31,,,,36.2,,,,2022,Jun,46957
Embassy Kathmandu,2022-06-17,23.38,12.93,83.87,,,,17.7,,,,2022,Jun,46957
Embassy Kathmandu,2022-06-18,23.43,21.64,82.12,,,,19.0,,,,2022,Jun,46957
Embassy Kathmandu,2022-06-19,23.33,6.58,78.65,,,,16.1,,,,2022,Jun,46957
Embassy Kathmandu,2022-06-20,23.28,12.83,73.21,,,,24.8,,,,2022,Jun,46957
Embassy Kathmandu,2022-06-21,22.42,4.04,75.91,,,,21.0,,,,2022,Jun,46957
Embassy Kathmandu,2022-06-22,22.95,1.46,79.45,,,,20.0,,,,2022,Jun,46957
Embassy Kathmandu,2022-06-23,23.21,5.41,82.88,,,,13.4,,,,2022,Jun,46957
Embassy Kathmandu,2022-06-24,23.26,11.83,84.85,,,,18.3,,,,2022,Jun,46957
Embassy Kathmandu,2022-06-25,22.78,5.82,87.56,,,,15.9,,,,2022,Jun,46957
Embassy Kathmandu,2022-06-26,22.25,11.22,84.58,,,,7.27,,,,2022,Jun,46957
Embassy Kathmandu,2022-06-27,22.78,11.34,87.97,,,,14.7,,,,2022,Jun,46957
Embassy Kathmandu,2022-06-28,22.01,18.9,92.7,,,,11.9,,,,2022,Jun,46957
Embassy Kathmandu,2022-06-29,21.1,5.43,93.86,,,,8.54,,,,2022,Jun,46957
Embassy Kathmandu,2022-06-30,21.67,1.41,88.01,,,,9.9,,,,2022,Jun,46957
Embassy Kathmandu,2022-07-01,23.02,14.67,86.35,,,,18.0,,,,2022,Jul,44462
Embassy Kathmandu,2022-07-02,22.88,9.36,87.64,,,,20.6,,,,2022,Jul,44462
Embassy Kathmandu,2022-07-03,22.93,2.18,86.84,,,,14.6,,,,2022,Jul,44462
Embassy Kathmandu,2022-07-04,23.45,2.5,88.51,,,,12.7,,,,2022,Jul,44462
Embassy Kathmandu,2022-07-05,23.15,0.77,89.1,,,,14.5,,,,2022,Jul,44462
Embassy Kathmandu,2022-07-06,24.11,3.84,85.5,,,,19.3,,,,2022,Jul,44462
Embassy Kathmandu,2022-07-07,23.95,7.98,87.7,,,,12.8,,,,2022,Jul,44462
Embassy Kathmandu,2022-07-08,23.39,22.21,89.46,,,,11.9,,,,2022,Jul,44462
Embassy Kathmandu,2022-07-09,23.31,4.11,85.65,,,,9.06,,,,2022,Jul,44462
Embassy Kathmandu,2022-07-10,23.78,3.64,82.71,,,,7.89,,,,2022,Jul,44462
Embassy Kathmandu,2022-07-11,23.53,2.88,87.21,,,,14.2,,,,2022,Jul,44462
Embassy Kathmandu,2022-07-12,23.81,2.64,86.6,,,,9.29,,,,2022,Jul,44462
Embassy Kathmandu,2022-07-13,23.33,1.35,85.24,,,,10.2,,,,2022,Jul,44462
Embassy Kathmandu,2022-07-14,24.07,0.52,83.61,,,,13.3,,,,2022,Jul,44462
Embassy Kathmandu,2022-07-15,23.77,0.05,80.13,,,,9.77,,,,2022,Jul,44462
Embassy Kathmandu,2022-07-16,24.27,0.01,82.35,,,,9.65,,,,2022,Jul,44462
Embassy Kathmandu,2022-07-17,24.45,1.57,80.56,,,,10.6,,,,2022,Jul,44462
Embassy Kathmandu,2022-07-18,23.53,9.98,85.12,,,,11.8,,,,2022,Jul,44462
Embassy Kathmandu,2022-07-19,23.37,5.22,86.85,,,,7.98,,,,2022,Jul,44462
Embassy Kathmandu,2022-07-20,23.48,15.27,84.45,,,,10.8,,,,2022,Jul,44462
Embassy Kathmandu,2022-07-21,22.54,19.06,92.21,,,,11.7,,,,2022,Jul,44462
Embassy Kathmandu,2022-07-22,23.06,12.78,86.71,,,,7.0,,,,2022,Jul,44462
Embassy Kathmandu,2022-07-27,22.15,16.54,87.03,,,,9.31,,,,2022,Jul,44462
Embassy Kathmandu,2022-07-28,22.62,14.42,84.75,,,,4.5,,,,2022,Jul,44462
Embassy Kathmandu,2022-07-29,22.01,6.86,83.91,,,,10.1,,,,2022,Jul,44462
Embassy Kathmandu,2022-07-30,22.17,9.5,84.55,,,,7.98,,,,2022,Jul,44462
Embassy Kathmandu,2022-07-31,22.61,21.54,88.51,,,,6.43,,,,2022,Jul,44462
Embassy Kathmandu,2022-08-01,22.05,22.83,94.92,,,,4.89,,,,2022,Aug,41304
Embassy Kathmandu,2022-08-02,21.63,15.24,93.06,,,,6.35,,,,2022,Aug,41304
Embassy Kathmandu,2022-08-03,22.87,2.07,85.14,,,,10.2,,,,2022,Aug,41304
Embassy Kathmandu,2022-08-04,22.37,3.87,93.5,,,,10.9,,,,2022,Aug,41304
Embassy Kathmandu,2022-08-05,23.08,2.05,87.99,,,,13.7,,,,2022,Aug,41304
Embassy Kathmandu,2022-08-06,22.75,15.07,88.17,,,,9.63,,,,2022,Aug,41304
Embassy Kathmandu,2022-08-07,23.33,2.38,89.57,,,,8.81,,,,2022,Aug,41304
Embassy Kathmandu,2022-08-08,23.44,3.41,88.07,,,,7.94,,,,2022,Aug,41304
Embassy Kathmandu,2022-08-09,23.72,5.51,87.06,,,,5.32,,,,2022,Aug,41304
Embassy Kathmandu,2022-08-10,22.85,14.18,87.84,,,,6.27,,,,2022,Aug,41304
Embassy Kathmandu,2022-08-11,23.01,0.5,86.86,,,,7.04,,,,2022,Aug,41304
Embassy Kathmandu,2022-08-12,23.21,0.33,87.91,,,,46.7,,,,2022,Aug,41304
Embassy Kathmandu,2022-08-13,23.48,4.03,88.53,,,,10.1,,,,2022,Aug,41304
Embassy Kathmandu,2022-08-14,23.16,12.81,85.48,,,,5.58,,,,2022,Aug,41304
Embassy Kathmandu,2022-08-15,22.52,0.44,85.95,,,,4.73,,,,2022,Aug,41304
Embassy Kathmandu,2022-08-16,22.69,0.63,87.17,,,,52.1,,,,2022,Aug,41304
Embassy Kathmandu,2022-08-17,22.78,2.7,89.99,,,,10.2,,,,2022,Aug,41304
Embassy Kathmandu,2022-08-18,23.07,4.92,89.16,,,,11.8,,,,2022,Aug,41304
Embassy Kathmandu,2022-08-19,22.92,18.02,87.08,,,,5.16,,,,2022,Aug,41304
Embassy Kathmandu,2022-08-20,23.51,8.79,83.43,,,,6.02,,,,2022,Aug,41304
Embassy Kathmandu,2022-08-21,22.69,0.92,88.37,,,,5.51,,,,2022,Aug,41304
Embassy Kathmandu,2022-08-22,23.28,0.5,84.77,,,,9.65,,,,2022,Aug,41304
Embassy Kathmandu,2022-08-23,23.09,10.08,87.9,,,,12.8,,,,2022,Aug,41304
Embassy Kathmandu,2022-08-24,22.81,4.06,84.54,,,,6.33,,,,2022,Aug,41304
Embassy Kathmandu,2022-08-25,22.34,2.26,90.87,,,,4.64,,,,2022,Aug,41304
Embassy Kathmandu,2022-08-26,22.78,5.29,88.73,,,,10.1,,,,2022,Aug,41304
Embassy Kathmandu,2022-08-27,22.53,20.81,88.53,,,,12.7,,,,2022,Aug,41304
Embassy Kathmandu,2022-08-28,21.89,22.21,89.59,,,,6.02,,,,2022,Aug,41304
Embassy Kathmandu,2022-08-29,21.99,1.62,90.11,,,,7.62,,,,2022,Aug,41304
Embassy Kathmandu,2022-08-30,21.98,2.08,91.91,,,,8.96,,,,2022,Aug,41304
Embassy Kathmandu,2022-08-31,22.15,5.97,93.75,,,,11.2,,,,2022,Aug,41304
Embassy Kathmandu,2022-09-01,21.68,18.7,95.6,,,,17.1,,,,2022,Sep,58314
Embassy Kathmandu,2022-09-02,22.3,5.7,93.02,,,,11.1,,,,2022,Sep,58314
Embassy Kathmandu,2022-09-03,22.21,7.05,91.55,,,,14.0,,,,2022,Sep,58314
Embassy Kathmandu,2022-09-04,22.36,6.53,89.64,,,,11.8,,,,2022,Sep,58314
Embassy Kathmandu,2022-09-05,22.07,7.2,88.36,,,,18.1,,,,2022,Sep,58314
Embassy Kathmandu,2022-09-06,22.25,17.88,90.01,,,,15.8,,,,2022,Sep,58314
Embassy Kathmandu,2022-09-07,22.1,10.33,91.11,,,,11.0,,,,2022,Sep,58314
Embassy Kathmandu,2022-09-08,21.78,5.47,92.89,,,,17.9,,,,2022,Sep,58314
Embassy Kathmandu,2022-09-09,21.17,4.9,88.38,,,,15.6,,,,2022,Sep,58314
Embassy Kathmandu,2022-09-10,21.73,8.93,89.19,,,,11.9,,,,2022,Sep,58314
Embassy Kathmandu,2022-09-11,21.91,2.47,89.53,,,,10.3,,,,2022,Sep,58314
Embassy Kathmandu,2022-09-12,21.34,1.58,88.08,,,,3.68,,,,2022,Sep,58314
Embassy Kathmandu,2022-09-13,20.57,3.2,88.29,,,,6.89,,,,2022,Sep,58314
Embassy Kathmandu,2022-09-14,20.85,6.11,89.92,,,,6.11,,,,2022,Sep,58314
Embassy Kathmandu,2022-09-15,21.25,10.38,90.35,,,,7.19,,,,2022,Sep,58314
Embassy Kathmandu,2022-09-16,21.54,10.62,89.88,,,,8.72,,,,2022,Sep,58314
Embassy Kathmandu,2022-09-17,22.03,2.59,89.41,,,,14.2,,,,2022,Sep,58314
Embassy Kathmandu,2022-09-18,21.65,0.55,88.93,,,,12.8,,,,2022,Sep,58314
Embassy Kathmandu,2022-09-19,22.56,1.32,86.08,,,,10.9,,,,2022,Sep,58314
Embassy Kathmandu,2022-09-20,22.37,0.52,85.53,,,,14.2,,,,2022,Sep,58314
Embassy Kathmandu,2022-09-21,22.6,0.53,87.89,,,,12.1,,,,2022,Sep,58314
Embassy Kathmandu,2022-09-22,22.37,0.84,88.49,,,,12.1,,,,2022,Sep,58314
Embassy Kathmandu,2022-09-23,21.8,7.53,90.51,,,,9.54,,,,2022,Sep,58314
Embassy Kathmandu,2022-09-24,22.07,5.59,90.93,,,,6.27,,,,2022,Sep,58314
Embassy Kathmandu,2022-09-25,21.04,13.19,93.32,,,,13.9,,,,2022,Sep,58314
Embassy Kathmandu,2022-09-26,21.0,6.54,91.17,,,,14.4,,,,2022,Sep,58314
Embassy Kathmandu,2022-09-27,21.02,2.14,90.92,,,,10.4,,,,2022,Sep,58314
Embassy Kathmandu,2022-09-28,21.01,1.03,90.48,,,,15.1,,,,2022,Sep,58314
Embassy Kathmandu,2022-09-29,21.26,0.19,86.92,,,,14.7,,,,2022,Sep,58314
Embassy Kathmandu,2022-09-30,21.2,0.01,85.8,,,,17.3,,,,2022,Sep,58314
Embassy Kathmandu,2022-10-01,21.59,0.03,82.03,,,,20.7,,,,2022,Oct,88582
Embassy Kathmandu,2022-10-02,22.4,2.09,77.25,,,,18.5,,,,2022,Oct,88582
Embassy Kathmandu,2022-10-03,22.72,12.02,82.5,,,,13.6,,,,2022,Oct,88582
Embassy Kathmandu,2022-10-04,20.85,12.69,92.7,,,,7.13,,,,2022,Oct,88582
Embassy Kathmandu,2022-10-05,19.75,23.73,89.66,,,,3.05,,,,2022,Oct,88582
Embassy Kathmandu,2022-10-06,19.63,17.99,83.72,,,,3.43,,,,2022,Oct,88582
Embassy Kathmandu,2022-10-07,20.44,6.21,88.69,,,,7.46,,,,2022,Oct,88582
Embassy Kathmandu,2022-10-08,20.65,1.87,89.91,,,,6.31,,,,2022,Oct,88582
Embassy Kathmandu,2022-10-09,20.71,5.8,90.71,,,,6.42,,,,2022,Oct,88582
Embassy Kathmandu,2022-10-10,20.09,1.05,82.5,,,,8.4,,,,2022,Oct,88582
Embassy Kathmandu,2022-10-11,20.23,3.08,85.02,,,,11.6,,,,2022,Oct,88582
Embassy Kathmandu,2022-10-12,19.25,3.4,82.8,,,,9.09,,,,2022,Oct,88582
Embassy Kathmandu,2022-10-13,18.76,0.29,81.83,,,,9.06,,,,2022,Oct,88582
Embassy Kathmandu,2022-10-14,18.55,0.05,74.29,,,,8.15,,,,2022,Oct,88582
Embassy Kathmandu,2022-10-15,18.83,0.02,78.01,,,,11.4,,,,2022,Oct,88582
Embassy Kathmandu,2022-10-16,18.92,0.0,77.78,,,,15.4,,,,2022,Oct,88582
Embassy Kathmandu,2022-10-17,18.31,0.0,69.15,,,,13.9,,,,2022,Oct,88582
Embassy Kathmandu,2022-10-18,17.87,0.0,71.16,,,,19.0,,,,2022,Oct,88582
Embassy Kathmandu,2022-10-19,17.14,0.0,74.85,,,,42.0,,,,2022,Oct,88582
Embassy Kathmandu,2022-10-20,17.12,0.0,75.98,,,,28.7,,,,2022,Oct,88582
Embassy Kathmandu,2022-10-21,17.68,0.0,68.93,,,,32.9,,,,2022,Oct,88582
Embassy Kathmandu,2022-10-22,17.92,0.0,62.98,,,,27.1,,,,2022,Oct,88582
Embassy Kathmandu,2022-10-23,18.25,0.0,58.76,,,,26.9,,,,2022,Oct,88582
Embassy Kathmandu,2022-10-24,18.59,0.0,66.16,,,,23.5,,,,2022,Oct,88582
Embassy Kathmandu,2022-10-25,16.93,0.0,87.68,-0.999,,,17.2,,,,2022,Oct,88582
Embassy Kathmandu,2022-10-26,16.71,0.01,85.1,-0.999,,,18.3,,,,2022,Oct,88582
Embassy Kathmandu,2022-10-27,16.31,0.0,82.59,-0.999,,,,,,,2022,Oct,88582
Embassy Kathmandu,2022-10-28,16.77,0.0,80.55,-0.999,,,,,,,2022,Oct,88582
Embassy Kathmandu,2022-10-29,16.94,0.0,79.34,-0.999,,,,,,,2022,Oct,88582
Embassy Kathmandu,2022-10-30,17.45,0.0,78.89,-0.999,,,,,,,2022,Oct,88582
Embassy Kathmandu,2022-10-31,17.88,0.0,76.36,-0.999,,,,,,,2022,Oct,88582
Embassy Kathmandu,2022-11-01,17.28,0.0,79.03,-0.999,,,,,,,2022,Nov,72653
Embassy Kathmandu,2022-11-02,16.61,0.0,82.69,-0.999,,,,,,,2022,Nov,72653
Embassy Kathmandu,2022-11-03,16.36,0.0,87.79,-0.999,,,,,,,2022,Nov,72653
Embassy Kathmandu,2022-11-04,17.08,0.0,82.79,-0.999,,,,,,,2022,Nov,72653
Embassy Kathmandu,2022-11-05,17.59,0.0,78.23,-0.999,,,,,,,2022,Nov,72653
Embassy Kathmandu,2022-11-06,17.04,0.0,78.08,-0.999,,,,,,,2022,Nov,72653
Embassy Kathmandu,2022-11-07,16.39,0.0,82.62,-0.999,,,,,,,2022,Nov,72653
Embassy Kathmandu,2022-11-08,15.99,0.0,88.67,-0.999,,,,,,,2022,Nov,72653
Embassy Kathmandu,2022-11-09,16.09,0.0,80.25,-0.999,,,,,,,2022,Nov,72653
Embassy Kathmandu,2022-11-10,15.7,0.0,74.47,-0.999,,,,,,,2022,Nov,72653
Embassy Kathmandu,2022-11-11,15.04,0.0,79.17,-0.999,,,49.0,,,,2022,Nov,72653
Embassy Kathmandu,2022-11-12,14.88,0.0,74.21,-0.999,,,,,,,2022,Nov,72653
Embassy Kathmandu,2022-11-13,14.4,0.0,75.06,-0.999,,,,,,,2022,Nov,72653
Embassy Kathmandu,2022-11-14,14.94,0.0,66.74,-0.999,,,,,,,2022,Nov,72653
Embassy Kathmandu,2022-11-15,15.02,0.0,75.45,-0.999,,,,,,,2022,Nov,72653
Embassy Kathmandu,2022-11-16,14.68,0.07,79.63,-0.999,,,,,,,2022,Nov,72653
Embassy Kathmandu,2022-11-17,14.01,0.0,78.86,-0.999,,,60.0,,,,2022,Nov,72653
Embassy Kathmandu,2022-11-18,13.64,0.0,74.24,-0.999,,,,,,,2022,Nov,72653
Embassy Kathmandu,2022-11-19,15.26,0.0,69.98,-0.999,,,,,,,2022,Nov,72653
Embassy Kathmandu,2022-11-20,15.7,0.0,71.62,-0.999,,,,,,,2022,Nov,72653
Embassy Kathmandu,2022-11-21,15.19,0.0,78.2,-0.999,,,,,,,2022,Nov,72653
Embassy Kathmandu,2022-11-22,15.0,0.0,76.89,-0.999,,,,,,,2022,Nov,72653
Embassy Kathmandu,2022-11-23,14.13,0.0,74.61,-0.999,,,,,,,2022,Nov,72653
Embassy Kathmandu,2022-11-24,14.0,0.0,68.98,-0.999,,,,,,,2022,Nov,72653
Embassy Kathmandu,2022-11-25,16.49,0.0,58.15,-0.999,,,,,,,2022,Nov,72653
Embassy Kathmandu,2022-11-26,16.02,0.0,63.82,-0.999,,,36.0,,,,2022,Nov,72653
Embassy Kathmandu,2022-11-27,14.38,0.0,76.3,-0.999,,,34.0,,,,2022,Nov,72653
Embassy Kathmandu,2022-11-28,13.96,0.0,72.96,-0.999,,,,,,,2022,Nov,72653
Embassy Kathmandu,2022-11-29,14.9,0.0,68.62,-0.999,,,,,,,2022,Nov,72653
Embassy Kathmandu,2022-11-30,15.08,0.0,67.55,-0.999,,,,,,,2022,Nov,72653
Embassy Kathmandu,2022-12-01,13.87,0.0,65.13,-0.999,,,,,,,2022,Dec,67932
Embassy Kathmandu,2022-12-02,14.21,0.0,66.99,-0.999,,,,,,,2022,Dec,67932
Embassy Kathmandu,2022-12-03,14.13,0.0,67.91,-0.999,,,,,,,2022,Dec,67932
Embassy Kathmandu,2022-12-04,14.23,0.0,67.97,-0.999,,,,,,,2022,Dec,67932
Embassy Kathmandu,2022-12-05,13.92,0.0,70.84,-0.999,,,30.0,,,,2022,Dec,67932
Embassy Kathmandu,2022-12-06,13.23,0.0,67.06,-0.999,,,52.0,,,,2022,Dec,67932
Embassy Kathmandu,2022-12-07,13.11,0.0,70.4,-0.999,,,,,,,2022,Dec,67932
Embassy Kathmandu,2022-12-08,13.3,0.0,64.6,-0.999,,,,,,,2022,Dec,67932
Embassy Kathmandu,2022-12-09,13.55,0.0,63.58,-0.999,,,,,,,2022,Dec,67932
Embassy Kathmandu,2022-12-10,14.1,0.0,64.72,-0.999,,,63.0,,,,2022,Dec,67932
Embassy Kathmandu,2022-12-11,13.58,0.0,67.84,-0.999,,,,,,,2022,Dec,67932
Embassy Kathmandu,2022-12-12,13.81,0.0,65.28,-0.999,,,59.0,,,,2022,Dec,67932
Embassy Kathmandu,2022-12-13,13.89,0.0,64.45,-0.999,,,60.0,,,,2022,Dec,67932
Embassy Kathmandu,2022-12-14,13.1,0.0,68.99,-0.999,,,,,,,2022,Dec,67932
Embassy Kathmandu,2022-12-15,12.32,0.0,71.4,-0.999,,,,,,,2022,Dec,67932
Embassy Kathmandu,2022-12-16,11.76,0.0,71.55,-0.999,,,64.0,,,,2022,Dec,67932
Embassy Kathmandu,2022-12-17,12.76,0.0,66.21,-0.999,,,115.0,,,,2022,Dec,67932
Embassy Kathmandu,2022-12-18,13.41,0.0,71.41,-0.999,,,,,,,2022,Dec,67932
Embassy Kathmandu,2022-12-19,13.3,0.0,77.04,-0.999,,,,,,,2022,Dec,67932
Embassy Kathmandu,2022-12-20,12.82,0.0,78.49,-0.999,,,,,,,2022,Dec,67932
Embassy Kathmandu,2022-12-21,12.93,0.0,77.23,-0.999,,,51.0,,,,2022,Dec,67932
Embassy Kathmandu,2022-12-22,12.39,0.0,64.39,-0.999,,,,,,,2022,Dec,67932
Embassy Kathmandu,2022-12-23,12.6,0.0,50.85,-0.999,,,,,,,2022,Dec,67932
Embassy Kathmandu,2022-12-24,10.88,0.01,56.4,-0.999,,,,,,,2022,Dec,67932
Embassy Kathmandu,2022-12-25,13.17,0.0,59.37,-0.999,,,,,,,2022,Dec,67932
Embassy Kathmandu,2022-12-26,12.13,0.0,64.3,-0.999,,,47.0,,,,2022,Dec,67932
Embassy Kathmandu,2022-12-27,10.45,0.0,68.79,-0.999,,,,,,,2022,Dec,67932
Embassy Kathmandu,2022-12-28,9.59,0.0,65.51,-0.999,,,,,,,2022,Dec,67932
Embassy Kathmandu,2022-12-29,8.18,0.0,61.95,-0.999,,,111.0,,,,2022,Dec,67932
Embassy Kathmandu,2022-12-30,10.03,0.0,61.65,-0.999,,,,,,,2022,Dec,67932
Embassy Kathmandu,2022-12-31,9.87,0.0,69.78,-0.999,,,,,,,2022,Dec,67932
Embassy Kathmandu,2023-01-01,9.55,0.0,75.59,-0.999,,,,,,,2023,Jan,55074
Embassy Kathmandu,2023-01-02,9.83,0.0,73.46,-0.999,,,,,,,2023,Jan,55074
Embassy Kathmandu,2023-01-03,9.78,0.0,62.8,-0.999,,,62.3,,,,2023,Jan,55074
Embassy Kathmandu,2023-01-04,9.45,0.0,40.09,-0.999,,,,,,,2023,Jan,55074
Embassy Kathmandu,2023-01-05,9.42,0.0,43.03,-0.999,,,,,,,2023,Jan,55074
Embassy Kathmandu,2023-01-06,11.92,0.0,37.61,-0.999,,,,,,,2023,Jan,55074
Embassy Kathmandu,2023-01-07,12.66,0.0,34.6,-0.999,,,,,,,2023,Jan,55074
Embassy Kathmandu,2023-01-08,12.59,0.0,34.1,-0.999,,,,,,,2023,Jan,55074
Embassy Kathmandu,2023-01-09,12.6,0.0,37.54,-0.999,,,,,,,2023,Jan,55074
Embassy Kathmandu,2023-01-10,12.25,0.0,46.73,-0.999,,,,,,,2023,Jan,55074
Embassy Kathmandu,2023-01-11,10.64,0.0,55.87,-0.999,,,,,,,2023,Jan,55074
Embassy Kathmandu,2023-01-12,11.85,0.0,50.86,-0.999,,,,,,,2023,Jan,55074
Embassy Kathmandu,2023-01-16,9.72,0.0,66.12,-0.999,,,79.6,,,,2023,Jan,55074
Embassy Kathmandu,2023-01-17,9.43,0.0,62.87,-0.999,,,86.0,,,,2023,Jan,55074
Embassy Kathmandu,2023-01-18,9.54,0.0,59.05,-0.999,,,,,,,2023,Jan,55074
Embassy Kathmandu,2023-01-19,9.75,0.0,58.32,-0.999,,,89.0,,,,2023,Jan,55074
Embassy Kathmandu,2023-01-20,11.64,0.0,53.94,-0.999,,,,,,,2023,Jan,55074
Embassy Kathmandu,2023-01-21,12.32,0.0,49.69,-0.999,,,,,,,2023,Jan,55074
Embassy Kathmandu,2023-01-22,13.05,0.0,43.81,-0.999,,,,,,,2023,Jan,55074
Embassy Kathmandu,2023-01-23,13.46,0.0,39.7,-0.999,,,45.0,,,,2023,Jan,55074
Embassy Kathmandu,2023-01-24,13.82,0.0,45.3,-0.999,,,112.0,,,,2023,Jan,55074
Embassy Kathmandu,2023-01-25,14.91,0.0,47.19,-0.999,,,122.0,,,,2023,Jan,55074
Embassy Kathmandu,2023-01-26,15.32,0.0,52.46,-0.999,,,,,,,2023,Jan,55074
Embassy Kathmandu,2023-01-27,15.16,0.0,51.31,-0.999,,,17.0,,,,2023,Jan,55074
Embassy Kathmandu,2023-01-28,14.33,0.0,52.11,-0.999,,,62.0,,,,2023,Jan,55074
Embassy Kathmandu,2023-01-29,14.78,0.0,51.49,-0.999,,,,,,,2023,Jan,55074
Embassy Kathmandu,2023-01-30,15.81,0.0,42.08,-0.999,,,87.5,,,,2023,Jan,55074
Embassy Kathmandu,2023-01-31,15.81,0.0,39.17,-0.999,,,,,,,2023,Jan,55074
Embassy Kathmandu,2023-02-01,13.41,0.0,49.88,-0.999,,,,,,,2023,Feb,73255
Embassy Kathmandu,2023-02-02,12.55,0.0,49.91,-0.999,,,,,,,2023,Feb,73255
Embassy Kathmandu,2023-02-14,12.54,0.0,36.82,-0.999,,,,,,,2023,Feb,73255
Embassy Kathmandu,2023-02-15,12.28,0.0,38.51,-0.999,,,,,,,2023,Feb,73255
Embassy Kathmandu,2023-02-16,14.84,0.0,40.08,-0.999,,,,,,,2023,Feb,73255
Embassy Kathmandu,2023-03-19,14.81,3.26,81.44,-0.999,,,,,,,2023,Mar,99426
Embassy Kathmandu,2023-03-20,12.99,11.44,88.94,-0.999,,,,,,,2023,Mar,99426
Embassy Kathmandu,2023-03-21,13.62,8.38,75.97,-0.999,,,,,,,2023,Mar,99426
Embassy Kathmandu,2023-03-22,15.19,0.74,66.08,-0.999,,,15.0,,,,2023,Mar,99426
Embassy Kathmandu,2023-03-23,16.04,0.09,61.59,-0.999,,,23.0,,,,2023,Mar,99426
Embassy Kathmandu,2023-03-24,17.94,0.88,51.09,-0.999,,,32.0,,,,2023,Mar,99426
Embassy Kathmandu,2023-03-25,19.26,0.07,49.84,-0.999,,,32.0,,,,2023,Mar,99426
Embassy Kathmandu,2023-03-26,19.46,0.01,45.55,-0.999,,,,,,,2023,Mar,99426
Embassy Kathmandu,2023-03-27,18.78,0.06,38.15,-0.999,,,,,,,2023,Mar,99426
Embassy Kathmandu,2023-03-28,18.57,0.11,37.79,-0.999,,,69.4,,,,2023,Mar,99426
Embassy Kathmandu,2023-03-29,19.17,0.0,33.13,-0.999,,,77.0,,,,2023,Mar,99426
Embassy Kathmandu,2023-03-30,19.1,0.07,33.72,-0.999,,,115.0,,,,2023,Mar,99426
Embassy Kathmandu,2023-03-31,17.27,7.9,48.13,-0.999,,,,,,,2023,Mar,99426
Embassy Kathmandu,2023-04-01,16.38,3.57,58.87,-0.999,,,28.0,,,,2023,Apr,98773
Embassy Kathmandu,2023-04-02,15.95,1.02,59.27,-0.999,,,13.0,,,,2023,Apr,98773
Embassy Kathmandu,2023-04-03,18.81,1.15,52.79,-0.999,,,17.0,,,,2023,Apr,98773
Embassy Kathmandu,2023-04-04,19.93,1.51,48.75,-0.999,,,,,,,2023,Apr,98773
Embassy Kathmandu,2023-04-05,19.66,0.38,45.6,-0.999,,,41.0,,,,2023,Apr,98773
Embassy Kathmandu,2023-04-06,20.3,0.17,34.29,-0.999,,,56.5,,,,2023,Apr,98773
Embassy Kathmandu,2023-04-07,20.92,0.0,29.81,-0.999,,,109.0,,,,2023,Apr,98773
Embassy Kathmandu,2023-04-08,21.37,0.0,28.6,-0.999,,,82.9,,,,2023,Apr,98773
Embassy Kathmandu,2023-04-09,21.41,0.0,31.31,-0.999,,,112.0,,,,2023,Apr,98773
Embassy Kathmandu,2023-04-10,21.06,0.0,29.52,-0.999,,,64.7,,,,2023,Apr,98773
Embassy Kathmandu,2023-04-11,22.22,0.0,26.89,-0.999,,,101.0,,,,2023,Apr,98773
Embassy Kathmandu,2023-04-12,22.88,0.0,27.81,-0.999,,,,,,,2023,Apr,98773
Embassy Kathmandu,2023-04-13,23.12,0.0,30.73,-0.999,,,139.0,,,,2023,Apr,98773
Embassy Kathmandu,2023-04-14,23.61,0.0,31.16,-0.999,,,120.0,,,,2023,Apr,98773
Embassy Kathmandu,2023-04-15,24.67,0.0,31.51,-0.999,,,169.0,,,,2023,Apr,98773
Embassy Kathmandu,2023-04-16,25.06,0.0,31.68,-0.999,,,101.0,,,,2023,Apr,98773
Embassy Kathmandu,2023-04-17,24.61,0.0,31.19,-0.999,,,97.3,,,,2023,Apr,98773
Embassy Kathmandu,2023-04-18,25.61,0.0,29.7,-0.999,,,106.0,,,,2023,Apr,98773
Embassy Kathmandu,2023-04-19,25.45,0.0,32.52,-0.999,,,113.0,,,,2023,Apr,98773
Embassy Kathmandu,2023-04-20,25.74,0.03,33.53,-0.999,,,96.0,,,,2023,Apr,98773
Embassy Kathmandu,2023-04-21,24.23,1.72,34.87,-0.999,,,,,,,2023,Apr,98773
Embassy Kathmandu,2023-04-22,21.54,3.28,41.45,-0.999,,,,,,,2023,Apr,98773
Embassy Kathmandu,2023-04-23,20.81,2.72,43.94,-0.999,,,26.0,,,,2023,Apr,98773
Embassy Kathmandu,2023-04-24,20.08,3.64,50.83,-0.999,,,36.5,,,,2023,Apr,98773
Embassy Kathmandu,2023-04-26,21.01,0.25,41.14,-0.999,,,,,,,2023,Apr,98773
Embassy Kathmandu,2023-04-27,21.28,0.01,40.14,-0.999,,,93.0,,,,2023,Apr,98773
Embassy Kathmandu,2023-04-28,21.53,2.65,43.26,-0.999,,,188.0,,,,2023,Apr,98773
Embassy Kathmandu,2023-04-29,21.56,7.79,51.93,-0.999,,,82.0,,,,2023,Apr,98773
Embassy Kathmandu,2023-04-30,17.46,5.87,75.96,-0.999,,,89.5,,,,2023,Apr,98773
Embassy Kathmandu,2023-05-01,18.66,0.07,61.34,-0.999,,,55.0,,,,2023,May,77703
Embassy Kathmandu,2023-05-02,18.27,0.0,57.8,-0.999,,,42.0,,,,2023,May,77703
Embassy Kathmandu,2023-05-03,19.4,0.95,62.42,-0.999,,,35.0,,,,2023,May,77703
Embassy Kathmandu,2023-05-04,18.86,11.28,70.23,-0.999,,,21.0,,,,2023,May,77703
Embassy Kathmandu,2023-05-05,20.76,0.01,53.31,-0.999,,,45.0,,,,2023,May,77703
Embassy Kathmandu,2023-05-06,22.71,0.0,46.79,-0.999,,,33.0,,,,2023,May,77703
Embassy Kathmandu,2023-05-07,23.33,0.01,45.38,-0.999,,,34.3,,,,2023,May,77703
Embassy Kathmandu,2023-05-08,23.72,0.02,35.85,-0.999,,,38.9,,,,2023,May,77703
Embassy Kathmandu,2023-05-09,23.47,0.0,31.95,-0.999,,,44.8,,,,2023,May,77703
Embassy Kathmandu,2023-05-10,23.57,0.0,28.35,-0.999,,,55.2,,,,2023,May,77703
Embassy Kathmandu,2023-05-11,23.05,0.0,23.12,-0.999,,,,,,,2023,May,77703
Embassy Kathmandu,2023-05-12,23.22,0.0,33.16,-0.999,,,77.7,,,,2023,May,77703
Embassy Kathmandu,2023-05-13,24.68,0.09,42.07,-0.999,,,70.9,,,,2023,May,77703
Embassy Kathmandu,2023-05-14,24.57,3.17,46.77,-0.999,,,61.9,,,,2023,May,77703
Embassy Kathmandu,2023-05-15,22.79,11.18,56.19,-0.999,,,34.2,,,,2023,May,77703
Embassy Kathmandu,2023-05-16,22.66,2.37,53.11,-0.999,,,29.2,,,,2023,May,77703
Embassy Kathmandu,2023-05-17,22.97,13.32,56.58,-0.999,,,50.3,,,,2023,May,77703
Embassy Kathmandu,2023-05-18,22.54,3.45,62.84,-0.999,,,29.0,,,,2023,May,77703
Embassy Kathmandu,2023-05-19,22.97,1.13,51.75,-0.999,,,26.3,,,,2023,May,77703
Embassy Kathmandu,2023-05-20,23.06,0.39,43.2,-0.999,,,26.9,,,,2023,May,77703
Embassy Kathmandu,2023-05-21,23.81,0.91,41.88,-0.999,,,38.7,,,,2023,May,77703
Embassy Kathmandu,2023-05-22,24.5,4.31,47.85,-0.999,,,50.0,,,,2023,May,77703
Embassy Kathmandu,2023-05-23,23.78,3.52,56.1,-0.999,,,40.9,,,,2023,May,77703
Embassy Kathmandu,2023-05-24,23.32,0.43,60.39,-0.999,,,30.4,,,,2023,May,77703
Embassy Kathmandu,2023-05-25,22.53,4.88,63.57,-0.999,,,14.1,,,,2023,May,77703
Embassy Kathmandu,2023-05-26,21.94,2.32,57.21,-0.999,,,9.0,,,,2023,May,77703
Embassy Kathmandu,2023-05-27,21.88,11.68,58.48,-0.999,,,13.7,,,,2023,May,77703
Embassy Kathmandu,2023-05-28,21.69,1.88,63.2,-0.999,,,17.3,,,,2023,May,77703
Embassy Kathmandu,2023-05-29,24.05,0.08,52.74,-0.999,,,27.5,,,,2023,May,77703
Embassy Kathmandu,2023-05-30,25.83,0.0,43.0,-0.999,,,31.6,,,,2023,May,77703
Embassy Kathmandu,2023-05-31,27.05,0.0,38.83,-0.999,,,29.5,,,,2023,May,77703
Embassy Kathmandu,2023-06-01,25.98,0.0,41.9,-0.999,,,38.3,,,,2023,Jun,72250
Embassy Kathmandu,2023-06-02,25.63,0.05,39.0,-0.999,,,29.7,,,,2023,Jun,72250
Embassy Kathmandu,2023-06-03,26.11,0.01,37.85,-0.999,,,33.1,,,,2023,Jun,72250
Embassy Kathmandu,2023-06-04,26.43,0.0,38.62,-0.999,,,22.0,,,,2023,Jun,72250
Embassy Kathmandu,2023-06-05,26.22,0.03,39.71,-0.999,,,40.0,,,,2023,Jun,72250
Embassy Kathmandu,2023-06-06,26.66,0.4,41.34,-0.999,,,31.7,,,,2023,Jun,72250
Embassy Kathmandu,2023-06-07,27.13,0.92,40.99,-0.999,,,28.6,,,,2023,Jun,72250
Embassy Kathmandu,2023-06-08,28.03,0.01,37.42,-0.999,,,33.5,,,,2023,Jun,72250
Embassy Kathmandu,2023-06-09,28.35,0.0,35.96,-0.999,,,37.3,,,,2023,Jun,72250
Embassy Kathmandu,2023-06-10,27.07,0.08,46.5,-0.999,,,37.6,,,,2023,Jun,72250
Embassy Kathmandu,2023-06-11,27.12,3.82,49.66,-0.999,,,39.0,,,,2023,Jun,72250
Embassy Kathmandu,2023-06-12,26.48,12.7,57.58,-0.999,,,31.2,,,,2023,Jun,72250
Embassy Kathmandu,2023-06-13,24.93,17.44,70.13,-0.999,,,23.1,,,,2023,Jun,72250
Embassy Kathmandu,2023-06-14,24.85,23.53,69.37,-0.999,,,18.3,,,,2023,Jun,72250
Embassy Kathmandu,2023-06-15,26.31,9.98,61.51,-0.999,,,26.0,,,,2023,Jun,72250
Embassy Kathmandu,2023-06-16,26.5,0.7,57.22,-0.999,,,32.6,,,,2023,Jun,72250
Embassy Kathmandu,2023-06-17,27.76,6.56,52.7,-0.999,,,31.0,,,,2023,Jun,72250
Embassy Kathmandu,2023-06-18,26.83,15.45,61.24,-0.999,,,22.2,,,,2023,Jun,72250
Embassy Kathmandu,2023-06-19,26.33,6.06,62.35,-0.999,,,13.0,,,,2023,Jun,72250
Embassy Kathmandu,2023-06-20,26.28,0.53,58.49,-0.999,,,17.1,,,,2023,Jun,72250
Embassy Kathmandu,2023-06-21,25.64,1.16,58.16,-0.999,,,26.2,,,,2023,Jun,72250
Embassy Kathmandu,2023-06-22,25.46,2.73,65.1,-0.999,,,15.8,,,,2023,Jun,72250
Embassy Kathmandu,2023-06-23,25.98,0.04,69.35,-0.999,,,12.6,,,,2023,Jun,72250
Embassy Kathmandu,2023-06-24,24.51,0.01,77.6,-0.999,,,6.14,,,,2023,Jun,72250
Embassy Kathmandu,2023-06-25,24.67,0.06,73.25,-0.999,,,7.72,,,,2023,Jun,72250
Embassy Kathmandu,2023-06-26,25.47,0.33,68.51,-0.999,,,10.6,,,,2023,Jun,72250
Embassy Kathmandu,2023-06-27,24.51,5.93,75.65,-0.999,,,7.41,,,,2023,Jun,72250
Embassy Kathmandu,2023-06-28,23.66,5.34,77.98,-0.999,,,7.75,,,,2023,Jun,72250
Embassy Kathmandu,2023-06-29,23.39,8.97,82.77,-0.999,,,4.79,,,,2023,Jun,72250
Embassy Kathmandu,2023-06-30,22.77,5.27,85.82,-0.999,,,5.3,,,,2023,Jun,72250
Embassy Kathmandu,2023-07-01,22.85,17.57,85.86,-0.999,,,6.2,,,,2023,Jul,57726
Embassy Kathmandu,2023-07-02,24.23,7.88,82.54,-0.999,,,7.31,,,,2023,Jul,57726
Embassy Kathmandu,2023-07-03,23.39,17.1,87.64,-0.999,,,5.05,,,,2023,Jul,57726
Embassy Kathmandu,2023-07-04,22.58,34.34,90.66,-0.999,,,9.14,,,,2023,Jul,57726
Embassy Kathmandu,2023-07-05,22.34,6.83,88.74,-0.999,,,10.9,,,,2023,Jul,57726
Embassy Kathmandu,2023-07-06,23.73,0.88,82.47,-0.999,,,12.6,,,,2023,Jul,57726
Embassy Kathmandu,2023-07-07,23.65,1.6,83.73,-0.999,,,6.17,,,,2023,Jul,57726
Embassy Kathmandu,2023-07-08,23.85,0.63,86.81,-0.999,,,2.45,,,,2023,Jul,57726
Embassy Kathmandu,2023-07-09,24.2,1.02,87.6,-0.999,,,12.2,,,,2023,Jul,57726
Embassy Kathmandu,2023-07-10,24.03,5.21,86.76,-0.999,,,14.8,,,,2023,Jul,57726
Embassy Kathmandu,2023-07-11,23.9,7.98,87.91,-0.999,,,16.4,,,,2023,Jul,57726
Embassy Kathmandu,2023-07-12,24.22,4.97,87.58,-0.999,,,18.0,,,,2023,Jul,57726
Embassy Kathmandu,2023-07-13,22.9,25.14,92.79,-0.999,,,10.2,,,,2023,Jul,57726
Embassy Kathmandu,2023-07-14,22.52,22.53,90.66,-0.999,,,,,,,2023,Jul,57726
Embassy Kathmandu,2023-07-15,23.63,17.7,87.97,,,,6.0,,,,2023,Jul,57726
Embassy Kathmandu,2023-07-16,23.7,4.31,87.41,-0.999,,,10.6,,,,2023,Jul,57726
Embassy Kathmandu,2023-07-17,23.46,11.89,86.54,-0.999,,,6.56,,,,2023,Jul,57726
Embassy Kathmandu,2023-07-18,23.04,18.55,82.32,-0.999,,,5.7,,,,2023,Jul,57726
Embassy Kathmandu,2023-07-19,24.06,1.35,79.11,-0.999,,,7.44,,,,2023,Jul,57726
Embassy Kathmandu,2023-07-20,24.29,3.32,85.77,-0.999,,,11.7,,,,2023,Jul,57726
Embassy Kathmandu,2023-07-21,24.06,3.45,82.38,-0.999,,,11.2,,,,2023,Jul,57726
Embassy Kathmandu,2023-07-22,24.14,12.13,82.56,-0.999,,,,,,,2023,Jul,57726
Embassy Kathmandu,2023-07-23,23.82,13.26,85.35,-0.999,,,,,,,2023,Jul,57726
Embassy Kathmandu,2023-07-24,22.47,10.98,86.49,-0.999,,,,,,,2023,Jul,57726
Embassy Kathmandu,2023-07-25,22.83,20.54,86.51,-0.999,,,,,,,2023,Jul,57726
Embassy Kathmandu,2023-07-26,22.56,6.04,87.2,-0.999,,,,,,,2023,Jul,57726
Embassy Kathmandu,2023-07-27,22.88,5.74,85.45,-0.999,,,,,,,2023,Jul,57726
Embassy Kathmandu,2023-07-28,23.18,11.33,90.0,-0.999,,,,,,,2023,Jul,57726
Embassy Kathmandu,2023-07-29,22.94,32.43,93.02,-0.999,,,,,,,2023,Jul,57726
Embassy Kathmandu,2023-07-30,22.71,10.34,91.16,-0.999,,,,,,,2023,Jul,57726
Embassy Kathmandu,2023-07-31,24.01,12.75,85.99,-0.999,,,,,,,2023,Jul,57726
Embassy Kathmandu,2023-08-01,24.67,5.24,81.28,-0.999,,,,,,,2023,Aug,67153
Embassy Kathmandu,2023-08-02,24.0,5.68,86.68,-0.999,,,,,,,2023,Aug,67153
Embassy Kathmandu,2023-08-03,24.01,1.87,86.48,-0.999,,,10.3,,,,2023,Aug,67153
Embassy Kathmandu,2023-08-04,22.56,1.46,90.36,-0.999,,,8.73,,,,2023,Aug,67153
Embassy Kathmandu,2023-08-05,22.79,4.96,90.72,-0.999,,,7.7,,,,2023,Aug,67153
Embassy Kathmandu,2023-08-06,22.77,17.82,89.87,-0.999,,,9.05,,,,2023,Aug,67153
Embassy Kathmandu,2023-08-07,22.51,27.02,94.54,-0.999,,,8.11,,,,2023,Aug,67153
Embassy Kathmandu,2023-08-08,23.16,44.27,92.2,-0.999,,,6.84,,,,2023,Aug,67153
Embassy Kathmandu,2023-08-09,22.8,10.87,92.61,-0.999,,,11.7,,,,2023,Aug,67153
Embassy Kathmandu,2023-08-10,23.1,2.45,92.45,-0.999,,,6.47,,,,2023,Aug,67153
Embassy Kathmandu,2023-08-11,22.79,9.29,92.94,-0.999,,,10.6,,,,2023,Aug,67153
Embassy Kathmandu,2023-08-12,23.17,42.02,93.13,-0.999,,,7.14,,,,2023,Aug,67153
Embassy Kathmandu,2023-08-13,22.1,13.12,95.13,-0.999,,,8.76,,,,2023,Aug,67153
Embassy Kathmandu,2023-08-14,22.66,2.23,90.67,-0.999,,,15.2,,,,2023,Aug,67153
Embassy Kathmandu,2023-08-15,22.54,1.72,90.47,-0.999,,,15.2,,,,2023,Aug,67153
Embassy Kathmandu,2023-08-16,23.43,8.85,89.51,-0.999,,,11.0,,,,2023,Aug,67153
Embassy Kathmandu,2023-08-17,23.67,9.31,89.13,-0.999,,,13.3,,,,2023,Aug,67153
Embassy Kathmandu,2023-08-18,23.51,4.96,90.52,-0.999,,,10.5,,,,2023,Aug,67153
Embassy Kathmandu,2023-08-19,23.68,1.2,88.82,,,,10.3,,,,2023,Aug,67153
Embassy Kathmandu,2023-08-20,22.56,7.8,90.3,,,,7.33,,,,2023,Aug,67153
Embassy Kathmandu,2023-08-21,22.6,12.82,90.09,,,,7.96,,,,2023,Aug,67153
Embassy Kathmandu,2023-08-22,22.77,9.27,91.5,,,,6.29,,,,2023,Aug,67153
Embassy Kathmandu,2023-08-23,22.15,18.72,95.37,,,,6.05,,,,2023,Aug,67153
Embassy Kathmandu,2023-08-24,22.56,25.64,94.02,-0.999,,,6.84,,,,2023,Aug,67153
Embassy Kathmandu,2023-08-25,22.0,34.84,94.93,-0.999,,,3.28,,,,2023,Aug,67153
Embassy Kathmandu,2023-08-26,21.86,20.28,93.0,-0.999,,,4.98,,,,2023,Aug,67153
Embassy Kathmandu,2023-08-27,22.95,10.81,92.83,-0.999,,,10.1,,,,2023,Aug,67153
Embassy Kathmandu,2023-08-28,22.16,2.08,91.48,-0.999,,,21.7,,,,2023,Aug,67153
Embassy Kathmandu,2023-08-29,22.05,2.55,89.74,-0.999,,,21.0,,,,2023,Aug,67153
Embassy Kathmandu,2023-08-30,22.58,0.23,89.55,-0.999,,,25.0,,,,2023,Aug,67153
Embassy Kathmandu,2023-08-31,22.49,0.57,90.79,-0.999,,,21.0,,,,2023,Aug,67153
Embassy Kathmandu,2023-09-01,22.26,2.68,93.56,-0.999,,,22.8,,,,2023,Sep,91012
Embassy Kathmandu,2023-09-02,22.5,2.94,93.58,-0.999,,,23.9,,,,2023,Sep,91012
Embassy Kathmandu,2023-09-03,23.42,6.69,90.22,-0.999,,,16.5,,,,2023,Sep,91012
Embassy Kathmandu,2023-09-04,23.37,8.36,87.37,-0.999,,,7.27,,,,2023,Sep,91012
Embassy Kathmandu,2023-09-05,22.98,0.55,85.16,-0.999,,,16.1,,,,2023,Sep,91012
Embassy Kathmandu,2023-09-06,23.62,1.48,81.96,-0.999,,,17.5,,,,2023,Sep,91012
Embassy Kathmandu,2023-09-07,23.07,5.82,81.78,-0.399,,,11.1,,,,2023,Sep,91012
Embassy Kathmandu,2023-09-08,21.65,14.5,90.19,-0.143,,,7.55,,,,2023,Sep,91012
Embassy Kathmandu,2023-09-09,21.54,4.38,90.94,-0.195,,,6.65,,,,2023,Sep,91012
Embassy Kathmandu,2023-09-10,22.77,1.61,86.74,-0.183,,,8.93,,,,2023,Sep,91012
Embassy Kathmandu,2023-09-11,22.85,13.72,91.41,-0.203,,,10.6,,,,2023,Sep,91012
Embassy Kathmandu,2023-09-12,22.36,17.84,92.95,-0.175,,,14.3,,,,2023,Sep,91012
Embassy Kathmandu,2023-09-13,22.83,8.02,86.24,-0.0972,,,11.2,,,,2023,Sep,91012
Embassy Kathmandu,2023-09-14,22.88,7.5,89.39,-0.15,,,8.83,,,,2023,Sep,91012
Embassy Kathmandu,2023-09-15,22.31,0.7,89.95,-0.14,,,11.0,,,,2023,Sep,91012
Embassy Kathmandu,2023-09-16,22.75,0.34,85.95,-0.172,,,8.57,,,,2023,Sep,91012
Embassy Kathmandu,2023-09-17,22.78,2.3,87.35,-0.159,,,8.19,,,,2023,Sep,91012
Embassy Kathmandu,2023-09-18,22.73,3.51,86.29,-0.162,,,7.75,,,,2023,Sep,91012
Embassy Kathmandu,2023-09-19,22.33,8.68,88.08,-0.108,,,11.0,,,,2023,Sep,91012
Embassy Kathmandu,2023-09-20,22.16,4.2,85.03,-0.101,,,9.03,,,,2023,Sep,91012
Embassy Kathmandu,2023-09-21,21.69,3.73,89.77,-0.161,,,7.2,,,,2023,Sep,91012
Embassy Kathmandu,2023-09-22,21.13,11.24,89.28,-0.132,,,6.44,,,,2023,Sep,91012
Embassy Kathmandu,2023-09-23,20.81,9.3,90.09,-0.109,,,9.08,,,,2023,Sep,91012
Embassy Kathmandu,2023-09-24,21.41,4.0,88.62,-0.154,,,5.85,,,,2023,Sep,91012
Embassy Kathmandu,2023-09-25,20.95,1.0,89.9,-0.15,,,7.34,,,,2023,Sep,91012
Embassy Kathmandu,2023-09-26,21.79,1.12,90.01,-0.139,,,10.2,,,,2023,Sep,91012
Embassy Kathmandu,2023-09-27,21.93,1.75,91.31,-0.138,,,11.8,,,,2023,Sep,91012
Embassy Kathmandu,2023-09-28,22.34,2.75,87.38,-0.098,,,13.7,,,,2023,Sep,91012
Embassy Kathmandu,2023-09-29,23.13,0.58,82.21,-0.0891,,,15.3,,,,2023,Sep,91012
Embassy Kathmandu,2023-09-30,21.83,5.18,90.11,-0.0884,,,18.4,,,,2023,Sep,91012
Embassy Kathmandu,2023-10-01,21.58,5.34,91.23,-0.0696,,,17.3,,,,2023,Oct,117306
Embassy Kathmandu,2023-10-02,21.45,7.36,91.48,-0.108,,,11.1,,,,2023,Oct,117306
Embassy Kathmandu,2023-10-03,21.47,12.06,91.04,-0.073,,,11.3,,,,2023,Oct,117306
Embassy Kathmandu,2023-10-04,20.99,9.01,90.23,-0.149,,,5.36,,,,2023,Oct,117306
Embassy Kathmandu,2023-10-05,20.96,2.91,89.72,-0.124,,,3.14,,,,2023,Oct,117306
Embassy Kathmandu,2023-10-06,20.91,3.9,90.64,-0.112,,,4.8,,,,2023,Oct,117306
Embassy Kathmandu,2023-10-07,20.85,0.71,91.56,-0.131,,,7.14,,,,2023,Oct,117306
Embassy Kathmandu,2023-10-08,21.05,0.28,87.05,-0.0689,,,16.6,,,,2023,Oct,117306
Embassy Kathmandu,2023-10-09,20.69,0.76,88.19,-0.0951,,,34.2,,,,2023,Oct,117306
Embassy Kathmandu,2023-10-10,20.88,0.44,88.53,-0.0716,,,44.1,,,,2023,Oct,117306
Embassy Kathmandu,2023-10-11,20.49,0.83,78.14,-0.105,,,37.2,,,,2023,Oct,117306
Embassy Kathmandu,2023-10-12,19.79,1.38,76.67,-0.0109,,,32.3,,,,2023,Oct,117306
Embassy Kathmandu,2023-10-13,19.75,0.03,74.07,-0.0727,,,25.0,,,,2023,Oct,117306
Embassy Kathmandu,2023-10-14,18.97,0.04,76.98,-0.158,,,19.8,,,,2023,Oct,117306
Embassy Kathmandu,2023-10-15,18.57,0.02,84.23,-0.0698,,,17.9,,,,2023,Oct,117306
Embassy Kathmandu,2023-10-16,18.84,2.08,86.92,-0.114,,,22.7,,,,2023,Oct,117306
Embassy Kathmandu,2023-10-17,18.44,3.45,82.19,0.00848,,,13.6,,,,2023,Oct,117306
Embassy Kathmandu,2023-10-18,17.96,0.03,74.4,0.022,,,15.1,,,,2023,Oct,117306
Embassy Kathmandu,2023-10-19,17.46,0.0,74.68,0.0213,,,13.4,,,,2023,Oct,117306
Embassy Kathmandu,2023-10-20,17.23,0.0,73.61,0.0217,,,12.3,,,,2023,Oct,117306
Embassy Kathmandu,2023-10-21,17.25,0.0,70.8,0.0253,,,15.1,,,,2023,Oct,117306
Embassy Kathmandu,2023-10-22,17.68,0.0,67.16,0.024,,,15.7,,,,2023,Oct,117306
Embassy Kathmandu,2023-10-23,18.1,0.0,64.94,0.023,,,15.5,,,,2023,Oct,117306
Embassy Kathmandu,2023-10-24,18.19,0.0,64.95,0.0216,,,12.9,,,,2023,Oct,117306
Embassy Kathmandu,2023-10-25,18.23,0.0,70.24,0.0217,,,12.4,,,,2023,Oct,117306
Embassy Kathmandu,2023-10-26,17.78,0.0,75.24,0.0213,,,9.57,,,,2023,Oct,117306
Embassy Kathmandu,2023-10-27,17.05,0.0,79.54,0.0203,,,10.3,,,,2023,Oct,117306
Embassy Kathmandu,2023-10-28,17.03,0.0,76.28,0.0206,,,12.1,,,,2023,Oct,117306
Embassy Kathmandu,2023-10-29,17.19,0.0,78.31,0.0107,,,17.4,,,,2023,Oct,117306
Embassy Kathmandu,2023-10-30,17.9,0.0,72.76,0.00942,,,19.7,,,,2023,Oct,117306
Embassy Kathmandu,2023-10-31,18.46,0.0,72.19,0.0159,,,16.8,,,,2023,Oct,117306
Embassy Kathmandu,2023-11-01,18.01,0.0,75.96,0.0072,,,20.4,,,,2023,Nov,108630
Embassy Kathmandu,2023-11-02,17.67,0.0,77.37,0.0143,,,19.9,,,,2023,Nov,108630
Embassy Kathmandu,2023-11-03,17.48,0.0,74.04,-0.222,,,17.4,,,,2023,Nov,108630
Embassy Kathmandu,2023-11-04,16.6,0.0,74.94,-0.999,,,,,,,2023,Nov,108630
Embassy Kathmandu,2023-11-05,16.44,0.04,73.43,-0.999,,,,,,,2023,Nov,108630
Embassy Kathmandu,2023-11-06,16.19,0.0,73.68,-0.999,,,,,,,2023,Nov,108630
Embassy Kathmandu,2023-11-07,15.93,0.0,73.51,-0.634,,,31.7,,,,2023,Nov,108630
Embassy Kathmandu,2023-11-08,15.74,0.0,71.38,-0.329,,,32.5,,,,2023,Nov,108630
Embassy Kathmandu,2023-11-09,15.82,0.0,68.88,-0.278,,,,,,,2023,Nov,108630
Embassy Kathmandu,2023-11-10,16.27,0.0,72.17,0.0208,,,,,,,2023,Nov,108630
Embassy Kathmandu,2023-11-11,16.17,0.0,74.57,0.0192,,,,,,,2023,Nov,108630
Embassy Kathmandu,2023-11-12,16.0,0.0,78.03,0.00976,,,,,,,2023,Nov,108630
Embassy Kathmandu,2023-11-13,16.53,0.0,75.06,0.0127,,,,,,,2023,Nov,108630
Embassy Kathmandu,2023-11-14,17.3,0.0,69.99,-0.00129,,,,,,,2023,Nov,108630
Embassy Kathmandu,2023-11-15,16.91,0.0,78.45,0.00986,,,,,,,2023,Nov,108630
Embassy Kathmandu,2023-11-16,17.19,0.0,72.36,0.0196,,,,,,,2023,Nov,108630
Embassy Kathmandu,2023-11-17,17.72,0.0,65.92,0.0185,,,,,,,2023,Nov,108630
Embassy Kathmandu,2023-11-18,16.34,0.0,78.53,0.0152,,,,,,,2023,Nov,108630
Embassy Kathmandu,2023-11-19,16.5,0.0,83.22,0.0066,,,,,,,2023,Nov,108630
Embassy Kathmandu,2023-11-20,16.94,0.0,77.38,0.0101,,,,,,,2023,Nov,108630
Embassy Kathmandu,2023-11-21,15.95,0.0,73.87,0.0181,,,,,,,2023,Nov,108630
Embassy Kathmandu,2023-11-22,14.94,0.0,75.11,0.00887,,,,,,,2023,Nov,108630
Embassy Kathmandu,2023-11-23,15.34,0.0,68.75,0.0201,,,42.7,,,,2023,Nov,108630
Embassy Kathmandu,2023-11-24,15.74,0.0,69.9,0.0176,,,42.2,,,,2023,Nov,108630
Embassy Kathmandu,2023-11-25,15.49,0.0,74.17,0.019,,,38.5,,,,2023,Nov,108630
Embassy Kathmandu,2023-11-26,16.22,0.0,71.57,0.00795,,,43.9,,,,2023,Nov,108630
Embassy Kathmandu,2023-11-27,16.05,0.0,69.49,0.00595,,,46.5,,,,2023,Nov,108630
Embassy Kathmandu,2023-11-28,15.9,0.0,74.83,0.0169,,,47.0,,,,2023,Nov,108630
Embassy Kathmandu,2023-11-29,15.84,0.0,70.36,0.00643,,,43.3,,,,2023,Nov,108630
Embassy Kathmandu,2023-11-30,15.55,0.0,66.27,0.0135,,,53.7,,,,2023,Nov,108630
Embassy Kathmandu,2023-12-01,15.33,0.0,69.1,-0.00406,,,50.1,,,,2023,Dec,96574
Embassy Kathmandu,2023-12-02,15.75,0.0,61.34,0.0195,,,44.0,,,,2023,Dec,96574
Embassy Kathmandu,2023-12-03,15.68,0.0,59.27,0.00842,,,39.2,,,,2023,Dec,96574
Embassy Kathmandu,2023-12-04,15.74,0.0,59.0,0.0131,,,61.9,,,,2023,Dec,96574
Embassy Kathmandu,2023-12-05,15.83,0.03,64.98,0.0177,,,68.1,,,,2023,Dec,96574
Embassy Kathmandu,2023-12-06,15.12,2.52,68.67,0.00511,,,49.5,,,,2023,Dec,96574
Embassy Kathmandu,2023-12-07,13.81,0.9,70.41,0.0126,,,104.0,,,,2023,Dec,96574
Embassy Kathmandu,2023-12-08,12.75,0.03,73.44,-0.104,,,109.0,,,,2023,Dec,96574
Embassy Kathmandu,2023-12-09,12.55,0.0,68.39,-0.999,,,,,,,2023,Dec,96574
Embassy Kathmandu,2023-12-10,12.07,0.0,64.66,-0.999,,,,,,,2023,Dec,96574
Embassy Kathmandu,2023-12-11,11.92,0.01,62.19,-0.635,,,66.4,,,,2023,Dec,96574
Embassy Kathmandu,2023-12-12,11.9,0.0,63.02,-0.209,,,48.6,,,,2023,Dec,96574
Embassy Kathmandu,2023-12-13,11.81,0.0,61.83,0.0168,,,46.9,,,,2023,Dec,96574
Embassy Kathmandu,2023-12-14,11.7,0.0,61.2,0.0191,,,50.5,,,,2023,Dec,96574
Embassy Kathmandu,2023-12-15,11.79,0.0,58.35,0.0164,,,61.5,,,,2023,Dec,96574
Embassy Kathmandu,2023-12-16,12.3,0.0,58.24,0.0175,,,68.6,,,,2023,Dec,96574
Embassy Kathmandu,2023-12-17,12.05,0.0,56.55,0.0124,,,65.6,,,,2023,Dec,96574
Embassy Kathmandu,2023-12-18,12.04,0.0,51.01,0.0197,,,56.0,,,,2023,Dec,96574
Embassy Kathmandu,2023-12-19,11.89,0.0,55.96,0.0216,,,51.3,,,,2023,Dec,96574
Embassy Kathmandu,2023-12-20,12.42,0.0,59.32,0.00621,,,66.0,,,,2023,Dec,96574
Embassy Kathmandu,2023-12-21,13.67,0.0,59.77,0.0162,,,78.3,,,,2023,Dec,96574
Embassy Kathmandu,2023-12-22,13.19,0.0,67.57,0.0157,,,81.4,,,,2023,Dec,96574
Embassy Kathmandu,2023-12-23,13.87,0.0,72.52,0.0187,,,93.4,,,,2023,Dec,96574
Embassy Kathmandu,2023-12-24,13.75,0.0,73.47,0.00511,,,78.9,,,,2023,Dec,96574
Embassy Kathmandu,2023-12-25,12.88,0.0,71.65,0.0145,,,62.9,,,,2023,Dec,96574
Embassy Kathmandu,2023-12-26,12.77,0.0,71.26,0.0145,,,64.5,,,,2023,Dec,96574
Embassy Kathmandu,2023-12-27,13.12,0.0,72.26,0.00515,,,50.4,,,,2023,Dec,96574
Embassy Kathmandu,2023-12-28,12.94,0.0,71.74,0.0149,,,47.1,,,,2023,Dec,96574
Embassy Kathmandu,2023-12-29,13.04,0.0,61.07,-0.00207,,,60.6,,,,2023,Dec,96574
Embassy Kathmandu,2023-12-30,12.71,0.0,55.23,0.0159,,,59.6,,,,2023,Dec,96574
Embassy Kathmandu,2023-12-31,12.72,0.0,52.05,0.00563,,,59.4,,,,2023,Dec,96574
Embassy Kathmandu,2024-01-01,11.75,0.0,55.54,0.0146,,,67.4,,,,2024,Jan,79101
Embassy Kathmandu,2024-01-02,11.25,0.0,56.73,0.0134,,,56.7,,,,2024,Jan,79101
Embassy Kathmandu,2024-01-03,11.32,0.0,57.83,0.00695,,,54.1,,,,2024,Jan,79101
Embassy Kathmandu,2024-01-04,11.38,0.0,56.08,0.0154,,,56.5,,,,2024,Jan,79101
Embassy Kathmandu,2024-01-05,11.76,0.0,53.57,0.00721,,,56.5,,,,2024,Jan,79101
Embassy Kathmandu,2024-01-06,11.7,0.0,58.13,0.0183,,,62.7,,,,2024,Jan,79101
Embassy Kathmandu,2024-01-07,12.02,0.0,67.66,0.00798,,,80.0,,,,2024,Jan,79101
Embassy Kathmandu,2024-01-08,11.48,0.0,68.5,0.0175,,,69.8,,,,2024,Jan,79101
Embassy Kathmandu,2024-01-09,11.74,0.0,54.8,0.0158,,,75.2,,,,2024,Jan,79101
Embassy Kathmandu,2024-01-10,12.27,0.0,51.43,-0.00568,,,68.1,,,,2024,Jan,79101
Embassy Kathmandu,2024-01-11,10.34,0.0,60.04,0.0102,,,55.6,,,,2024,Jan,79101
Embassy Kathmandu,2024-01-12,10.77,0.0,53.15,0.0192,,,69.9,,,,2024,Jan,79101
Embassy Kathmandu,2024-01-13,11.56,0.0,51.01,0.0206,,,77.4,,,,2024,Jan,79101
Embassy Kathmandu,2024-01-14,11.95,0.0,53.15,-0.00161,,,78.1,,,,2024,Jan,79101
Embassy Kathmandu,2024-01-15,11.29,0.0,55.62,0.0209,,,76.5,,,,2024,Jan,79101
Embassy Kathmandu,2024-01-16,10.76,0.0,57.79,0.0205,,,55.2,,,,2024,Jan,79101
Embassy Kathmandu,2024-01-17,9.65,0.0,61.78,0.00144,,,45.3,,,,2024,Jan,79101
Embassy Kathmandu,2024-01-18,9.12,0.0,61.2,0.0266,,,44.3,,,,2024,Jan,79101
Embassy Kathmandu,2024-01-19,8.63,0.0,58.01,0.0233,,,141.0,,,,2024,Jan,79101
Embassy Kathmandu,2024-01-20,9.33,0.0,52.95,0.026,,,79.0,,,,2024,Jan,79101
Embassy Kathmandu,2024-01-21,8.93,0.0,51.78,0.00179,,,66.0,,,,2024,Jan,79101
Embassy Kathmandu,2024-01-22,8.68,0.0,53.88,0.0243,,,66.5,,,,2024,Jan,79101
Embassy Kathmandu,2024-01-23,9.86,0.0,52.08,0.00249,,,70.0,,,,2024,Jan,79101
Embassy Kathmandu,2024-01-24,9.69,0.0,51.09,0.00128,,,70.6,,,,2024,Jan,79101
Embassy Kathmandu,2024-01-25,8.67,0.0,51.85,-0.000298,,,69.1,,,,2024,Jan,79101
Embassy Kathmandu,2024-01-26,8.8,0.0,52.5,0.0206,,,72.8,,,,2024,Jan,79101
Embassy Kathmandu,2024-01-27,9.11,0.0,51.22,0.0228,,,69.3,,,,2024,Jan,79101
Embassy Kathmandu,2024-01-28,9.49,0.0,51.73,0.000596,,,86.4,,,,2024,Jan,79101
Embassy Kathmandu,2024-01-29,10.66,0.0,48.9,0.0221,,,99.2,,,,2024,Jan,79101
Embassy Kathmandu,2024-01-30,10.08,0.0,52.29,0.0227,,,97.0,,,,2024,Jan,79101
Embassy Kathmandu,2024-01-31,10.5,0.0,54.13,0.00228,,,101.0,,,,2024,Jan,79101
Embassy Kathmandu,2024-02-01,10.65,0.0,54.67,0.0188,,,107.0,,,,2024,Feb,97423
Embassy Kathmandu,2024-02-02,10.63,0.01,53.24,0.0231,,,59.7,,,,2024,Feb,97423
Embassy Kathmandu,2024-02-03,11.26,0.0,43.3,0.0239,,,58.5,,,,2024,Feb,97423
Embassy Kathmandu,2024-02-04,10.09,0.19,54.34,-0.00249,,,84.6,,,,2024,Feb,97423
Embassy Kathmandu,2024-02-05,10.58,0.01,64.13,0.0172,,,89.5,,,,2024,Feb,97423
Embassy Kathmandu,2024-02-06,11.47,0.0,54.62,0.0197,,,61.3,,,,2024,Feb,97423
Embassy Kathmandu,2024-02-07,10.98,0.0,44.48,-0.0191,,,59.0,,,,2024,Feb,97423
Embassy Kathmandu,2024-02-08,10.3,0.0,37.86,-0.0197,,,57.3,,,,2024,Feb,97423
Embassy Kathmandu,2024-02-09,10.83,0.0,36.01,0.0273,,,77.5,,,,2024,Feb,97423
Embassy Kathmandu,2024-02-10,12.51,0.0,34.69,0.023,,,89.5,,,,2024,Feb,97423
Embassy Kathmandu,2024-02-11,13.6,0.0,31.01,-0.0153,,,73.9,,,,2024,Feb,97423
Embassy Kathmandu,2024-02-12,13.89,0.18,35.07,0.0243,,,66.8,,,,2024,Feb,97423
Embassy Kathmandu,2024-02-13,14.59,0.08,38.39,0.0226,,,76.2,,,,2024,Feb,97423
Embassy Kathmandu,2024-02-14,12.64,0.55,50.75,-0.0206,,,81.2,,,,2024,Feb,97423
Embassy Kathmandu,2024-02-15,13.54,0.2,54.63,-0.0172,,,70.4,,,,2024,Feb,97423
Embassy Kathmandu,2024-02-16,14.29,0.0,46.51,0.0239,,,66.3,,,,2024,Feb,97423
Embassy Kathmandu,2024-02-17,13.57,0.0,47.5,0.0222,,,78.8,,,,2024,Feb,97423
Embassy Kathmandu,2024-02-18,14.06,0.0,40.44,-0.00842,,,82.5,,,,2024,Feb,97423
Embassy Kathmandu,2024-02-19,14.52,0.0,41.68,0.0302,,,98.4,,,,2024,Feb,97423
Embassy Kathmandu,2024-02-20,15.57,0.3,45.1,0.0228,,,89.0,,,,2024,Feb,97423
Embassy Kathmandu,2024-02-21,13.97,0.95,58.12,-0.0236,,,68.4,,,,2024,Feb,97423
Embassy Kathmandu,2024-02-22,13.51,0.0,58.05,0.0219,,,50.3,,,,2024,Feb,97423
Embassy Kathmandu,2024-02-23,12.02,0.0,37.64,0.0231,,,42.3,,,,2024,Feb,97423
Embassy Kathmandu,2024-02-24,11.72,0.0,29.66,0.0317,,,46.4,,,,2024,Feb,97423
Embassy Kathmandu,2024-02-25,12.18,0.0,30.56,-0.0088,,,52.4,,,,2024,Feb,97423
Embassy Kathmandu,2024-02-26,14.52,0.0,30.58,0.0299,,,67.5,,,,2024,Feb,97423
Embassy Kathmandu,2024-02-27,15.78,0.0,33.2,0.0291,,,65.7,,,,2024,Feb,97423
Embassy Kathmandu,2024-02-28,15.09,0.0,46.29,-0.0128,,,64.9,,,,2024,Feb,97423
Embassy Kathmandu,2024-02-29,15.16,0.0,49.07,0.0336,,,66.2,,,,2024,Feb,97423
Embassy Kathmandu,2024-03-01,16.16,0.0,41.75,-0.0503,,,72.0,,,,2024,Mar,128167
Embassy Kathmandu,2024-03-02,16.4,0.02,41.65,0.0365,,,84.3,,,,2024,Mar,128167
Embassy Kathmandu,2024-03-03,15.02,1.95,58.86,-0.0103,,,45.9,,,,2024,Mar,128167
Embassy Kathmandu,2024-03-04,15.56,0.06,52.34,0.0173,,,27.0,,,,2024,Mar,128167
Embassy Kathmandu,2024-03-05,15.14,0.0,38.96,0.0201,,,34.4,,,,2024,Mar,128167
Embassy Kathmandu,2024-03-06,16.14,0.0,31.91,-0.0565,,,41.4,,,,2024,Mar,128167
Embassy Kathmandu,2024-03-07,16.32,0.0,33.56,0.0271,,,48.6,,,,2024,Mar,128167
Embassy Kathmandu,2024-03-08,15.95,0.0,35.47,-0.00968,,,54.8,,,,2024,Mar,128167
Embassy Kathmandu,2024-03-09,15.86,0.0,36.63,-0.00825,,,84.7,,,,2024,Mar,128167
Embassy Kathmandu,2024-03-10,15.93,0.0,34.68,-0.0892,,,70.9,,,,2024,Mar,128167
Embassy Kathmandu,2024-03-11,17.45,0.0,34.81,0.0123,,,99.7,,,,2024,Mar,128167
Embassy Kathmandu,2024-03-12,18.08,0.0,34.06,0.0346,,,77.1,,,,2024,Mar,128167
Embassy Kathmandu,2024-03-13,18.36,0.0,34.91,-0.0293,,,54.8,,,,2024,Mar,128167
Embassy Kathmandu,2024-03-14,17.33,0.0,35.77,-0.00869,,,61.6,,,,2024,Mar,128167
Embassy Kathmandu,2024-03-15,18.6,0.0,33.05,0.0306,,,60.9,,,,2024,Mar,128167
Embassy Kathmandu,2024-03-16,17.79,0.01,31.11,0.034,,,58.9,,,,2024,Mar,128167
Embassy Kathmandu,2024-03-17,18.03,0.0,24.66,-0.00472,,,71.5,,,,2024,Mar,128167
Embassy Kathmandu,2024-03-18,18.62,0.0,23.99,0.0376,,,95.0,,,,2024,Mar,128167
Embassy Kathmandu,2024-03-19,18.33,2.57,30.63,0.0369,,,93.3,,,,2024,Mar,128167
Embassy Kathmandu,2024-03-20,14.13,32.52,69.16,-0.0205,,,99.2,,,,2024,Mar,128167
Embassy Kathmandu,2024-03-21,13.08,3.99,83.66,0.0225,,,93.3,,,,2024,Mar,128167
Embassy Kathmandu,2024-03-22,15.38,0.3,68.54,-0.099,,,65.4,,,,2024,Mar,128167
Embassy Kathmandu,2024-03-23,16.96,0.31,59.45,-0.842,,,50.5,,,,2024,Mar,128167
Embassy Kathmandu,2024-03-24,18.47,0.04,42.25,-0.706,,,58.8,,,,2024,Mar,128167
Embassy Kathmandu,2024-03-25,17.06,0.54,52.0,-0.917,,,50.0,,,,2024,Mar,128167
Embassy Kathmandu,2024-03-26,18.4,0.0,53.56,-0.426,,,70.1,,,,2024,Mar,128167
Embassy Kathmandu,2024-03-27,18.7,0.01,48.47,-0.734,,,73.2,,,,2024,Mar,128167
Embassy Kathmandu,2024-03-28,19.31,0.0,48.18,-0.841,,,42.5,,,,2024,Mar,128167
Embassy Kathmandu,2024-03-29,20.19,0.0,52.84,-0.592,,,62.8,,,,2024,Mar,128167
Embassy Kathmandu,2024-03-30,21.47,0.01,49.42,-0.999,,,,,,,2024,Mar,128167
Embassy Kathmandu,2024-03-31,22.31,0.02,40.92,-0.841,,,63.0,,,,2024,Mar,128167
Embassy Kathmandu,2024-04-01,21.01,0.0,35.94,-0.808,,,40.6,,,,2024,Apr,111382
Embassy Kathmandu,2024-04-02,21.04,0.0,33.46,-0.8,,,98.1,,,,2024,Apr,111382
Embassy Kathmandu,2024-04-03,21.9,0.0,28.92,-0.585,,,93.8,,,,2024,Apr,111382
Embassy Kathmandu,2024-04-04,23.2,0.0,30.39,-0.00885,,,89.9,,,,2024,Apr,111382
Embassy Kathmandu,2024-04-05,23.2,0.0,32.12,0.0342,,,84.6,,,,2024,Apr,111382
Embassy Kathmandu,2024-04-06,22.62,0.0,33.71,0.0354,,,95.8,,,,2024,Apr,111382
Embassy Kathmandu,2024-04-07,23.0,0.0,28.67,0.0175,,,144.0,,,,2024,Apr,111382
Embassy Kathmandu,2024-04-08,21.71,0.0,22.3,0.0434,,,114.0,,,,2024,Apr,111382
Embassy Kathmandu,2024-04-09,21.37,0.0,22.33,0.0424,,,185.0,,,,2024,Apr,111382
Embassy Kathmandu,2024-04-10,21.65,0.01,24.67,0.0167,,,153.0,,,,2024,Apr,111382
Embassy Kathmandu,2024-04-11,21.42,0.45,27.33,0.0366,,,127.0,,,,2024,Apr,111382
Embassy Kathmandu,2024-04-12,20.71,3.34,30.88,0.0362,,,81.8,,,,2024,Apr,111382
Embassy Kathmandu,2024-04-13,21.47,0.08,33.47,0.0391,,,99.4,,,,2024,Apr,111382
Embassy Kathmandu,2024-04-14,22.54,0.25,35.84,0.0392,,,79.3,,,,2024,Apr,111382
Embassy Kathmandu,2024-04-15,23.71,1.06,36.31,0.0401,,,120.0,,,,2024,Apr,111382
Embassy Kathmandu,2024-04-16,24.43,0.58,40.16,0.0399,,,97.5,,,,2024,Apr,111382
Embassy Kathmandu,2024-04-17,23.6,0.14,40.12,0.0192,,,76.9,,,,2024,Apr,111382
Embassy Kathmandu,2024-04-18,23.94,0.01,33.63,-0.0254,,,84.4,,,,2024,Apr,111382
Embassy Kathmandu,2024-04-19,24.47,0.0,30.7,-0.0861,,,94.5,,,,2024,Apr,111382
Embassy Kathmandu,2024-04-20,25.59,0.01,25.72,0.0343,,,80.1,,,,2024,Apr,111382
Embassy Kathmandu,2024-04-21,24.59,0.03,24.16,0.0188,,,77.3,,,,2024,Apr,111382
Embassy Kathmandu,2024-04-22,24.85,0.0,27.18,0.041,,,90.0,,,,2024,Apr,111382
Embassy Kathmandu,2024-04-23,24.46,0.0,27.64,0.0393,,,58.6,,,,2024,Apr,111382
Embassy Kathmandu,2024-04-24,23.55,0.0,29.65,0.0209,,,77.6,,,,2024,Apr,111382
Embassy Kathmandu,2024-04-25,24.27,0.0,24.16,0.0471,,,92.8,,,,2024,Apr,111382
Embassy Kathmandu,2024-04-26,25.23,0.0,21.71,0.0475,,,129.0,,,,2024,Apr,111382
Embassy Kathmandu,2024-04-27,25.85,0.0,26.64,0.0419,,,111.0,,,,2024,Apr,111382
Embassy Kathmandu,2024-04-28,25.89,0.0,28.67,0.0146,,,75.0,,,,2024,Apr,111382
Embassy Kathmandu,2024-04-29,26.15,0.0,24.1,0.0158,,,88.1,,,,2024,Apr,111382
Embassy Kathmandu,2024-04-30,26.64,0.0,22.96,0.0396,,,88.9,,,,2024,Apr,111382
Embassy Kathmandu,2024-05-01,25.02,0.0,20.26,-0.0641,,,76.7,,,,2024,May,90205
Embassy Kathmandu,2024-05-02,22.74,0.0,19.16,0.0628,,,70.4,,,,2024,May,90205
Embassy Kathmandu,2024-05-03,24.57,0.0,17.53,0.0459,,,126.0,,,,2024,May,90205
Embassy Kathmandu,2024-05-04,23.81,0.0,21.02,0.0722,,,120.0,,,,2024,May,90205
Embassy Kathmandu,2024-05-05,23.35,0.15,24.59,0.0377,,,89.9,,,,2024,May,90205
Embassy Kathmandu,2024-05-06,23.6,1.12,35.53,0.0543,,,85.2,,,,2024,May,90205
Embassy Kathmandu,2024-05-07,20.61,8.19,69.0,0.0546,,,34.2,,,,2024,May,90205
Embassy Kathmandu,2024-05-08,19.16,11.82,75.62,0.0153,,,29.9,,,,2024,May,90205
Embassy Kathmandu,2024-05-09,18.02,4.24,80.8,0.0349,,,30.8,,,,2024,May,90205
Embassy Kathmandu,2024-05-10,21.0,2.99,65.8,0.0508,,,28.1,,,,2024,May,90205
Embassy Kathmandu,2024-05-11,22.72,2.19,66.0,0.0576,,,36.3,,,,2024,May,90205
Embassy Kathmandu,2024-05-12,22.07,11.61,73.92,0.0207,,,30.8,,,,2024,May,90205
Embassy Kathmandu,2024-05-13,22.15,2.84,68.39,0.0427,,,27.7,,,,2024,May,90205
Embassy Kathmandu,2024-05-14,23.87,0.37,56.21,0.0399,,,39.0,,,,2024,May,90205
Embassy Kathmandu,2024-05-15,24.23,2.72,60.04,0.0189,,,40.2,,,,2024,May,90205
Embassy Kathmandu,2024-05-16,25.31,0.08,51.93,0.0563,,,27.9,,,,2024,May,90205
Embassy Kathmandu,2024-05-17,25.9,0.0,37.93,0.0634,,,52.3,,,,2024,May,90205
Embassy Kathmandu,2024-05-18,26.19,0.98,39.46,0.0759,,,67.9,,,,2024,May,90205
Embassy Kathmandu,2024-05-19,25.12,6.55,52.4,0.0423,,,55.6,,,,2024,May,90205
Embassy Kathmandu,2024-05-20,23.84,4.03,59.94,0.0531,,,45.0,,,,2024,May,90205
Embassy Kathmandu,2024-05-21,24.07,0.99,63.32,0.0552,,,30.0,,,,2024,May,90205
Embassy Kathmandu,2024-05-22,23.22,8.63,70.57,0.0464,,,26.4,,,,2024,May,90205
Embassy Kathmandu,2024-05-23,24.66,0.4,60.82,0.0442,,,25.3,,,,2024,May,90205
Embassy Kathmandu,2024-05-24,26.22,0.83,55.56,0.0425,,,34.7,,,,2024,May,90205
Embassy Kathmandu,2024-05-25,26.01,7.53,61.84,0.0437,,,31.7,,,,2024,May,90205
Embassy Kathmandu,2024-05-26,26.93,3.81,60.54,0.0213,,,31.0,,,,2024,May,90205
Embassy Kathmandu,2024-05-27,26.5,3.18,64.74,0.0389,,,26.9,,,,2024,May,90205
Embassy Kathmandu,2024-05-28,26.25,0.48,58.65,0.0482,,,21.2,,,,2024,May,90205
Embassy Kathmandu,2024-05-29,27.99,0.19,37.87,0.025,,,39.5,,,,2024,May,90205
Embassy Kathmandu,2024-05-30,27.93,1.27,41.22,0.0554,,,37.2,,,,2024,May,90205
Embassy Kathmandu,2024-05-31,26.9,3.29,54.61,0.0104,,,33.1,,,,2024,May,90205
Embassy Kathmandu,2024-06-01,25.28,4.32,61.47,0.0561,,,34.2,,,,2024,Jun,76733
Embassy Kathmandu,2024-06-02,25.38,3.67,57.46,0.0543,,,37.3,,,,2024,Jun,76733
Embassy Kathmandu,2024-06-03,24.85,11.3,52.64,-0.501,,,36.8,,,,2024,Jun,76733
Embassy Kathmandu,2024-06-04,24.81,4.76,53.83,-0.999,,,,,,,2024,Jun,76733
Embassy Kathmandu,2024-06-05,24.19,4.62,58.8,-0.405,,,,,,,2024,Jun,76733
Embassy Kathmandu,2024-06-06,24.95,3.2,59.33,0.01,,,,,,,2024,Jun,76733
Embassy Kathmandu,2024-06-07,25.42,0.3,49.39,0.0257,,,,,,,2024,Jun,76733
Embassy Kathmandu,2024-06-08,26.41,1.01,47.18,0.0132,,,,,,,2024,Jun,76733
Embassy Kathmandu,2024-06-09,27.6,0.47,43.46,-0.012,,,,,,,2024,Jun,76733
Embassy Kathmandu,2024-06-10,27.83,0.32,41.47,0.00813,,,,,,,2024,Jun,76733
Embassy Kathmandu,2024-06-11,27.88,0.17,39.07,0.0101,,,,,,,2024,Jun,76733
Embassy Kathmandu,2024-06-12,26.78,1.29,51.39,-0.0122,,,50.0,,,,2024,Jun,76733
Embassy Kathmandu,2024-06-13,27.16,1.11,54.62,0.0421,,,49.9,,,,2024,Jun,76733
Embassy Kathmandu,2024-06-14,27.47,1.01,50.72,0.0222,,,55.6,,,,2024,Jun,76733
Embassy Kathmandu,2024-06-15,27.45,0.45,55.92,0.0218,,,53.3,,,,2024,Jun,76733
Embassy Kathmandu,2024-06-16,26.98,5.53,63.6,0.0372,,,40.1,,,,2024,Jun,76733
Embassy Kathmandu,2024-06-17,27.19,3.75,60.55,0.0652,,,32.3,,,,2024,Jun,76733
Embassy Kathmandu,2024-06-18,28.16,15.45,58.19,-0.00844,,,38.5,,,,2024,Jun,76733
Embassy Kathmandu,2024-06-19,27.29,10.38,62.32,-0.00151,,,29.1,,,,2024,Jun,76733
Embassy Kathmandu,2024-06-20,25.54,11.4,73.55,0.0248,,,17.4,,,,2024,Jun,76733
Embassy Kathmandu,2024-06-21,24.47,0.97,73.43,-0.00472,,,17.4,,,,2024,Jun,76733
Embassy Kathmandu,2024-06-22,25.1,5.02,74.44,0.0136,,,21.4,,,,2024,Jun,76733
Embassy Kathmandu,2024-06-23,24.81,7.81,78.88,-0.0281,,,21.3,,,,2024,Jun,76733
Embassy Kathmandu,2024-06-24,25.87,8.57,72.75,-0.0186,,,18.5,,,,2024,Jun,76733
Embassy Kathmandu,2024-06-25,24.76,74.23,84.73,-0.84,,,23.4,,,,2024,Jun,76733
Embassy Kathmandu,2024-06-26,22.91,114.32,93.86,-0.00657,,,20.4,,,,2024,Jun,76733
Embassy Kathmandu,2024-06-27,23.86,4.26,86.3,-0.172,,,18.5,,,,2024,Jun,76733
Embassy Kathmandu,2024-06-28,23.52,10.96,89.05,-0.999,,,,,,,2024,Jun,76733
Embassy Kathmandu,2024-06-29,23.16,24.29,91.17,-0.999,,,,,,,2024,Jun,76733
Embassy Kathmandu,2024-06-30,22.59,53.49,93.28,-0.999,,,,,,,2024,Jun,76733
Embassy Kathmandu,2024-07-01,23.15,27.3,91.68,-0.999,,,,,,,2024,Jul,64598
Embassy Kathmandu,2024-07-02,23.36,28.31,94.33,-0.999,,,,,,,2024,Jul,64598
Embassy Kathmandu,2024-07-03,22.79,10.5,90.91,-0.428,,,8.21,,,,2024,Jul,64598
Embassy Kathmandu,2024-07-04,23.5,6.21,88.63,0.00123,,,9.11,,,,2024,Jul,64598
Embassy Kathmandu,2024-07-05,22.71,25.86,90.4,0.00426,,,11.0,,,,2024,Jul,64598
Embassy Kathmandu,2024-07-06,22.58,55.36,95.34,0.000674,,,6.56,,,,2024,Jul,64598
Embassy Kathmandu,2024-07-07,22.66,12.97,94.25,-0.023,,,10.3,,,,2024,Jul,64598
Embassy Kathmandu,2024-07-08,23.59,1.73,91.18,-0.000191,,,10.3,,,,2024,Jul,64598
Embassy Kathmandu,2024-07-09,23.94,5.52,88.44,-0.0283,,,17.3,,,,2024,Jul,64598
Embassy Kathmandu,2024-07-10,22.74,19.2,92.9,-0.0514,,,17.8,,,,2024,Jul,64598
Embassy Kathmandu,2024-07-11,22.42,19.74,93.32,-0.00126,,,20.1,,,,2024,Jul,64598
Embassy Kathmandu,2024-07-12,22.1,15.38,91.37,-0.0274,,,7.73,,,,2024,Jul,64598
Embassy Kathmandu,2024-07-13,22.92,6.83,90.54,0.0349,,,10.8,,,,2024,Jul,64598
Embassy Kathmandu,2024-07-14,23.72,4.22,92.31,0.00545,,,12.5,,,,2024,Jul,64598
Embassy Kathmandu,2024-07-15,24.31,4.32,90.22,0.0317,,,17.1,,,,2024,Jul,64598
Embassy Kathmandu,2024-07-16,23.3,5.04,87.86,-0.0345,,,10.2,,,,2024,Jul,64598
Embassy Kathmandu,2024-07-17,24.14,9.06,90.22,-0.0345,,,10.7,,,,2024,Jul,64598
Embassy Kathmandu,2024-07-18,23.9,4.49,91.15,-0.00446,,,9.98,,,,2024,Jul,64598
Embassy Kathmandu,2024-07-19,24.4,15.15,88.24,-0.0871,,,8.0,,,,2024,Jul,64598
Embassy Kathmandu,2024-07-20,24.03,2.91,91.87,-0.007,,,11.0,,,,2024,Jul,64598
Embassy Kathmandu,2024-07-21,23.18,6.06,92.28,-0.00639,,,11.4,,,,2024,Jul,64598
Embassy Kathmandu,2024-07-22,23.33,12.19,86.12,-0.00483,,,9.13,,,,2024,Jul,64598
Embassy Kathmandu,2024-07-23,23.39,12.27,87.01,-0.00334,,,6.3,,,,2024,Jul,64598
Embassy Kathmandu,2024-07-24,23.82,9.33,89.98,-0.0301,,,5.24,,,,2024,Jul,64598
Embassy Kathmandu,2024-07-25,24.12,2.39,88.26,-0.00762,,,8.15,,,,2024,Jul,64598
Embassy Kathmandu,2024-07-26,24.66,3.62,85.22,-0.0705,,,3.33,,,,2024,Jul,64598
Embassy Kathmandu,2024-07-27,25.5,4.02,85.68,-0.0237,,,,,,,2024,Jul,64598
Embassy Kathmandu,2024-07-28,24.81,0.44,84.74,-0.0271,,,,,,,2024,Jul,64598
Embassy Kathmandu,2024-07-29,24.1,1.79,88.18,-0.0288,,,,,,,2024,Jul,64598
Embassy Kathmandu,2024-07-30,24.18,26.08,90.94,-0.00509,,,,,,,2024,Jul,64598
Embassy Kathmandu,2024-07-31,23.54,40.67,91.39,-0.0356,,,,,,,2024,Jul,64598
Embassy Kathmandu,2024-08-01,24.01,15.3,87.58,0.00779,,,93.8,,,,2024,Aug,72717
Embassy Kathmandu,2024-08-02,23.46,5.54,84.61,0.00655,,,9.5,,,,2024,Aug,72717
Embassy Kathmandu,2024-08-03,22.22,3.35,88.52,0.0202,,,7.63,,,,2024,Aug,72717
Embassy Kathmandu,2024-08-04,22.67,1.39,88.74,0.0216,,,7.65,,,,2024,Aug,72717
Embassy Kathmandu,2024-08-05,22.98,10.23,92.62,-0.0244,,,11.6,,,,2024,Aug,72717
Embassy Kathmandu,2024-08-06,22.49,52.07,92.68,-0.0776,,,8.53,,,,2024,Aug,72717
Embassy Kathmandu,2024-08-07,22.63,18.26,91.49,-0.0298,,,8.43,,,,2024,Aug,72717
Embassy Kathmandu,2024-08-08,22.86,11.2,92.55,-0.029,,,10.5,,,,2024,Aug,72717
Embassy Kathmandu,2024-08-09,21.77,10.99,94.38,-0.0293,,,13.0,,,,2024,Aug,72717
Embassy Kathmandu,2024-08-10,22.14,6.82,90.12,-0.00468,,,9.81,,,,2024,Aug,72717
Embassy Kathmandu,2024-08-11,22.8,41.16,93.05,-0.062,,,11.3,,,,2024,Aug,72717
Embassy Kathmandu,2024-08-12,23.12,6.46,92.8,0.00216,,,17.7,,,,2024,Aug,72717
Embassy Kathmandu,2024-08-13,22.72,7.34,91.71,-0.0512,,,16.1,,,,2024,Aug,72717
Embassy Kathmandu,2024-08-14,22.77,32.44,91.29,-0.0822,,,10.7,,,,2024,Aug,72717
Embassy Kathmandu,2024-08-15,23.57,7.69,88.99,-0.035,,,8.7,,,,2024,Aug,72717
Embassy Kathmandu,2024-08-16,23.13,4.15,87.57,0.0368,,,9.71,,,,2024,Aug,72717
Embassy Kathmandu,2024-08-17,23.3,20.49,89.32,0.00221,,,9.06,,,,2024,Aug,72717
Embassy Kathmandu,2024-08-18,23.27,5.77,83.04,0.0374,,,7.03,,,,2024,Aug,72717
Embassy Kathmandu,2024-08-19,22.81,3.27,88.29,0.0292,,,6.78,,,,2024,Aug,72717
Embassy Kathmandu,2024-08-20,22.5,0.44,86.5,0.0279,,,6.94,,,,2024,Aug,72717
Embassy Kathmandu,2024-08-21,22.28,0.56,83.63,-0.00997,,,8.45,,,,2024,Aug,72717
Embassy Kathmandu,2024-08-22,22.77,4.57,84.06,-0.0336,,,7.8,,,,2024,Aug,72717
Embassy Kathmandu,2024-08-23,22.83,1.65,87.7,-0.00735,,,10.6,,,,2024,Aug,72717
Embassy Kathmandu,2024-08-24,23.06,0.25,87.8,-0.0599,,,10.8,,,,2024,Aug,72717
Embassy Kathmandu,2024-08-25,23.11,0.25,85.37,-0.00075,,,11.8,,,,2024,Aug,72717
Embassy Kathmandu,2024-08-26,22.27,2.65,92.84,-0.0553,,,14.2,,,,2024,Aug,72717
Embassy Kathmandu,2024-08-27,21.88,4.76,91.53,-0.0867,,,10.4,,,,2024,Aug,72717
Embassy Kathmandu,2024-08-28,22.83,1.93,89.82,-0.0607,,,13.8,,,,2024,Aug,72717
Embassy Kathmandu,2024-08-29,23.25,5.57,88.37,-0.0555,,,12.2,,,,2024,Aug,72717
Embassy Kathmandu,2024-08-30,23.99,0.99,86.93,-0.0525,,,11.2,,,,2024,Aug,72717
Embassy Kathmandu,2024-08-31,23.68,1.82,92.01,0.0266,,,13.9,,,,2024,Aug,72717
Embassy Kathmandu,2024-09-01,22.18,0.27,88.55,0.0162,,,8.91,,,,2024,Sep,96302
Embassy Kathmandu,2024-09-02,23.06,0.13,87.39,0.0271,,,12.5,,,,2024,Sep,96302
Embassy Kathmandu,2024-09-03,22.63,4.84,92.29,0.028,,,9.03,,,,2024,Sep,96302
Embassy Kathmandu,2024-09-04,21.53,13.17,89.04,-0.0193,,,9.24,,,,2024,Sep,96302
Embassy Kathmandu,2024-09-05,22.62,6.05,85.55,0.0285,,,13.8,,,,2024,Sep,96302
Embassy Kathmandu,2024-09-06,22.74,0.06,91.67,0.0329,,,6.0,,,,2024,Sep,96302
Embassy Kathmandu,2024-09-07,23.2,0.99,87.62,0.0276,,,8.08,,,,2024,Sep,96302
Embassy Kathmandu,2024-09-08,23.28,0.48,89.34,0.0251,,,9.9,,,,2024,Sep,96302
Embassy Kathmandu,2024-09-09,23.28,0.22,87.43,0.0267,,,55.4,,,,2024,Sep,96302
Embassy Kathmandu,2024-09-10,23.58,0.11,86.6,0.0246,,,17.8,,,,2024,Sep,96302
Embassy Kathmandu,2024-09-11,22.92,2.15,91.4,0.00171,,,14.5,,,,2024,Sep,96302
Embassy Kathmandu,2024-09-12,22.86,2.2,89.07,0.03,,,13.1,,,,2024,Sep,96302
Embassy Kathmandu,2024-09-13,22.93,3.12,86.32,0.0203,,,13.8,,,,2024,Sep,96302
Embassy Kathmandu,2024-09-14,22.99,9.41,85.12,0.017,,,14.0,,,,2024,Sep,96302
Embassy Kathmandu,2024-09-15,22.21,5.98,87.87,0.0207,,,9.16,,,,2024,Sep,96302
Embassy Kathmandu,2024-09-16,22.11,2.73,83.23,0.022,,,10.5,,,,2024,Sep,96302
Embassy Kathmandu,2024-09-17,21.86,0.05,81.45,0.0155,,,16.1,,,,2024,Sep,96302
Embassy Kathmandu,2024-09-18,23.14,0.0,83.18,-0.000425,,,17.8,,,,2024,Sep,96302
Embassy Kathmandu,2024-09-19,23.23,0.07,90.0,0.0265,,,17.4,,,,2024,Sep,96302
Embassy Kathmandu,2024-09-20,23.15,0.39,81.17,0.0158,,,19.5,,,,2024,Sep,96302
Embassy Kathmandu,2024-09-21,24.38,1.14,75.57,0.0187,,,15.5,,,,2024,Sep,96302
Embassy Kathmandu,2024-09-22,24.92,1.11,76.56,0.0215,,,23.4,,,,2024,Sep,96302
Embassy Kathmandu,2024-09-23,24.91,0.58,78.91,0.0302,,,27.4,,,,2024,Sep,96302
Embassy Kathmandu,2024-09-24,22.57,47.54,90.47,0.0221,,,24.8,,,,2024,Sep,96302
Embassy Kathmandu,2024-09-25,20.85,55.89,92.45,0.00151,,,14.3,,,,2024,Sep,96302
Embassy Kathmandu,2024-09-26,20.69,16.56,92.08,0.0213,,,10.7,,,,2024,Sep,96302
Embassy Kathmandu,2024-09-27,19.34,76.28,91.16,-0.109,,,7.03,,,,2024,Sep,96302
Embassy Kathmandu,2024-09-28,19.02,93.26,94.48,0.0107,,,15.8,,,,2024,Sep,96302
Embassy Kathmandu,2024-09-29,21.45,0.43,90.49,0.0168,,,14.9,,,,2024,Sep,96302
Embassy Kathmandu,2024-09-30,21.83,0.07,92.32,0.0216,,,12.3,,,,2024,Sep,96302
Embassy Kathmandu,2024-10-01,22.36,0.87,92.07,0.0249,,,12.3,,,,2024,Oct,124391
Embassy Kathmandu,2024-10-02,22.03,2.29,92.69,-0.00684,,,18.3,,,,2024,Oct,124391
Embassy Kathmandu,2024-10-03,21.56,6.95,92.79,0.0272,,,15.9,,,,2024,Oct,124391
Embassy Kathmandu,2024-10-04,21.71,4.24,90.14,0.0248,,,11.4,,,,2024,Oct,124391
Embassy Kathmandu,2024-10-05,21.1,0.39,91.7,0.0256,,,,,,,2024,Oct,124391
Embassy Kathmandu,2024-10-06,21.67,0.55,85.77,0.0293,,,,,,,2024,Oct,124391
Embassy Kathmandu,2024-10-07,20.82,0.29,87.48,0.026,,,,,,,2024,Oct,124391
Embassy Kathmandu,2024-10-08,20.89,0.07,87.42,0.0236,,,11.5,,,,2024,Oct,124391
Embassy Kathmandu,2024-10-09,21.06,0.2,86.77,0.00297,,,16.2,,,,2024,Oct,124391
Embassy Kathmandu,2024-10-10,20.44,0.02,88.42,0.0325,,,19.2,,,,2024,Oct,124391
Embassy Kathmandu,2024-10-11,20.59,0.0,88.21,0.0381,,,26.0,,,,2024,Oct,124391
Embassy Kathmandu,2024-10-12,20.23,0.0,86.97,0.0315,,,25.1,,,,2024,Oct,124391
Embassy Kathmandu,2024-10-13,19.76,0.0,89.01,0.032,,,23.1,,,,2024,Oct,124391
Embassy Kathmandu,2024-10-14,19.24,0.0,91.08,0.0316,,,29.0,,,,2024,Oct,124391
Embassy Kathmandu,2024-10-15,18.99,0.01,88.45,0.0331,,,32.2,,,,2024,Oct,124391
Embassy Kathmandu,2024-10-16,18.84,0.36,82.66,0.0138,,,40.2,,,,2024,Oct,124391
Embassy Kathmandu,2024-10-17,19.0,0.56,79.07,-0.0776,,,48.7,,,,2024,Oct,124391
Embassy Kathmandu,2024-10-18,18.91,0.08,85.77,-0.999,,,,,,,2024,Oct,124391
Embassy Kathmandu,2024-10-19,18.65,1.28,87.87,-0.999,,,,,,,2024,Oct,124391
Embassy Kathmandu,2024-10-20,18.32,5.26,86.23,-0.999,,,,,,,2024,Oct,124391
Embassy Kathmandu,2024-10-21,18.58,0.29,88.45,-0.538,,,49.4,,,,2024,Oct,124391
Embassy Kathmandu,2024-10-22,19.86,0.0,77.23,0.0272,,,36.2,,,,2024,Oct,124391
Embassy Kathmandu,2024-10-23,20.46,0.0,75.54,1.22e-18,,,33.8,,,,2024,Oct,124391
Embassy Kathmandu,2024-10-24,19.47,0.01,79.62,0.0254,,,25.8,,,,2024,Oct,124391
Embassy Kathmandu,2024-10-25,18.74,0.27,85.96,0.0265,,,21.9,,,,2024,Oct,124391
Embassy Kathmandu,2024-10-26,19.36,0.0,86.16,0.0268,,,22.7,,,,2024,Oct,124391
Embassy Kathmandu,2024-10-27,19.61,0.0,87.84,0.026,,,21.8,,,,2024,Oct,124391
Embassy Kathmandu,2024-10-28,19.99,0.0,88.55,0.028,,,20.0,,,,2024,Oct,124391
Embassy Kathmandu,2024-10-29,19.79,0.01,86.84,0.0264,,,20.2,,,,2024,Oct,124391
Embassy Kathmandu,2024-10-30,19.42,0.06,90.3,0.0338,,,27.2,,,,2024,Oct,124391
Embassy Kathmandu,2024-10-31,19.33,0.01,91.8,0.0329,,,42.6,,,,2024,Oct,124391
Embassy Kathmandu,2024-11-01,19.17,0.0,89.18,0.042,,,54.5,,,,2024,Nov,114496
Embassy Kathmandu,2024-11-02,18.66,0.0,86.33,0.042,,,68.2,,,,2024,Nov,114496
Embassy Kathmandu,2024-11-03,18.65,0.03,89.42,0.0243,,,56.6,,,,2024,Nov,114496
Embassy Kathmandu,2024-11-04,17.56,0.3,90.54,0.0202,,,27.8,,,,2024,Nov,114496
Embassy Kathmandu,2024-11-05,17.48,0.0,78.16,0.0254,,,13.5,,,,2024,Nov,114496
Embassy Kathmandu,2024-11-06,17.5,0.0,87.74,0.0248,,,20.6,,,,2024,Nov,114496
Embassy Kathmandu,2024-11-07,17.79,0.02,85.0,0.0236,,,24.4,,,,2024,Nov,114496
Embassy Kathmandu,2024-11-08,17.87,0.22,86.7,0.0225,,,29.3,,,,2024,Nov,114496
Embassy Kathmandu,2024-11-12,16.92,0.02,89.43,0.0322,,,60.8,,,,2024,Nov,114496
Embassy Kathmandu,2024-11-13,16.86,0.0,87.43,0.0342,,,53.5,,,,2024,Nov,114496
Embassy Kathmandu,2024-11-14,16.63,0.0,84.32,0.0308,,,70.4,,,,2024,Nov,114496
Embassy Kathmandu,2024-11-15,16.82,0.0,78.93,0.026,,,62.1,,,,2024,Nov,114496
Embassy Kathmandu,2024-11-16,15.88,0.0,77.04,0.0285,,,56.8,,,,2024,Nov,114496
Embassy Kathmandu,2024-11-17,15.46,0.0,75.69,0.0298,,,49.5,,,,2024,Nov,114496
Embassy Kathmandu,2024-11-18,15.42,0.0,81.84,0.0282,,,48.6,,,,2024,Nov,114496
Embassy Kathmandu,2024-11-19,15.6,0.0,83.28,0.0246,,,44.5,,,,2024,Nov,114496
Embassy Kathmandu,2024-11-20,14.75,0.0,80.33,0.0263,,,37.7,,,,2024,Nov,114496
Embassy Kathmandu,2024-11-21,14.6,0.0,78.81,0.0276,,,34.6,,,,2024,Nov,114496
Embassy Kathmandu,2024-11-22,13.84,0.06,78.16,0.0255,,,38.8,,,,2024,Nov,114496
Embassy Kathmandu,2024-11-23,13.34,0.0,76.05,0.0248,,,37.5,,,,2024,Nov,114496
Embassy Kathmandu,2024-11-24,13.52,0.0,78.83,0.0206,,,34.9,,,,2024,Nov,114496
Embassy Kathmandu,2024-11-25,13.51,0.0,83.57,0.0303,,,46.2,,,,2024,Nov,114496
Embassy Kathmandu,2024-11-26,13.51,0.0,82.87,0.0298,,,71.5,,,,2024,Nov,114496
Embassy Kathmandu,2024-11-27,13.8,0.0,84.31,0.0333,,,86.4,,,,2024,Nov,114496
Embassy Kathmandu,2024-11-28,13.88,0.0,82.87,0.0284,,,69.0,,,,2024,Nov,114496
Embassy Kathmandu,2024-11-29,14.69,0.0,80.81,0.0217,,,61.4,,,,2024,Nov,114496
Embassy Kathmandu,2024-11-30,14.45,0.0,80.8,0.0233,,,59.4,,,,2024,Nov,114496
Embassy Kathmandu,2024-12-01,14.22,0.0,79.53,0.0237,,,52.8,,,,2024,Dec,92033
Embassy Kathmandu,2024-12-02,13.91,0.0,75.31,0.0209,,,59.2,,,,2024,Dec,92033
Embassy Kathmandu,2024-12-03,14.0,0.0,66.96,0.02,,,47.7,,,,2024,Dec,92033
Embassy Kathmandu,2024-12-04,14.16,0.0,63.21,0.022,,,50.8,,,,2024,Dec,92033
Embassy Kathmandu,2024-12-05,12.81,0.0,71.44,0.0255,,,50.0,,,,2024,Dec,92033
Embassy Kathmandu,2024-12-06,11.9,0.0,70.51,0.0309,,,64.1,,,,2024,Dec,92033
Embassy Kathmandu,2024-12-07,11.88,0.0,72.79,0.0323,,,78.7,,,,2024,Dec,92033
Embassy Kathmandu,2024-12-08,11.69,0.0,64.3,0.0347,,,80.1,,,,2024,Dec,92033
Embassy Kathmandu,2024-12-09,10.3,0.0,75.41,0.028,,,83.2,,,,2024,Dec,92033
Embassy Kathmandu,2024-12-10,9.75,0.0,70.65,0.0263,,,68.4,,,,2024,Dec,92033
Embassy Kathmandu,2024-12-11,10.89,0.0,63.41,0.0252,,,73.7,,,,2024,Dec,92033
Embassy Kathmandu,2024-12-12,11.73,0.0,60.19,0.0223,,,80.5,,,,2024,Dec,92033
Embassy Kathmandu,2024-12-13,11.6,0.0,52.37,0.022,,,74.9,,,,2024,Dec,92033
Embassy Kathmandu,2024-12-14,11.01,0.0,55.64,0.0268,,,63.4,,,,2024,Dec,92033
Embassy Kathmandu,2024-12-15,11.36,0.0,62.04,0.0228,,,87.4,,,,2024,Dec,92033
Embassy Kathmandu,2024-12-16,13.56,0.0,65.28,0.0208,,,104.0,,,,2024,Dec,92033
Embassy Kathmandu,2024-12-17,13.19,0.0,71.41,0.021,,,88.8,,,,2024,Dec,92033
Embassy Kathmandu,2024-12-18,12.96,0.0,68.76,0.0196,,,79.1,,,,2024,Dec,92033
Embassy Kathmandu,2024-12-19,13.22,0.0,70.11,0.0219,,,66.9,,,,2024,Dec,92033
Embassy Kathmandu,2024-12-20,12.77,0.0,67.32,0.0193,,,94.7,,,,2024,Dec,92033
Embassy Kathmandu,2024-12-21,11.95,0.0,65.74,0.0205,,,72.0,,,,2024,Dec,92033
Embassy Kathmandu,2024-12-22,11.82,0.0,70.33,0.0213,,,63.0,,,,2024,Dec,92033
Embassy Kathmandu,2024-12-23,11.72,0.0,68.53,0.0196,,,70.1,,,,2024,Dec,92033
Embassy Kathmandu,2024-12-24,12.27,0.0,68.82,0.0193,,,,,,,2024,Dec,92033
Embassy Kathmandu,2024-12-25,12.44,0.0,72.94,0.0237,,,,,,,2024,Dec,92033
Embassy Kathmandu,2024-12-26,12.81,0.0,71.31,0.0225,,,,,,,2024,Dec,92033
Embassy Kathmandu,2024-12-27,13.69,0.0,66.21,0.0213,,,69.0,,,,2024,Dec,92033
Embassy Kathmandu,2024-12-28,12.88,0.0,65.81,0.0161,,,115.0,,,,2024,Dec,92033
Embassy Kathmandu,2024-12-29,13.23,0.0,69.62,0.0217,,,90.7,,,,2024,Dec,92033
Embassy Kathmandu,2024-12-30,12.47,0.0,80.81,0.0158,,,70.0,,,,2024,Dec,92033
Embassy Kathmandu,2024-12-31,11.69,0.0,81.11,0.0124,,,68.8,,,,2024,Dec,92033
Embassy Kathmandu,2025-01-01,11.1,0.0,71.5,0.0132,,,76.5,,,,2025,Jan,79990
Embassy Kathmandu,2025-01-02,11.0,0.0,64.14,0.011,,,71.9,,,,2025,Jan,79990
Embassy Kathmandu,2025-01-03,11.69,0.0,63.3,0.0115,,,77.5,,,,2025,Jan,79990
Embassy Kathmandu,2025-01-04,11.77,0.0,65.78,0.0128,,,72.6,,,,2025,Jan,79990
Embassy Kathmandu,2025-01-05,12.22,0.0,66.76,0.00842,,,107.0,,,,2025,Jan,79990
Embassy Kathmandu,2025-01-06,13.54,0.0,73.59,0.0103,,,94.3,,,,2025,Jan,79990
Embassy Kathmandu,2025-01-07,11.44,1.2,80.95,0.0114,,,52.0,,,,2025,Jan,79990
Embassy Kathmandu,2025-01-08,9.17,0.22,73.69,0.0109,,,50.5,,,,2025,Jan,79990
Embassy Kathmandu,2025-01-12,12.42,0.0,67.23,0.0165,,,64.3,,,,2025,Jan,79990
Embassy Kathmandu,2025-01-13,11.88,0.0,70.24,0.014,,,70.8,,,,2025,Jan,79990
Embassy Kathmandu,2025-01-14,11.73,0.0,69.79,0.0148,,,72.6,,,,2025,Jan,79990
Embassy Kathmandu,2025-01-15,11.94,0.0,70.05,0.0157,,,67.8,,,,2025,Jan,79990
Embassy Kathmandu,2025-01-16,11.91,0.0,62.81,0.0164,,,80.8,,,,2025,Jan,79990
Embassy Kathmandu,2025-01-17,13.73,0.0,55.17,0.0161,,,70.2,,,,2025,Jan,79990
Embassy Kathmandu,2025-01-18,13.38,0.0,54.16,,,,52.9,,,,2025,Jan,79990
Embassy Kathmandu,2025-01-19,13.95,0.0,53.69,,,,74.3,,,,2025,Jan,79990
Embassy Kathmandu,2025-01-20,14.17,0.0,50.56,,,,89.9,,,,2025,Jan,79990
Embassy Kathmandu,2025-01-21,14.79,0.0,50.73,,,,92.6,,,,2025,Jan,79990
Embassy Kathmandu,2025-01-22,15.26,0.0,46.89,,,,78.5,,,,2025,Jan,79990
Embassy Kathmandu,2025-01-23,14.23,0.0,45.74,,,,71.3,,,,2025,Jan,79990
Embassy Kathmandu,2025-01-24,12.46,0.0,52.52,,,,58.6,,,,2025,Jan,79990
Embassy Kathmandu,2025-01-25,11.99,0.0,53.79,,,,68.6,,,,2025,Jan,79990
Embassy Kathmandu,2025-01-26,11.01,0.0,56.22,,,,68.9,,,,2025,Jan,79990
Embassy Kathmandu,2025-01-27,12.42,0.0,55.45,,,,90.3,,,,2025,Jan,79990
Embassy Kathmandu,2025-01-28,12.46,0.0,53.51,,,,85.8,,,,2025,Jan,79990
Embassy Kathmandu,2025-01-29,11.93,0.0,52.9,,,,71.0,,,,2025,Jan,79990
Embassy Kathmandu,2025-01-30,12.38,0.0,52.21,,,,75.2,,,,2025,Jan,79990
Embassy Kathmandu,2025-01-31,12.99,0.0,45.93,,,,65.9,,,,2025,Jan,79990
Embassy Kathmandu,2025-02-01,13.6,0.0,41.26,,,,71.2,,,,2025,Feb,99585
Embassy Kathmandu,2025-02-02,13.48,0.0,41.08,,,,64.8,,,,2025,Feb,99585
Embassy Kathmandu,2025-02-03,14.39,0.0,39.76,,,,69.8,,,,2025,Feb,99585
Embassy Kathmandu,2025-02-04,15.16,0.0,40.7,,,,71.8,,,,2025,Feb,99585
Embassy Kathmandu,2025-02-05,15.78,0.0,52.3,,,,58.7,,,,2025,Feb,99585
Embassy Kathmandu,2025-02-06,14.22,0.0,48.6,,,,63.8,,,,2025,Feb,99585
Embassy Kathmandu,2025-02-07,14.15,0.0,37.23,,,,63.2,,,,2025,Feb,99585
Embassy Kathmandu,2025-02-08,13.39,0.0,37.7,,,,71.2,,,,2025,Feb,99585
Embassy Kathmandu,2025-02-09,12.83,0.0,41.16,,,,88.6,,,,2025,Feb,99585
Embassy Kathmandu,2025-02-10,13.72,0.0,41.6,,,,87.8,,,,2025,Feb,99585
Embassy Kathmandu,2025-02-11,14.52,0.0,37.97,,,,73.0,,,,2025,Feb,99585
Embassy Kathmandu,2025-02-12,14.27,0.0,41.2,,,,70.5,,,,2025,Feb,99585
Embassy Kathmandu,2025-02-13,12.91,0.0,47.03,,,,73.0,,,,2025,Feb,99585
Embassy Kathmandu,2025-02-14,12.98,0.0,37.28,,,,92.9,,,,2025,Feb,99585
Embassy Kathmandu,2025-02-15,12.17,0.0,35.59,,,,88.5,,,,2025,Feb,99585
Embassy Kathmandu,2025-02-16,12.84,0.0,40.35,,,,86.8,,,,2025,Feb,99585
Embassy Kathmandu,2025-02-17,13.54,0.04,47.09,,,,87.8,,,,2025,Feb,99585
Embassy Kathmandu,2025-02-18,13.62,0.35,47.16,,,,82.5,,,,2025,Feb,99585
Embassy Kathmandu,2025-02-19,14.13,0.01,44.59,,,,176.0,,,,2025,Feb,99585
Embassy Kathmandu,2025-02-20,14.76,0.01,46.26,,,,152.0,,,,2025,Feb,99585
Embassy Kathmandu,2025-02-21,14.55,0.04,49.84,,,,75.0,,,,2025,Feb,99585
Embassy Kathmandu,2025-02-22,15.05,0.06,49.67,,,,57.0,,,,2025,Feb,99585
Embassy Kathmandu,2025-02-23,13.76,0.05,54.69,,,,57.2,,,,2025,Feb,99585
Embassy Kathmandu,2025-02-24,13.76,0.06,63.73,,,,77.9,,,,2025,Feb,99585
Embassy Kathmandu,2025-02-25,14.89,0.0,51.69,,,,69.0,,,,2025,Feb,99585
Embassy Kathmandu,2025-02-26,15.97,0.0,45.08,,,,86.4,,,,2025,Feb,99585
Embassy Kathmandu,2025-02-27,15.19,0.0,51.47,,,,91.2,,,,2025,Feb,99585
Embassy Kathmandu,2025-02-28,15.05,0.6,60.31,,,,67.8,,,,2025,Feb,99585
Embassy Kathmandu,2025-03-01,11.96,233.66,67.05,,,,37.5,,,,2025,Mar,121632
Embassy Kathmandu,2025-03-02,12.16,2.88,59.0,,,,40.9,,,,2025,Mar,121632
Embassy Kathmandu,2025-03-03,14.28,0.0,45.7,,,,38.1,,,,2025,Mar,121632
Embassy Kathmandu,2025-03-04,14.69,0.0,45.29,,,,45.9,,,,2025,Mar,121632
Embassy Kathmandu,2025-08-07,22.81,4.32,91.75,,,,11.9,,,,2025,Aug,88681
Embassy Kathmandu,2025-08-08,22.5,8.7,91.97,,,,6.92,,,,2025,Aug,88681
Embassy Kathmandu,2025-08-09,22.32,11.27,91.39,,,,9.42,,,,2025,Aug,88681
Embassy Kathmandu,2025-08-10,22.49,4.0,92.58,,,,11.7,,,,2025,Aug,88681
Embassy Kathmandu,2025-08-11,22.52,11.11,93.64,,,,10.8,,,,2025,Aug,88681
Embassy Kathmandu,2025-08-12,23.57,7.74,92.71,,,,8.61,,,,2025,Aug,88681
Embassy Kathmandu,2025-08-13,22.69,25.01,94.89,,,,7.52,,,,2025,Aug,88681
Embassy Kathmandu,2025-08-14,21.62,3.55,89.47,,,,10.3,,,,2025,Aug,88681
Embassy Kathmandu,2025-08-15,22.2,1.57,89.55,,,,8.96,,,,2025,Aug,88681
Embassy Kathmandu,2025-08-16,22.9,5.13,88.46,,,,8.45,,,,2025,Aug,88681
Embassy Kathmandu,2025-08-17,23.71,6.11,85.35,,,,8.08,,,,2025,Aug,88681
Embassy Kathmandu,2025-08-18,23.43,5.35,82.02,,,,9.46,,,,2025,Aug,88681
Embassy Kathmandu,2025-08-19,23.24,2.22,85.68,,,,8.33,,,,2025,Aug,88681
Embassy Kathmandu,2025-08-20,22.56,4.06,89.05,,,,9.17,,,,2025,Aug,88681
Embassy Kathmandu,2025-08-21,22.26,16.65,91.44,,,,8.13,,,,2025,Aug,88681
Embassy Kathmandu,2025-08-22,22.46,6.51,90.28,,,,5.83,,,,2025,Aug,88681
Embassy Kathmandu,2025-08-23,22.55,3.14,87.28,,,,3.0,,,,2025,Aug,88681
Embassy Kathmandu,2025-08-24,22.08,0.79,91.29,,,,7.29,,,,2025,Aug,88681
Embassy Kathmandu,2025-08-25,22.48,0.15,87.77,,,,7.38,,,,2025,Aug,88681
Embassy Kathmandu,2025-08-26,22.43,0.51,90.78,,,,9.0,,,,2025,Aug,88681
Embassy Kathmandu,2025-08-27,21.37,20.49,95.2,,,,7.48,,,,2025,Aug,88681
Embassy Kathmandu,2025-08-28,21.79,20.1,89.63,,,,5.43,,,,2025,Aug,88681
Embassy Kathmandu,2025-08-29,21.66,5.95,91.98,,,,7.13,,,,2025,Aug,88681
Embassy Kathmandu,2025-08-30,21.48,6.34,92.16,,,,7.17,,,,2025,Aug,88681
Embassy Kathmandu,2025-08-31,22.06,8.24,89.46,,,,9.17,,,,2025,Aug,88681
Embassy Kathmandu,2025-09-01,22.75,0.97,89.07,,,,9.08,,,,2025,Sep,79981
Embassy Kathmandu,2025-09-02,23.51,0.11,80.45,,,,8.71,,,,2025,Sep,79981
Embassy Kathmandu,2025-09-03,22.87,0.18,84.81,,,,8.63,,,,2025,Sep,79981
Embassy Kathmandu,2025-09-04,22.29,0.9,88.14,,,,7.83,,,,2025,Sep,79981
Embassy Kathmandu,2025-09-05,22.38,4.06,88.01,,,,11.1,,,,2025,Sep,79981
Embassy Kathmandu,2025-09-06,21.91,14.56,93.57,,,,7.67,,,,2025,Sep,79981
Embassy Kathmandu,2025-09-07,22.15,8.09,89.22,,,,9.22,,,,2025,Sep,79981
Embassy Kathmandu,2025-09-08,22.36,1.22,91.26,,,,14.8,,,,2025,Sep,79981
Embassy Kathmandu,2025-09-09,22.24,3.48,94.94,,,,16.9,,,,2025,Sep,79981
Embassy Kathmandu,2025-09-10,21.85,10.62,94.73,,,,17.2,,,,2025,Sep,79981
Embassy Kathmandu,2025-09-11,21.98,7.11,92.47,,,,7.38,,,,2025,Sep,79981
Embassy Kathmandu,2025-09-12,22.04,12.44,91.97,,,,11.2,,,,2025,Sep,79981
Embassy Kathmandu,2025-09-13,21.6,13.83,94.23,,,,8.21,,,,2025,Sep,79981
Embassy Kathmandu,2025-09-14,22.12,14.6,94.11,,,,11.5,,,,2025,Sep,79981
Embassy Kathmandu,2025-09-15,20.64,9.73,93.14,,,,6.63,,,,2025,Sep,79981
Embassy Kathmandu,2025-09-16,20.95,13.02,92.34,,,,7.39,,,,2025,Sep,79981
Embassy Kathmandu,2025-09-17,21.31,9.43,91.22,,,,8.74,,,,2025,Sep,79981
Embassy Kathmandu,2025-09-18,20.43,7.62,92.53,,,,7.52,,,,2025,Sep,79981
Embassy Kathmandu,2025-09-19,21.22,22.54,88.39,,,,11.3,,,,2025,Sep,79981
Embassy Kathmandu,2025-09-20,21.26,0.45,90.48,,,,11.2,,,,2025,Sep,79981
Embassy Kathmandu,2025-09-21,21.28,0.28,90.61,,,,7.88,,,,2025,Sep,79981
Embassy Kathmandu,2025-09-22,21.89,0.43,92.08,,,,11.0,,,,2025,Sep,79981
Embassy Kathmandu,2025-09-23,22.35,0.04,88.97,,,,9.18,,,,2025,Sep,79981
Embassy Kathmandu,2025-09-24,22.61,0.02,86.87,,,,10.4,,,,2025,Sep,79981
Embassy Kathmandu,2025-09-25,22.09,0.01,90.65,,,,9.96,,,,2025,Sep,79981
Embassy Kathmandu,2025-09-26,23.18,0.02,84.65,,,,13.3,,,,2025,Sep,79981
Embassy Kathmandu,2025-09-27,22.6,0.29,87.71,,,,8.08,,,,2025,Sep,79981
Embassy Kathmandu,2025-09-28,21.6,1.16,88.34,,,,10.8,,,,2025,Sep,79981
Embassy Kathmandu,2025-09-29,21.41,1.17,87.67,,,,13.1,,,,2025,Sep,79981
Embassy Kathmandu,2025-09-30,22.12,5.3,80.18,,,,13.1,,,,2025,Sep,79981
Embassy Kathmandu,2025-10-01,21.64,12.24,84.98,,,,7.42,,,,2025,Oct,128443
Embassy Kathmandu,2025-10-02,20.0,19.7,91.42,,,,6.21,,,,2025,Oct,128443
Embassy Kathmandu,2025-10-03,20.09,30.14,86.24,,,,8.79,,,,2025,Oct,128443
Embassy Kathmandu,2025-10-04,19.59,69.53,91.67,,,,4.04,,,,2025,Oct,128443
Embassy Kathmandu,2025-10-05,20.8,7.43,93.0,,,,4.14,,,,2025,Oct,128443
Embassy Kathmandu,2025-10-06,19.8,0.37,90.92,,,,8.44,,,,2025,Oct,128443
Embassy Kathmandu,2025-10-07,19.63,0.2,91.78,,,,10.6,,,,2025,Oct,128443
Embassy Kathmandu,2025-10-08,20.24,0.54,86.83,,,,11.3,,,,2025,Oct,128443
Embassy Kathmandu,2025-10-09,20.47,0.29,83.37,,,,12.3,,,,2025,Oct,128443
Embassy Kathmandu,2025-10-10,20.17,0.0,76.25,,,,13.2,,,,2025,Oct,128443
Embassy Kathmandu,2025-10-11,19.5,0.0,78.89,,,,16.4,,,,2025,Oct,128443
Embassy Kathmandu,2025-10-12,19.39,0.0,82.78,,,,21.5,,,,2025,Oct,128443
Embassy Kathmandu,2025-10-13,18.49,0.0,82.48,,,,22.3,,,,2025,Oct,128443
Embassy Kathmandu,2025-10-14,18.84,0.0,77.23,,,,24.9,,,,2025,Oct,128443
Embassy Kathmandu,2025-10-15,19.4,0.0,81.77,,,,23.6,,,,2025,Oct,128443
Embassy Kathmandu,2025-10-16,19.86,0.0,82.46,,,,23.7,,,,2025,Oct,128443
Embassy Kathmandu,2025-10-17,19.8,0.0,86.34,,,,25.1,,,,2025,Oct,128443
Embassy Kathmandu,2025-10-18,19.5,0.0,84.16,,,,23.4,,,,2025,Oct,128443
Embassy Kathmandu,2025-10-28,18.31,1.01,72.87,,,,40.6,,,,2025,Oct,128443
Embassy Kathmandu,2025-10-29,18.35,0.22,82.47,,,,49.0,,,,2025,Oct,128443
Embassy Kathmandu,2025-10-30,17.46,31.88,88.48,,,,17.7,,,,2025,Oct,128443
Embassy Kathmandu,2025-10-31,16.87,29.18,93.3,,,,7.04,,,,2025,Oct,128443
Embassy Kathmandu,2025-11-01,17.89,7.76,93.37,,,,5.21,,,,2025,Nov,116552
Embassy Kathmandu,2025-11-02,17.42,1.01,90.22,,,,8.96,,,,2025,Nov,116552
Embassy Kathmandu,2025-11-03,17.65,0.65,84.17,,,,16.8,,,,2025,Nov,116552
Embassy Kathmandu,2025-11-04,18.63,0.14,81.45,,,,30.9,,,,2025,Nov,116552
Embassy Kathmandu,2025-11-05,18.34,0.0,80.04,,,,28.2,,,,2025,Nov,116552
Embassy Kathmandu,2025-11-06,18.03,0.0,75.37,,,,18.5,,,,2025,Nov,116552
Embassy Kathmandu,2025-11-07,17.35,0.0,79.89,,,,18.8,,,,2025,Nov,116552
Embassy Kathmandu,2025-11-08,17.09,0.0,79.39,,,,20.3,,,,2025,Nov,116552
Embassy Kathmandu,2025-11-09,17.09,0.0,75.24,,,,23.4,,,,2025,Nov,116552
Embassy Kathmandu,2025-11-10,16.19,0.0,73.07,,,,22.3,,,,2025,Nov,116552
Embassy Kathmandu,2025-11-11,15.76,0.0,73.9,,,,24.1,,,,2025,Nov,116552
Embassy Kathmandu,2025-11-12,15.45,0.0,74.36,,,,27.6,,,,2025,Nov,116552
Embassy Kathmandu,2025-11-13,15.0,0.0,75.51,,,,26.3,,,,2025,Nov,116552
Embassy Kathmandu,2025-11-14,14.58,0.0,70.83,,,,25.6,,,,2025,Nov,116552
Embassy Kathmandu,2025-11-15,14.78,0.0,75.93,,,,24.0,,,,2025,Nov,116552
Embassy Kathmandu,2025-11-16,14.88,0.0,74.77,,,,26.4,,,,2025,Nov,116552
Embassy Kathmandu,2025-11-17,14.51,0.0,72.26,,,,27.0,,,,2025,Nov,116552
Embassy Kathmandu,2025-11-18,15.55,0.0,67.09,,,,32.9,,,,2025,Nov,116552
Embassy Kathmandu,2025-11-19,15.23,0.0,81.7,,,,29.8,,,,2025,Nov,116552
Embassy Kathmandu,2025-11-20,14.72,0.0,88.0,,,,30.0,,,,2025,Nov,116552
Embassy Kathmandu,2025-11-21,14.48,0.0,87.79,,,,24.7,,,,2025,Nov,116552
Embassy Kathmandu,2025-11-22,14.11,0.0,88.76,,,,26.9,,,,2025,Nov,116552
Embassy Kathmandu,2025-11-23,13.52,0.0,85.05,,,,30.8,,,,2025,Nov,116552
Embassy Kathmandu,2025-11-24,12.56,0.0,79.1,,,,39.3,,,,2025,Nov,116552
Embassy Kathmandu,2025-11-25,13.19,0.0,70.19,,,,43.3,,,,2025,Nov,116552
Embassy Kathmandu,2025-11-26,13.76,0.0,76.11,,,,38.9,,,,2025,Nov,116552
Embassy Kathmandu,2025-11-27,15.24,0.0,72.73,,,,61.7,,,,2025,Nov,116552
Embassy Kathmandu,2025-11-28,14.73,0.0,74.04,,,,46.9,,,,2025,Nov,116552
Embassy Kathmandu,2025-11-29,14.01,0.0,76.82,,,,35.8,,,,2025,Nov,116552
Embassy Kathmandu,2025-11-30,13.6,0.0,75.06,,,,37.5,,,,2025,Nov,116552
Embassy Kathmandu,2025-12-01,13.22,0.0,77.38,,,,41.4,,,,2025,Dec,98180
Embassy Kathmandu,2025-12-02,13.09,0.0,66.35,,,,51.5,,,,2025,Dec,98180
Embassy Kathmandu,2025-12-03,12.94,0.0,65.61,,,,45.9,,,,2025,Dec,98180
Embassy Kathmandu,2025-12-04,12.94,0.0,59.29,,,,36.9,,,,2025,Dec,98180
Embassy Kathmandu,2025-12-05,12.66,0.0,65.81,,,,39.2,,,,2025,Dec,98180
Embassy Kathmandu,2025-12-06,12.34,0.0,63.16,,,,47.5,,,,2025,Dec,98180
Embassy Kathmandu,2025-12-07,12.55,0.0,68.9,,,,46.4,,,,2025,Dec,98180
Embassy Kathmandu,2025-12-08,13.05,0.0,70.87,,,,47.0,,,,2025,Dec,98180
Embassy Kathmandu,2025-12-09,12.43,0.0,71.63,,,,43.0,,,,2025,Dec,98180
Embassy Kathmandu,2025-12-10,12.29,0.0,65.67,,,,43.7,,,,2025,Dec,98180
Embassy Kathmandu,2025-12-11,12.7,0.0,64.78,,,,52.3,,,,2025,Dec,98180
Embassy Kathmandu,2025-12-12,12.55,0.0,74.27,,,,47.0,,,,2025,Dec,98180
Embassy Kathmandu,2025-12-13,13.0,0.0,73.7,,,,55.4,,,,2025,Dec,98180
Embassy Kathmandu,2025-12-14,13.45,0.0,75.69,,,,54.9,,,,2025,Dec,98180
Embassy Kathmandu,2025-12-15,12.67,0.0,81.06,,,,51.2,,,,2025,Dec,98180
Embassy Kathmandu,2025-12-16,11.97,0.0,78.57,,,,42.8,,,,2025,Dec,98180
Embassy Kathmandu,2025-12-17,11.15,0.0,75.72,,,,47.7,,,,2025,Dec,98180
Embassy Kathmandu,2025-12-18,12.32,0.0,68.39,,,,61.3,,,,2025,Dec,98180
Embassy Kathmandu,2025-12-19,11.73,0.0,71.31,,,,63.2,,,,2025,Dec,98180
Embassy Kathmandu,2025-12-20,10.4,0.0,69.77,,,,51.6,,,,2025,Dec,98180
Embassy Kathmandu,2025-12-21,10.47,0.0,74.81,,,,50.8,,,,2025,Dec,98180
Embassy Kathmandu,2025-12-22,11.72,0.0,75.07,,,,53.7,,,,2025,Dec,98180
Phora Durbar Kathman,2021-01-01,13.61,0.0,43.79,0.0163,,,131.0,,,,2021,Jan,8874
Phora Durbar Kathman,2021-01-02,13.9,0.0,42.38,0.00467,,,122.0,,,,2021,Jan,8874
Phora Durbar Kathman,2021-01-03,15.05,0.0,42.59,0.0196,,,131.0,,,,2021,Jan,8874
Phora Durbar Kathman,2021-01-04,16.34,0.0,47.81,0.01,,,298.0,,,,2021,Jan,8874
Phora Durbar Kathman,2021-01-05,16.47,0.0,53.05,0.0141,,,360.0,,,,2021,Jan,8874
Phora Durbar Kathman,2021-01-06,16.78,0.0,49.02,0.0113,,,157.0,,,,2021,Jan,8874
Phora Durbar Kathman,2021-01-07,16.32,0.0,46.39,0.0122,,,106.0,,,,2021,Jan,8874
Phora Durbar Kathman,2021-01-08,14.75,0.0,50.04,0.0127,,,89.6,,,,2021,Jan,8874
Phora Durbar Kathman,2021-01-09,15.62,0.0,45.75,0.0161,,,111.0,,,,2021,Jan,8874
Phora Durbar Kathman,2021-01-10,15.08,0.0,53.32,0.0147,,,102.0,,,,2021,Jan,8874
Phora Durbar Kathman,2021-01-11,13.52,0.0,57.73,0.0166,,,99.5,,,,2021,Jan,8874
Phora Durbar Kathman,2021-01-12,11.34,0.0,58.81,0.0155,,,102.0,,,,2021,Jan,8874
Phora Durbar Kathman,2021-01-13,10.14,0.0,48.68,0.0186,,,107.0,,,,2021,Jan,8874
Phora Durbar Kathman,2021-01-14,9.99,0.0,50.49,0.0204,,,96.7,,,,2021,Jan,8874
Phora Durbar Kathman,2021-01-15,11.25,0.0,49.4,0.0168,,,104.0,,,,2021,Jan,8874
Phora Durbar Kathman,2021-01-16,11.39,0.0,47.46,0.0186,,,84.9,,,,2021,Jan,8874
Phora Durbar Kathman,2021-01-17,11.26,0.0,42.62,0.0192,,,91.6,,,,2021,Jan,8874
Phora Durbar Kathman,2021-01-18,13.44,0.0,44.3,0.0185,,,97.3,,,,2021,Jan,8874
Phora Durbar Kathman,2021-01-19,11.86,0.0,58.94,0.0165,,,70.5,,,,2021,Jan,8874
Phora Durbar Kathman,2021-01-20,10.99,0.0,63.9,0.0177,,,87.7,,,,2021,Jan,8874
Phora Durbar Kathman,2021-01-21,10.22,0.0,51.77,0.0186,,,88.6,,,,2021,Jan,8874
Phora Durbar Kathman,2021-01-22,9.77,0.0,48.31,0.0205,,,106.0,,,,2021,Jan,8874
Phora Durbar Kathman,2021-01-23,11.77,0.0,46.58,0.0187,,,104.0,,,,2021,Jan,8874
Phora Durbar Kathman,2021-01-24,11.86,0.0,44.55,0.0168,,,91.1,,,,2021,Jan,8874
Phora Durbar Kathman,2021-01-25,11.45,0.0,39.58,0.0167,,,93.4,,,,2021,Jan,8874
Phora Durbar Kathman,2021-01-26,10.88,0.0,41.59,0.0154,,,96.1,,,,2021,Jan,8874
Phora Durbar Kathman,2021-01-27,11.11,0.0,36.25,0.0179,,,91.8,,,,2021,Jan,8874
Phora Durbar Kathman,2021-01-28,11.18,0.0,34.39,0.0195,,,99.4,,,,2021,Jan,8874
Phora Durbar Kathman,2021-01-29,10.83,0.0,36.02,0.0164,,,87.4,,,,2021,Jan,8874
Phora Durbar Kathman,2021-01-30,9.35,0.0,38.81,0.024,,,74.1,,,,2021,Jan,8874
Phora Durbar Kathman,2021-01-31,9.87,0.0,37.07,0.0209,,,78.9,,,,2021,Jan,8874
Phora Durbar Kathman,2021-02-01,9.99,0.0,37.82,0.00464,,,86.4,,,,2021,Feb,9266
Phora Durbar Kathman,2021-02-02,11.22,0.0,37.15,0.0237,,,87.0,,,,2021,Feb,9266
Phora Durbar Kathman,2021-02-03,12.5,0.0,37.7,0.021,,,106.0,,,,2021,Feb,9266
Phora Durbar Kathman,2021-02-04,13.24,0.0,35.31,0.0182,,,95.1,,,,2021,Feb,9266
Phora Durbar Kathman,2021-02-05,13.24,0.05,41.7,0.0129,,,99.8,,,,2021,Feb,9266
Phora Durbar Kathman,2021-02-06,11.12,0.54,61.75,0.0215,,,69.5,,,,2021,Feb,9266
Phora Durbar Kathman,2021-02-07,11.36,0.0,49.07,0.0168,,,68.2,,,,2021,Feb,9266
Phora Durbar Kathman,2021-02-08,13.14,0.06,37.35,0.0201,,,100.0,,,,2021,Feb,9266
Phora Durbar Kathman,2021-02-09,13.89,0.0,36.77,0.0207,,,99.3,,,,2021,Feb,9266
Phora Durbar Kathman,2021-02-10,13.47,0.0,43.25,0.0216,,,104.0,,,,2021,Feb,9266
Phora Durbar Kathman,2021-02-11,13.69,0.0,45.12,0.0227,,,92.7,,,,2021,Feb,9266
Phora Durbar Kathman,2021-02-12,14.32,0.0,44.64,0.0228,,,105.0,,,,2021,Feb,9266
Phora Durbar Kathman,2021-02-13,14.05,0.0,46.9,0.0217,,,109.0,,,,2021,Feb,9266
Phora Durbar Kathman,2021-02-14,13.9,0.02,47.12,0.025,,,106.0,,,,2021,Feb,9266
Phora Durbar Kathman,2021-02-15,13.83,0.18,46.11,0.00583,,,119.0,,,,2021,Feb,9266
Phora Durbar Kathman,2021-02-16,13.95,0.15,43.1,0.0343,,,84.8,,,,2021,Feb,9266
Phora Durbar Kathman,2021-02-17,14.36,0.07,42.17,0.0185,,,75.9,,,,2021,Feb,9266
Phora Durbar Kathman,2021-02-18,13.56,0.56,51.53,0.0206,,,67.0,,,,2021,Feb,9266
Phora Durbar Kathman,2021-02-19,13.8,1.05,52.54,0.0263,,,62.8,,,,2021,Feb,9266
Phora Durbar Kathman,2021-02-20,15.09,0.0,42.98,0.0264,,,64.2,,,,2021,Feb,9266
Phora Durbar Kathman,2021-02-21,15.76,0.0,37.0,0.0309,,,78.6,,,,2021,Feb,9266
Phora Durbar Kathman,2021-02-22,16.16,0.0,37.73,0.0332,,,90.0,,,,2021,Feb,9266
Phora Durbar Kathman,2021-02-23,16.26,0.0,41.98,0.0323,,,109.0,,,,2021,Feb,9266
Phora Durbar Kathman,2021-02-24,16.3,0.0,39.75,0.0292,,,105.0,,,,2021,Feb,9266
Phora Durbar Kathman,2021-02-25,16.54,0.0,33.04,0.0257,,,122.0,,,,2021,Feb,9266
Phora Durbar Kathman,2021-02-26,17.66,0.02,32.77,0.0255,,,122.0,,,,2021,Feb,9266
Phora Durbar Kathman,2021-02-27,17.54,0.07,36.46,0.00914,,,137.0,,,,2021,Feb,9266
Phora Durbar Kathman,2021-02-28,18.19,0.02,39.86,0.0396,,,86.3,,,,2021,Feb,9266
Phora Durbar Kathman,2021-03-01,18.1,0.03,31.2,0.0307,,,79.3,,,,2021,Mar,15254
Phora Durbar Kathman,2021-03-02,15.7,0.0,23.76,0.0316,,,63.5,,,,2021,Mar,15254
Phora Durbar Kathman,2021-03-03,15.83,0.0,27.76,0.0122,,,95.0,,,,2021,Mar,15254
Phora Durbar Kathman,2021-03-04,16.14,0.0,31.89,0.0479,,,85.8,,,,2021,Mar,15254
Phora Durbar Kathman,2021-03-05,16.79,0.23,29.86,0.0292,,,92.4,,,,2021,Mar,15254
Phora Durbar Kathman,2021-03-06,16.79,1.42,31.23,0.0238,,,77.0,,,,2021,Mar,15254
Phora Durbar Kathman,2021-03-07,17.23,0.0,31.4,0.0181,,,108.0,,,,2021,Mar,15254
Phora Durbar Kathman,2021-03-08,16.93,0.01,33.96,0.0241,,,85.5,,,,2021,Mar,15254
Phora Durbar Kathman,2021-03-09,17.99,0.35,34.19,0.0239,,,65.7,,,,2021,Mar,15254
Phora Durbar Kathman,2021-03-10,18.67,0.86,34.54,0.0255,,,68.0,,,,2021,Mar,15254
Phora Durbar Kathman,2021-03-11,18.71,1.22,36.93,0.0252,,,64.0,,,,2021,Mar,15254
Phora Durbar Kathman,2021-03-12,19.3,0.04,30.74,0.0299,,,81.2,,,,2021,Mar,15254
Phora Durbar Kathman,2021-03-13,18.7,0.21,34.38,0.0312,,,55.5,,,,2021,Mar,15254
Phora Durbar Kathman,2021-03-14,17.85,0.1,46.11,0.0268,,,81.3,,,,2021,Mar,15254
Phora Durbar Kathman,2021-03-15,18.38,0.0,37.27,0.0303,,,88.2,,,,2021,Mar,15254
Phora Durbar Kathman,2021-03-16,18.86,0.09,31.89,0.0386,,,102.0,,,,2021,Mar,15254
Phora Durbar Kathman,2021-03-17,19.45,0.0,30.21,0.0357,,,122.0,,,,2021,Mar,15254
Phora Durbar Kathman,2021-03-18,19.45,0.08,33.96,0.0438,,,148.0,,,,2021,Mar,15254
Phora Durbar Kathman,2021-03-19,20.78,0.06,30.88,0.0388,,,137.0,,,,2021,Mar,15254
Phora Durbar Kathman,2021-03-20,20.56,0.01,33.76,0.0402,,,112.0,,,,2021,Mar,15254
Phora Durbar Kathman,2021-03-21,19.56,0.0,36.26,0.0291,,,109.0,,,,2021,Mar,15254
Phora Durbar Kathman,2021-03-22,20.23,0.0,31.79,0.036,,,138.0,,,,2021,Mar,15254
Phora Durbar Kathman,2021-03-23,21.47,0.0,29.62,0.0432,,,165.0,,,,2021,Mar,15254
Phora Durbar Kathman,2021-03-24,20.77,0.0,32.35,0.0499,,,125.0,,,,2021,Mar,15254
Phora Durbar Kathman,2021-03-25,19.03,0.0,28.21,0.033,,,113.0,,,,2021,Mar,15254
Phora Durbar Kathman,2021-03-26,19.75,0.0,25.31,0.0371,,,226.0,,,,2021,Mar,15254
Phora Durbar Kathman,2021-03-27,20.93,0.0,25.25,0.032,,,320.0,,,,2021,Mar,15254
Phora Durbar Kathman,2021-03-28,20.99,0.0,30.23,0.0291,,,286.0,,,,2021,Mar,15254
Phora Durbar Kathman,2021-03-29,21.03,0.16,36.52,0.0244,,,256.0,,,,2021,Mar,15254
Phora Durbar Kathman,2021-03-30,21.27,2.15,38.73,0.0386,,,195.0,,,,2021,Mar,15254
Phora Durbar Kathman,2021-03-31,22.48,4.36,28.48,0.0315,,,151.0,,,,2021,Mar,15254
Phora Durbar Kathman,2021-04-01,20.49,2.0,23.18,0.0405,,,62.8,,,,2021,Apr,22732
Phora Durbar Kathman,2021-04-02,19.9,0.16,18.84,0.00617,,,59.2,,,,2021,Apr,22732
Phora Durbar Kathman,2021-04-03,19.14,0.0,18.92,0.0426,,,111.0,,,,2021,Apr,22732
Phora Durbar Kathman,2021-04-04,19.63,0.0,17.19,0.0327,,,184.0,,,,2021,Apr,22732
Phora Durbar Kathman,2021-04-05,20.75,0.0,16.91,0.0324,,,251.0,,,,2021,Apr,22732
Phora Durbar Kathman,2021-04-06,21.96,0.0,19.5,0.023,,,254.0,,,,2021,Apr,22732
Phora Durbar Kathman,2021-04-07,23.2,0.03,22.63,0.0363,,,209.0,,,,2021,Apr,22732
Phora Durbar Kathman,2021-04-08,23.08,0.02,24.11,0.032,,,120.0,,,,2021,Apr,22732
Phora Durbar Kathman,2021-04-09,22.63,0.06,21.88,0.0254,,,60.4,,,,2021,Apr,22732
Phora Durbar Kathman,2021-04-10,22.28,0.2,19.92,0.0331,,,56.3,,,,2021,Apr,22732
Phora Durbar Kathman,2021-04-11,22.46,0.06,16.32,0.04,,,99.7,,,,2021,Apr,22732
Phora Durbar Kathman,2021-04-12,22.89,0.0,17.25,0.0374,,,156.0,,,,2021,Apr,22732
Phora Durbar Kathman,2021-04-13,23.56,0.01,23.04,0.0284,,,140.0,,,,2021,Apr,22732
Phora Durbar Kathman,2021-04-14,24.4,0.04,23.99,0.0374,,,134.0,,,,2021,Apr,22732
Phora Durbar Kathman,2021-04-15,23.77,0.02,26.04,0.039,,,116.0,,,,2021,Apr,22732
Phora Durbar Kathman,2021-04-16,23.16,11.07,37.26,0.0313,,,56.7,,,,2021,Apr,22732
Phora Durbar Kathman,2021-04-17,22.43,2.15,37.84,0.0302,,,57.5,,,,2021,Apr,22732
Phora Durbar Kathman,2021-04-18,22.03,1.65,34.53,0.0265,,,43.2,,,,2021,Apr,22732
Phora Durbar Kathman,2021-04-19,21.78,1.06,34.96,0.0262,,,44.2,,,,2021,Apr,22732
Phora Durbar Kathman,2021-04-20,23.42,0.01,26.36,0.0395,,,74.4,,,,2021,Apr,22732
Phora Durbar Kathman,2021-04-21,22.75,4.75,34.48,0.028,,,79.9,,,,2021,Apr,22732
Phora Durbar Kathman,2021-04-22,20.64,8.83,55.44,0.0262,,,31.1,,,,2021,Apr,22732
Phora Durbar Kathman,2021-04-23,21.86,0.01,38.66,0.0338,,,28.7,,,,2021,Apr,22732
Phora Durbar Kathman,2021-04-24,23.4,0.0,31.96,0.0302,,,51.4,,,,2021,Apr,22732
Phora Durbar Kathman,2021-04-26,23.58,0.0,20.77,0.018,,,,,,,2021,Apr,22732
Phora Durbar Kathman,2021-04-27,24.3,0.0,24.69,0.0463,,,79.6,,,,2021,Apr,22732
Phora Durbar Kathman,2021-04-28,24.52,0.13,27.35,0.055,,,95.7,,,,2021,Apr,22732
Phora Durbar Kathman,2021-04-29,24.14,1.68,35.52,,,,69.0,,,,2021,Apr,22732
Phora Durbar Kathman,2021-04-30,23.7,0.7,42.92,,,,45.8,,,,2021,Apr,22732
Phora Durbar Kathman,2021-05-01,22.03,3.01,51.92,0.002,,,41.1,,,,2021,May,1531
Phora Durbar Kathman,2021-05-02,21.73,6.88,57.58,,,,36.2,,,,2021,May,1531
Phora Durbar Kathman,2021-05-03,22.17,0.91,47.76,,,,48.7,,,,2021,May,1531
Phora Durbar Kathman,2021-05-04,19.56,6.0,63.17,,,,48.1,,,,2021,May,1531
Phora Durbar Kathman,2021-05-05,19.18,6.01,67.32,0.0195,,,27.3,,,,2021,May,1531
Phora Durbar Kathman,2021-05-06,20.31,3.46,64.38,0.04,,,38.4,,,,2021,May,1531
Phora Durbar Kathman,2021-05-07,21.51,9.07,62.97,0.0251,,,44.2,,,,2021,May,1531
Phora Durbar Kathman,2021-05-08,22.24,0.78,52.69,0.0294,,,36.1,,,,2021,May,1531
Phora Durbar Kathman,2021-05-09,21.11,2.26,54.58,0.039,,,29.0,,,,2021,May,1531
Phora Durbar Kathman,2021-05-10,21.74,3.35,52.44,0.0442,,,38.1,,,,2021,May,1531
Phora Durbar Kathman,2021-05-11,21.11,4.81,57.16,0.0269,,,39.0,,,,2021,May,1531
Phora Durbar Kathman,2021-05-12,19.25,17.84,66.46,0.0272,,,26.0,,,,2021,May,1531
Phora Durbar Kathman,2021-05-13,19.84,2.19,59.5,0.0261,,,22.6,,,,2021,May,1531
Phora Durbar Kathman,2021-05-14,21.27,0.06,55.07,0.0279,,,23.7,,,,2021,May,1531
Phora Durbar Kathman,2021-05-15,23.55,0.02,46.11,0.0322,,,27.3,,,,2021,May,1531
Phora Durbar Kathman,2021-05-16,24.48,0.08,41.97,0.0334,,,31.1,,,,2021,May,1531
Phora Durbar Kathman,2021-05-17,25.32,0.05,38.16,0.0378,,,40.9,,,,2021,May,1531
Phora Durbar Kathman,2021-05-18,25.14,0.09,36.35,0.0351,,,49.3,,,,2021,May,1531
Phora Durbar Kathman,2021-05-19,22.66,5.3,54.52,0.0266,,,46.2,,,,2021,May,1531
Phora Durbar Kathman,2021-05-20,21.67,15.84,74.07,0.0104,,,25.1,,,,2021,May,1531
Phora Durbar Kathman,2021-05-21,23.42,1.44,71.01,0.0206,,,15.7,,,,2021,May,1531
Phora Durbar Kathman,2021-05-22,24.16,0.01,62.64,0.0292,,,15.2,,,,2021,May,1531
Phora Durbar Kathman,2021-05-24,26.1,0.22,47.92,0.0432,,,20.9,,,,2021,May,1531
Phora Durbar Kathman,2021-05-25,25.06,1.75,54.94,0.0265,,,23.4,,,,2021,May,1531
Phora Durbar Kathman,2021-05-26,23.22,9.98,74.1,0.0163,,,8.33,,,,2021,May,1531
Phora Durbar Kathman,2021-05-27,22.57,47.1,83.21,0.0113,,,6.29,,,,2021,May,1531
Phora Durbar Kathman,2021-05-28,22.24,35.01,82.53,0.0181,,,7.21,,,,2021,May,1531
Phora Durbar Kathman,2021-05-29,22.89,16.07,77.62,0.0281,,,11.0,,,,2021,May,1531
Phora Durbar Kathman,2021-05-30,23.19,4.89,79.31,0.00783,,,23.2,,,,2021,May,1531
Phora Durbar Kathman,2021-05-31,22.91,4.4,81.58,0.0313,,,21.5,,,,2021,May,1531
Phora Durbar Kathman,2021-06-01,23.08,3.44,75.71,0.0277,,,20.7,,,,2021,Jun,1187
Phora Durbar Kathman,2021-06-02,22.53,0.11,70.3,0.0371,,,20.8,,,,2021,Jun,1187
Phora Durbar Kathman,2021-06-03,23.98,0.0,62.29,0.0294,,,22.5,,,,2021,Jun,1187
Phora Durbar Kathman,2021-06-04,24.42,0.38,65.75,0.0352,,,27.0,,,,2021,Jun,1187
Phora Durbar Kathman,2021-06-05,24.89,0.64,68.56,0.0382,,,32.2,,,,2021,Jun,1187
Phora Durbar Kathman,2021-06-06,24.33,0.79,72.23,0.0408,,,30.4,,,,2021,Jun,1187
Phora Durbar Kathman,2021-06-07,25.02,1.27,70.33,0.0472,,,31.8,,,,2021,Jun,1187
Phora Durbar Kathman,2021-06-08,24.89,6.2,69.31,0.0501,,,37.1,,,,2021,Jun,1187
Phora Durbar Kathman,2021-06-09,23.27,13.46,81.73,,,,27.5,,,,2021,Jun,1187
Phora Durbar Kathman,2021-06-10,22.07,10.14,84.89,0.0298,,,24.5,,,,2021,Jun,1187
Phora Durbar Kathman,2021-06-11,22.61,13.46,83.68,0.02,,,22.3,,,,2021,Jun,1187
Phora Durbar Kathman,2021-06-12,22.71,13.16,83.36,0.0183,,,8.32,,,,2021,Jun,1187
Phora Durbar Kathman,2021-06-13,22.26,5.6,86.23,-0.0116,,,14.3,,,,2021,Jun,1187
Phora Durbar Kathman,2021-06-14,22.95,21.37,87.03,-0.0235,,,10.7,,,,2021,Jun,1187
Phora Durbar Kathman,2021-06-15,22.34,17.7,89.74,-0.331,,,12.4,,,,2021,Jun,1187
Phora Durbar Kathman,2021-06-16,22.82,7.36,89.36,,,,14.0,,,,2021,Jun,1187
Phora Durbar Kathman,2021-06-17,23.02,2.22,88.31,,,,9.95,,,,2021,Jun,1187
Phora Durbar Kathman,2021-06-18,22.67,0.73,83.4,,,,10.8,,,,2021,Jun,1187
Phora Durbar Kathman,2021-06-19,21.96,2.76,86.89,,,,7.88,,,,2021,Jun,1187
Phora Durbar Kathman,2021-06-20,22.0,4.32,86.35,,,,9.77,,,,2021,Jun,1187
Phora Durbar Kathman,2021-06-21,22.75,3.52,87.68,,,,34.4,,,,2021,Jun,1187
Phora Durbar Kathman,2021-06-23,22.71,10.21,94.18,,,,15.0,,,,2021,Jun,1187
Phora Durbar Kathman,2021-06-24,23.21,6.6,87.97,0.0178,,,14.6,,,,2021,Jun,1187
Phora Durbar Kathman,2021-06-25,22.53,9.41,91.62,0.0147,,,47.1,,,,2021,Jun,1187
Phora Durbar Kathman,2021-06-26,22.12,21.15,89.83,0.0162,,,12.3,,,,2021,Jun,1187
Phora Durbar Kathman,2021-06-27,22.64,3.15,88.46,-0.0203,,,15.0,,,,2021,Jun,1187
Phora Durbar Kathman,2021-06-28,23.2,2.48,87.89,-0.0206,,,18.6,,,,2021,Jun,1187
Phora Durbar Kathman,2021-06-29,22.3,9.31,95.2,0.0226,,,16.8,,,,2021,Jun,1187
Phora Durbar Kathman,2021-06-30,22.11,17.09,91.83,-0.02,,,27.4,,,,2021,Jun,1187
Phora Durbar Kathman,2021-07-01,22.52,36.43,90.97,0.0305,,,34.8,,,,2021,Jul,3093
Phora Durbar Kathman,2021-07-02,22.8,31.06,92.28,0.0207,,,17.6,,,,2021,Jul,3093
Phora Durbar Kathman,2021-07-03,22.99,21.33,91.66,0.0286,,,13.3,,,,2021,Jul,3093
Phora Durbar Kathman,2021-07-04,22.45,5.67,89.8,-0.0114,,,17.7,,,,2021,Jul,3093
Phora Durbar Kathman,2021-07-05,22.98,5.51,89.81,0.0264,,,15.3,,,,2021,Jul,3093
Phora Durbar Kathman,2021-07-06,22.91,15.07,92.5,-0.0148,,,17.0,,,,2021,Jul,3093
Phora Durbar Kathman,2021-07-07,22.49,4.01,94.15,0.0244,,,22.9,,,,2021,Jul,3093
Phora Durbar Kathman,2021-07-08,22.6,21.46,92.9,0.0225,,,15.1,,,,2021,Jul,3093
Phora Durbar Kathman,2021-07-09,22.94,7.15,91.8,0.0179,,,9.71,,,,2021,Jul,3093
Phora Durbar Kathman,2021-07-10,22.43,20.01,94.74,0.0103,,,8.0,,,,2021,Jul,3093
Phora Durbar Kathman,2021-07-12,22.75,5.71,88.48,-0.0247,,,11.3,,,,2021,Jul,3093
Phora Durbar Kathman,2021-07-13,23.55,23.06,86.21,-0.0692,,,9.77,,,,2021,Jul,3093
Phora Durbar Kathman,2021-07-14,22.74,21.33,92.09,0.0151,,,9.92,,,,2021,Jul,3093
Phora Durbar Kathman,2021-07-15,22.86,3.17,90.29,0.0126,,,10.9,,,,2021,Jul,3093
Phora Durbar Kathman,2021-07-16,22.56,6.83,91.13,0.00905,,,18.1,,,,2021,Jul,3093
Phora Durbar Kathman,2021-07-17,21.94,10.99,93.34,0.0122,,,17.0,,,,2021,Jul,3093
Phora Durbar Kathman,2021-07-18,22.51,2.92,92.02,-0.0248,,,12.6,,,,2021,Jul,3093
Phora Durbar Kathman,2021-07-19,22.85,21.01,93.12,-0.0206,,,14.7,,,,2021,Jul,3093
Phora Durbar Kathman,2021-07-20,23.21,23.74,87.89,0.0137,,,16.8,,,,2021,Jul,3093
Phora Durbar Kathman,2021-07-21,22.91,10.13,89.92,-0.0254,,,11.4,,,,2021,Jul,3093
Phora Durbar Kathman,2021-07-22,22.9,5.03,88.61,0.0152,,,12.5,,,,2021,Jul,3093
Phora Durbar Kathman,2021-07-23,24.29,6.81,86.71,0.0156,,,7.48,,,,2021,Jul,3093
Phora Durbar Kathman,2021-07-24,24.01,4.73,85.48,0.0159,,,5.66,,,,2021,Jul,3093
Phora Durbar Kathman,2021-07-25,23.3,7.68,92.68,-0.0482,,,6.81,,,,2021,Jul,3093
Phora Durbar Kathman,2021-08-03,22.99,31.94,91.22,0.016,,,9.0,,,,2021,Aug,6093
Phora Durbar Kathman,2021-08-04,22.14,10.11,90.34,0.0115,,,11.6,,,,2021,Aug,6093
Phora Durbar Kathman,2021-08-05,23.56,3.18,82.26,0.0307,,,16.6,,,,2021,Aug,6093
Phora Durbar Kathman,2021-08-06,24.16,7.88,81.44,0.0216,,,20.1,,,,2021,Aug,6093
Phora Durbar Kathman,2021-08-07,22.79,15.0,90.03,0.0186,,,16.1,,,,2021,Aug,6093
Phora Durbar Kathman,2021-08-08,22.63,22.82,90.69,0.0186,,,7.63,,,,2021,Aug,6093
Phora Durbar Kathman,2021-08-09,22.91,7.94,91.49,-0.0236,,,10.7,,,,2021,Aug,6093
Phora Durbar Kathman,2021-08-10,23.26,4.3,92.89,0.0192,,,12.7,,,,2021,Aug,6093
Phora Durbar Kathman,2021-08-11,23.26,4.21,93.95,-0.0193,,,14.2,,,,2021,Aug,6093
Phora Durbar Kathman,2021-08-12,23.24,9.05,92.46,0.0162,,,15.6,,,,2021,Aug,6093
Phora Durbar Kathman,2021-08-13,23.07,17.5,89.37,-0.0146,,,15.6,,,,2021,Aug,6093
Phora Durbar Kathman,2021-08-14,22.75,28.23,93.24,0.0144,,,11.2,,,,2021,Aug,6093
Phora Durbar Kathman,2021-08-15,22.66,15.87,92.01,-0.00465,,,8.73,,,,2021,Aug,6093
Phora Durbar Kathman,2021-08-16,22.99,7.39,92.18,-0.00498,,,13.3,,,,2021,Aug,6093
Phora Durbar Kathman,2021-08-17,22.65,10.06,94.89,0.02,,,17.3,,,,2021,Aug,6093
Phora Durbar Kathman,2021-08-18,22.1,11.02,94.49,0.0191,,,15.8,,,,2021,Aug,6093
Phora Durbar Kathman,2021-08-19,22.41,11.34,90.49,0.0148,,,6.3,,,,2021,Aug,6093
Phora Durbar Kathman,2021-08-20,21.75,3.83,91.9,-0.105,,,10.3,,,,2021,Aug,6093
Phora Durbar Kathman,2021-08-24,22.33,13.58,92.67,0.00669,,,,,,,2021,Aug,6093
Phora Durbar Kathman,2021-08-25,22.47,11.93,93.97,-0.0066,,,15.2,,,,2021,Aug,6093
Phora Durbar Kathman,2021-08-26,22.33,27.05,95.48,0.0165,,,9.71,,,,2021,Aug,6093
Phora Durbar Kathman,2021-08-27,22.04,24.22,97.14,0.0204,,,24.0,,,,2021,Aug,6093
Phora Durbar Kathman,2021-08-28,21.74,15.89,94.52,0.0157,,,18.4,,,,2021,Aug,6093
Phora Durbar Kathman,2021-08-29,21.53,15.48,92.71,0.00717,,,12.3,,,,2021,Aug,6093
Phora Durbar Kathman,2021-08-30,21.04,7.07,90.27,-0.0984,,,18.0,,,,2021,Aug,6093
Phora Durbar Kathman,2021-08-31,21.31,7.3,93.51,0.0151,,,15.1,,,,2021,Aug,6093
Phora Durbar Kathman,2021-09-01,22.26,2.86,89.11,-0.00504,,,13.6,,,,2021,Sep,9907
Phora Durbar Kathman,2021-09-02,22.2,10.95,93.6,0.0127,,,18.3,,,,2021,Sep,9907
Phora Durbar Kathman,2021-09-03,21.73,5.39,95.23,0.0164,,,18.2,,,,2021,Sep,9907
Phora Durbar Kathman,2021-09-04,22.18,2.71,88.05,0.0129,,,16.2,,,,2021,Sep,9907
Phora Durbar Kathman,2021-09-05,22.94,12.32,90.78,0.0157,,,18.2,,,,2021,Sep,9907
Phora Durbar Kathman,2021-09-06,22.05,39.73,90.68,-0.00871,,,13.8,,,,2021,Sep,9907
Phora Durbar Kathman,2021-09-07,21.41,8.28,92.45,0.00994,,,10.6,,,,2021,Sep,9907
Phora Durbar Kathman,2021-09-08,21.45,8.59,91.85,-0.0572,,,13.2,,,,2021,Sep,9907
Phora Durbar Kathman,2021-09-09,21.47,1.35,94.46,0.0106,,,,,,,2021,Sep,9907
Phora Durbar Kathman,2021-09-10,22.41,0.46,86.92,0.011,,,20.6,,,,2021,Sep,9907
Phora Durbar Kathman,2021-09-11,22.57,0.15,87.7,0.0154,,,17.7,,,,2021,Sep,9907
Phora Durbar Kathman,2021-09-12,23.06,0.59,87.19,-0.00411,,,17.6,,,,2021,Sep,9907
Phora Durbar Kathman,2021-09-13,23.06,3.06,87.03,0.0134,,,21.5,,,,2021,Sep,9907
Phora Durbar Kathman,2021-09-14,21.58,0.75,88.45,0.00994,,,19.4,,,,2021,Sep,9907
Phora Durbar Kathman,2021-09-15,21.0,4.38,89.12,0.00485,,,16.8,,,,2021,Sep,9907
Phora Durbar Kathman,2021-09-16,21.02,3.75,87.71,0.0118,,,24.9,,,,2021,Sep,9907
Phora Durbar Kathman,2021-09-17,21.22,4.01,88.21,0.00771,,,22.4,,,,2021,Sep,9907
Phora Durbar Kathman,2021-09-18,21.89,1.17,92.15,0.0148,,,18.0,,,,2021,Sep,9907
Phora Durbar Kathman,2021-09-19,22.59,1.54,91.62,0.0129,,,17.8,,,,2021,Sep,9907
Phora Durbar Kathman,2021-09-20,22.48,5.72,90.86,-0.00877,,,17.4,,,,2021,Sep,9907
Phora Durbar Kathman,2021-09-21,22.09,8.56,91.77,0.0189,,,12.0,,,,2021,Sep,9907
Phora Durbar Kathman,2021-09-22,21.09,8.97,91.89,-0.00428,,,18.4,,,,2021,Sep,9907
Phora Durbar Kathman,2021-09-23,21.08,1.73,91.89,0.0124,,,17.6,,,,2021,Sep,9907
Phora Durbar Kathman,2021-09-24,21.79,0.34,89.71,0.0211,,,17.2,,,,2021,Sep,9907
Phora Durbar Kathman,2021-09-25,22.07,2.57,91.37,0.0137,,,19.5,,,,2021,Sep,9907
Phora Durbar Kathman,2021-09-26,22.39,5.23,86.22,0.0124,,,29.1,,,,2021,Sep,9907
Phora Durbar Kathman,2021-09-27,22.28,3.4,85.78,-0.0565,,,24.8,,,,2021,Sep,9907
Phora Durbar Kathman,2021-09-28,21.33,5.22,89.34,0.00876,,,20.2,,,,2021,Sep,9907
Phora Durbar Kathman,2021-09-29,20.65,3.46,93.9,0.00138,,,19.8,,,,2021,Sep,9907
Phora Durbar Kathman,2021-09-30,20.97,2.99,91.13,0.0125,,,28.9,,,,2021,Sep,9907
Phora Durbar Kathman,2021-10-01,20.99,3.11,88.25,0.0118,,,24.4,,,,2021,Oct,23338
Phora Durbar Kathman,2021-10-02,20.7,8.67,89.83,0.00856,,,15.6,,,,2021,Oct,23338
Phora Durbar Kathman,2021-10-03,21.16,10.13,84.93,-0.0116,,,24.7,,,,2021,Oct,23338
Phora Durbar Kathman,2021-10-04,21.14,9.68,92.41,-0.00579,,,22.6,,,,2021,Oct,23338
Phora Durbar Kathman,2021-10-05,21.43,9.09,90.28,0.0181,,,24.3,,,,2021,Oct,23338
Phora Durbar Kathman,2021-10-06,21.11,0.73,92.04,-0.00486,,,23.0,,,,2021,Oct,23338
Phora Durbar Kathman,2021-10-07,21.25,0.98,92.44,0.0178,,,20.1,,,,2021,Oct,23338
Phora Durbar Kathman,2021-10-08,21.11,1.78,92.91,0.0173,,,24.8,,,,2021,Oct,23338
Phora Durbar Kathman,2021-10-09,20.77,1.62,92.31,-0.0025,,,32.8,,,,2021,Oct,23338
Phora Durbar Kathman,2021-10-10,21.26,0.16,91.01,-0.002,,,32.7,,,,2021,Oct,23338
Phora Durbar Kathman,2021-10-11,21.22,0.0,89.11,-0.0262,,,36.8,,,,2021,Oct,23338
Phora Durbar Kathman,2021-10-12,22.68,0.0,82.5,-4.35e-05,,,33.2,,,,2021,Oct,23338
Phora Durbar Kathman,2021-10-13,23.06,0.0,79.68,4.92e-18,,,29.6,,,,2021,Oct,23338
Phora Durbar Kathman,2021-10-14,23.07,0.0,81.48,0.0217,,,25.6,,,,2021,Oct,23338
Phora Durbar Kathman,2021-10-15,22.58,0.12,90.19,-0.00245,,,21.3,,,,2021,Oct,23338
Phora Durbar Kathman,2021-10-16,21.86,3.75,89.22,-0.115,,,17.3,,,,2021,Oct,23338
Phora Durbar Kathman,2021-10-17,21.13,14.93,93.96,,,,11.1,,,,2021,Oct,23338
Phora Durbar Kathman,2021-10-18,20.08,15.3,92.08,,,,12.6,,,,2021,Oct,23338
Phora Durbar Kathman,2021-10-20,20.54,10.96,91.67,,,,17.0,,,,2021,Oct,23338
Phora Durbar Kathman,2021-10-21,19.23,0.78,87.4,,,,11.7,,,,2021,Oct,23338
Phora Durbar Kathman,2021-10-22,18.76,0.56,89.32,,,,22.4,,,,2021,Oct,23338
Phora Durbar Kathman,2021-10-23,17.77,0.32,93.57,,,,37.8,,,,2021,Oct,23338
Phora Durbar Kathman,2021-10-24,18.11,0.5,92.4,0.0275,,,46.0,,,,2021,Oct,23338
Phora Durbar Kathman,2021-10-25,18.1,0.12,90.7,-0.0136,,,43.5,,,,2021,Oct,23338
Phora Durbar Kathman,2021-10-26,18.1,0.22,86.2,-0.0586,,,37.2,,,,2021,Oct,23338
Phora Durbar Kathman,2021-10-27,17.78,0.01,81.66,-0.0221,,,33.6,,,,2021,Oct,23338
Phora Durbar Kathman,2021-10-28,18.1,0.0,78.49,0.0198,,,36.9,,,,2021,Oct,23338
Phora Durbar Kathman,2021-10-29,17.5,0.0,86.77,0.00525,,,36.9,,,,2021,Oct,23338
Phora Durbar Kathman,2021-10-30,17.6,0.0,82.85,0.0254,,,36.6,,,,2021,Oct,23338
Phora Durbar Kathman,2021-10-31,16.54,0.0,87.99,-0.0182,,,37.6,,,,2021,Oct,23338
Phora Durbar Kathman,2021-11-01,16.06,0.0,85.73,-0.00527,,,42.4,,,,2021,Nov,26135
Phora Durbar Kathman,2021-11-02,16.5,0.0,85.22,0.0246,,,48.9,,,,2021,Nov,26135
Phora Durbar Kathman,2021-11-03,16.09,0.0,80.7,-0.0175,,,43.8,,,,2021,Nov,26135
Phora Durbar Kathman,2021-11-04,15.81,0.0,74.85,0.0213,,,43.4,,,,2021,Nov,26135
Phora Durbar Kathman,2021-11-05,15.49,0.0,74.51,0.0214,,,41.4,,,,2021,Nov,26135
Phora Durbar Kathman,2021-11-06,15.54,0.0,77.85,0.0184,,,36.1,,,,2021,Nov,26135
Phora Durbar Kathman,2021-11-07,15.49,0.0,82.81,0.0204,,,31.5,,,,2021,Nov,26135
Phora Durbar Kathman,2021-11-08,16.0,0.0,81.53,0.0178,,,34.3,,,,2021,Nov,26135
Phora Durbar Kathman,2021-11-09,16.53,0.0,85.97,0.0175,,,32.1,,,,2021,Nov,26135
Phora Durbar Kathman,2021-11-10,16.73,0.0,89.53,0.0168,,,31.8,,,,2021,Nov,26135
Phora Durbar Kathman,2021-11-11,16.31,0.0,88.83,0.0154,,,34.8,,,,2021,Nov,26135
Phora Durbar Kathman,2021-11-12,15.75,0.0,83.5,0.0155,,,39.9,,,,2021,Nov,26135
Phora Durbar Kathman,2021-11-13,15.2,0.03,84.1,0.0162,,,41.9,,,,2021,Nov,26135
Phora Durbar Kathman,2021-11-14,15.2,0.41,82.51,0.0205,,,38.0,,,,2021,Nov,26135
Phora Durbar Kathman,2021-11-15,14.8,0.12,83.04,0.0204,,,39.8,,,,2021,Nov,26135
Phora Durbar Kathman,2021-11-16,14.82,0.0,83.77,0.0207,,,37.8,,,,2021,Nov,26135
Phora Durbar Kathman,2021-11-17,14.91,0.0,84.91,0.0193,,,43.2,,,,2021,Nov,26135
Phora Durbar Kathman,2021-11-18,16.04,0.0,83.55,0.0139,,,66.8,,,,2021,Nov,26135
Phora Durbar Kathman,2021-11-19,16.02,0.0,82.68,0.0095,,,71.0,,,,2021,Nov,26135
Phora Durbar Kathman,2021-11-20,16.18,0.24,81.2,0.0134,,,65.9,,,,2021,Nov,26135
Phora Durbar Kathman,2021-11-21,15.78,0.0,77.94,0.0161,,,56.0,,,,2021,Nov,26135
Phora Durbar Kathman,2021-11-22,14.59,0.0,79.81,0.0215,,,45.3,,,,2021,Nov,26135
Phora Durbar Kathman,2021-11-23,13.13,0.0,82.4,0.0195,,,69.3,,,,2021,Nov,26135
Phora Durbar Kathman,2021-11-24,12.92,0.0,87.36,0.0208,,,88.5,,,,2021,Nov,26135
Phora Durbar Kathman,2021-11-25,13.18,0.0,89.64,0.0182,,,80.7,,,,2021,Nov,26135
Phora Durbar Kathman,2021-11-26,12.75,0.0,89.64,0.0155,,,75.0,,,,2021,Nov,26135
Phora Durbar Kathman,2021-11-27,12.92,0.0,89.15,0.0147,,,84.4,,,,2021,Nov,26135
Phora Durbar Kathman,2021-11-28,13.98,0.0,85.61,0.00117,,,78.5,,,,2021,Nov,26135
Phora Durbar Kathman,2021-11-29,13.9,0.0,85.39,0.0199,,,69.8,,,,2021,Nov,26135
Phora Durbar Kathman,2021-11-30,14.12,0.0,82.08,0.0119,,,64.6,,,,2021,Nov,26135
Phora Durbar Kathman,2021-12-01,15.14,0.0,79.52,0.0167,,,64.4,,,,2021,Dec,23552
Phora Durbar Kathman,2021-12-02,15.68,0.03,83.65,0.00546,,,67.4,,,,2021,Dec,23552
Phora Durbar Kathman,2021-12-03,15.61,0.41,84.99,0.00859,,,58.8,,,,2021,Dec,23552
Phora Durbar Kathman,2021-12-04,15.67,0.23,81.64,0.0121,,,54.9,,,,2021,Dec,23552
Phora Durbar Kathman,2021-12-05,15.85,0.12,81.67,0.0141,,,37.7,,,,2021,Dec,23552
Phora Durbar Kathman,2021-12-06,15.21,0.07,81.29,0.0123,,,50.6,,,,2021,Dec,23552
Phora Durbar Kathman,2021-12-07,14.67,0.03,76.14,0.0105,,,51.6,,,,2021,Dec,23552
Phora Durbar Kathman,2021-12-08,14.41,0.0,61.73,0.0137,,,54.0,,,,2021,Dec,23552
Phora Durbar Kathman,2021-12-09,13.86,0.0,61.85,0.0135,,,60.8,,,,2021,Dec,23552
Phora Durbar Kathman,2021-12-10,12.48,0.0,66.72,0.0131,,,66.4,,,,2021,Dec,23552
Phora Durbar Kathman,2021-12-11,11.61,0.0,74.77,0.016,,,69.0,,,,2021,Dec,23552
Phora Durbar Kathman,2021-12-12,10.79,0.0,80.06,0.0132,,,65.7,,,,2021,Dec,23552
Phora Durbar Kathman,2021-12-13,10.99,0.0,68.94,0.0154,,,69.7,,,,2021,Dec,23552
Phora Durbar Kathman,2021-12-14,12.2,0.0,69.05,0.0137,,,75.3,,,,2021,Dec,23552
Phora Durbar Kathman,2021-12-15,12.34,0.0,65.32,0.012,,,75.5,,,,2021,Dec,23552
Phora Durbar Kathman,2021-12-16,12.31,0.0,58.18,-0.06,,,103.0,,,,2021,Dec,23552
Phora Durbar Kathman,2021-12-17,12.93,0.0,46.45,0.0117,,,90.4,,,,2021,Dec,23552
Phora Durbar Kathman,2021-12-18,11.77,0.0,56.21,0.015,,,96.2,,,,2021,Dec,23552
Phora Durbar Kathman,2021-12-19,10.41,0.0,56.12,0.0137,,,62.2,,,,2021,Dec,23552
Phora Durbar Kathman,2021-12-20,10.33,0.0,63.36,-0.0259,,,86.8,,,,2021,Dec,23552
Phora Durbar Kathman,2021-12-21,10.83,0.0,64.82,0.0148,,,84.9,,,,2021,Dec,23552
Phora Durbar Kathman,2021-12-22,10.8,0.0,70.02,-0.22,,,85.7,,,,2021,Dec,23552
Phora Durbar Kathman,2021-12-23,10.48,0.0,80.34,,,,92.3,,,,2021,Dec,23552
Phora Durbar Kathman,2021-12-24,10.85,0.12,80.29,,,,91.3,,,,2021,Dec,23552
Phora Durbar Kathman,2021-12-25,9.19,0.12,86.15,,,,89.1,,,,2021,Dec,23552
Phora Durbar Kathman,2021-12-26,9.93,0.09,82.58,0.0203,,,85.4,,,,2021,Dec,23552
Phora Durbar Kathman,2021-12-27,10.43,0.39,80.7,-0.163,,,88.2,,,,2021,Dec,23552
Phora Durbar Kathman,2021-12-28,10.33,1.77,77.89,,,,85.0,,,,2021,Dec,23552
Phora Durbar Kathman,2021-12-29,7.7,18.55,92.16,,,,42.1,,,,2021,Dec,23552
Phora Durbar Kathman,2021-12-30,9.51,6.92,77.87,,,,86.6,,,,2021,Dec,23552
Phora Durbar Kathman,2021-12-31,10.42,0.0,70.2,,,,113.0,,,,2021,Dec,23552
Phora Durbar Kathman,2022-01-01,10.72,0.0,74.2,,,,106.0,,,,2022,Jan,16975
Phora Durbar Kathman,2022-01-02,10.41,0.0,68.84,0.0175,,,90.9,,,,2022,Jan,16975
Phora Durbar Kathman,2022-01-03,10.69,0.0,68.28,-0.0318,,,95.8,,,,2022,Jan,16975
Phora Durbar Kathman,2022-01-04,10.62,0.0,69.01,0.0112,,,101.0,,,,2022,Jan,16975
Phora Durbar Kathman,2022-01-05,11.26,0.01,72.97,-0.0274,,,99.8,,,,2022,Jan,16975
Phora Durbar Kathman,2022-01-06,11.58,0.19,77.98,-0.0323,,,82.8,,,,2022,Jan,16975
Phora Durbar Kathman,2022-01-07,12.28,0.12,76.18,0.0101,,,74.3,,,,2022,Jan,16975
Phora Durbar Kathman,2022-01-08,13.34,0.0,73.85,0.0104,,,88.7,,,,2022,Jan,16975
Phora Durbar Kathman,2022-01-09,13.45,0.0,70.57,-0.032,,,77.8,,,,2022,Jan,16975
Phora Durbar Kathman,2022-01-10,12.14,0.01,76.36,0.011,,,83.6,,,,2022,Jan,16975
Phora Durbar Kathman,2022-01-11,12.24,0.33,70.52,0.0116,,,76.3,,,,2022,Jan,16975
Phora Durbar Kathman,2022-01-12,11.28,0.79,71.92,-0.0703,,,66.9,,,,2022,Jan,16975
Phora Durbar Kathman,2022-01-13,9.42,0.32,82.76,0.0155,,,46.7,,,,2022,Jan,16975
Phora Durbar Kathman,2022-01-14,9.91,0.13,76.82,0.0108,,,71.5,,,,2022,Jan,16975
Phora Durbar Kathman,2022-01-15,9.76,0.0,77.29,0.0134,,,76.0,,,,2022,Jan,16975
Phora Durbar Kathman,2022-01-16,9.1,0.0,72.33,0.0134,,,77.0,,,,2022,Jan,16975
Phora Durbar Kathman,2022-01-17,10.18,0.0,66.11,-0.0674,,,81.4,,,,2022,Jan,16975
Phora Durbar Kathman,2022-01-18,11.23,0.0,65.27,0.0131,,,73.3,,,,2022,Jan,16975
Phora Durbar Kathman,2022-01-19,10.18,0.0,72.24,-0.0267,,,65.2,,,,2022,Jan,16975
Phora Durbar Kathman,2022-01-20,10.05,0.25,76.19,-0.0304,,,59.2,,,,2022,Jan,16975
Phora Durbar Kathman,2022-01-21,9.53,1.72,79.18,-0.0256,,,58.4,,,,2022,Jan,16975
Phora Durbar Kathman,2022-01-22,9.81,0.06,74.26,0.0114,,,77.5,,,,2022,Jan,16975
Phora Durbar Kathman,2022-01-23,8.84,0.06,83.77,-0.0303,,,81.4,,,,2022,Jan,16975
Phora Durbar Kathman,2022-01-24,9.94,0.1,80.96,-0.0284,,,88.4,,,,2022,Jan,16975
Phora Durbar Kathman,2022-01-25,10.14,0.26,74.39,0.0156,,,67.0,,,,2022,Jan,16975
Phora Durbar Kathman,2022-01-26,8.06,0.33,80.37,-0.022,,,68.0,,,,2022,Jan,16975
Phora Durbar Kathman,2022-01-27,7.7,0.0,77.93,0.0165,,,59.0,,,,2022,Jan,16975
Phora Durbar Kathman,2022-01-28,6.9,0.0,82.84,0.0236,,,61.3,,,,2022,Jan,16975
Phora Durbar Kathman,2022-01-29,8.08,0.0,68.48,-0.021,,,66.6,,,,2022,Jan,16975
Phora Durbar Kathman,2022-01-30,8.97,0.0,71.27,0.0172,,,71.5,,,,2022,Jan,16975
Phora Durbar Kathman,2022-01-31,10.04,0.01,73.03,-0.0212,,,71.2,,,,2022,Jan,16975
Phora Durbar Kathman,2022-02-01,9.42,0.05,77.97,0.0214,,,72.8,,,,2022,Feb,19856
Phora Durbar Kathman,2022-02-02,9.43,0.02,64.36,-0.0188,,,101.0,,,,2022,Feb,19856
Phora Durbar Kathman,2022-02-03,9.75,7.11,68.69,-0.348,,,121.0,,,,2022,Feb,19856
Phora Durbar Kathman,2022-02-04,7.42,25.41,93.25,-0.842,,,,,,,2022,Feb,19856
Phora Durbar Kathman,2022-02-05,6.74,4.77,86.71,-0.841,,,,,,,2022,Feb,19856
Phora Durbar Kathman,2022-02-06,7.64,0.01,74.33,-0.615,,,43.0,,,,2022,Feb,19856
Phora Durbar Kathman,2022-02-07,9.49,0.0,75.53,-0.749,,,,,,,2022,Feb,19856
Phora Durbar Kathman,2022-02-08,9.67,0.0,79.23,-0.671,,,34.0,,,,2022,Feb,19856
Phora Durbar Kathman,2022-02-09,11.02,0.01,73.17,-0.774,,,,,,,2022,Feb,19856
Phora Durbar Kathman,2022-02-10,10.22,0.03,80.0,-0.706,,,,,,,2022,Feb,19856
Phora Durbar Kathman,2022-02-11,9.7,0.02,78.84,-0.609,,,23.0,,,,2022,Feb,19856
Phora Durbar Kathman,2022-02-12,9.53,0.0,65.06,-0.841,,,,,,,2022,Feb,19856
Phora Durbar Kathman,2022-02-13,10.83,0.0,72.84,-0.703,,,,,,,2022,Feb,19856
Phora Durbar Kathman,2022-02-14,11.83,0.0,71.48,-0.668,,,72.0,,,,2022,Feb,19856
Phora Durbar Kathman,2022-02-15,12.72,0.0,73.32,-0.802,,,38.0,,,,2022,Feb,19856
Phora Durbar Kathman,2022-02-16,12.27,0.0,73.27,-0.577,,,54.5,,,,2022,Feb,19856
Phora Durbar Kathman,2022-02-17,11.62,0.0,69.2,-0.669,,,53.0,,,,2022,Feb,19856
Phora Durbar Kathman,2022-02-18,12.02,0.0,64.18,-0.621,,,,,,,2022,Feb,19856
Phora Durbar Kathman,2022-02-19,11.97,0.15,63.51,-0.631,,,30.0,,,,2022,Feb,19856
Phora Durbar Kathman,2022-02-20,10.46,1.31,62.94,-0.772,,,,,,,2022,Feb,19856
Phora Durbar Kathman,2022-02-21,10.09,0.43,64.48,-0.999,,,,,,,2022,Feb,19856
Phora Durbar Kathman,2022-02-22,11.59,0.0,57.66,-0.622,,,,,,,2022,Feb,19856
Phora Durbar Kathman,2022-02-23,12.76,0.0,59.26,-0.614,,,78.0,,,,2022,Feb,19856
Phora Durbar Kathman,2022-02-24,14.33,0.0,58.46,-0.402,,,76.3,,,,2022,Feb,19856
Phora Durbar Kathman,2022-02-25,12.94,0.19,66.99,-0.536,,,72.7,,,,2022,Feb,19856
Phora Durbar Kathman,2022-02-26,12.83,0.04,64.12,-0.999,,,,,,,2022,Feb,19856
Phora Durbar Kathman,2022-02-27,13.85,0.0,58.03,-0.757,,,,,,,2022,Feb,19856
Phora Durbar Kathman,2022-02-28,13.91,0.0,53.49,-0.696,,,78.0,,,,2022,Feb,19856
Phora Durbar Kathman,2022-03-01,15.01,0.0,46.04,-0.999,,,77.6,,,,2022,Mar,42152
Phora Durbar Kathman,2022-03-12,18.33,0.0,46.43,,,,29.0,,,,2022,Mar,42152
Phora Durbar Kathman,2022-03-13,18.93,0.0,50.76,,,,112.0,,,,2022,Mar,42152
Phora Durbar Kathman,2022-03-17,21.44,1.0,51.6,,,,44.5,,,,2022,Mar,42152
Phora Durbar Kathman,2022-03-18,22.57,0.0,49.31,,,,55.0,,,,2022,Mar,42152
Phora Durbar Kathman,2022-03-19,23.16,0.0,48.43,,,,54.5,,,,2022,Mar,42152
Phora Durbar Kathman,2022-03-20,22.66,0.01,47.65,,,,59.3,,,,2022,Mar,42152
Phora Durbar Kathman,2022-03-21,21.47,0.39,51.41,,,,79.5,,,,2022,Mar,42152
Phora Durbar Kathman,2022-03-22,21.96,4.4,47.41,,,,45.5,,,,2022,Mar,42152
Phora Durbar Kathman,2022-03-24,20.14,0.83,46.15,,,,56.9,,,,2022,Mar,42152
Phora Durbar Kathman,2022-03-25,20.3,0.23,40.4,,,,118.0,,,,2022,Mar,42152
Phora Durbar Kathman,2022-03-27,21.13,0.0,36.37,,,,75.0,,,,2022,Mar,42152
Phora Durbar Kathman,2022-03-29,20.27,0.11,42.7,,,,79.5,,,,2022,Mar,42152
Phora Durbar Kathman,2022-04-04,23.02,0.35,42.89,,,,62.5,,,,2022,Apr,61589
Phora Durbar Kathman,2022-04-19,23.23,2.54,40.68,0.0533,,,,,,,2022,Apr,61589
Phora Durbar Kathman,2022-04-20,22.27,6.78,55.61,-0.956,,,,,,,2022,Apr,61589
Phora Durbar Kathman,2022-04-21,21.21,0.76,62.08,-0.914,,,,,,,2022,Apr,61589
Phora Durbar Kathman,2022-04-22,22.83,2.71,54.18,-0.999,,,,,,,2022,Apr,61589
Phora Durbar Kathman,2022-04-23,23.59,0.39,38.93,-0.798,,,57.0,,,,2022,Apr,61589
Phora Durbar Kathman,2022-04-24,24.32,0.01,27.36,-0.999,,,,,,,2022,Apr,61589
Phora Durbar Kathman,2022-04-25,24.86,0.0,25.25,-0.891,,,,,,,2022,Apr,61589
Phora Durbar Kathman,2022-04-26,24.87,0.06,30.11,-0.868,,,80.0,,,,2022,Apr,61589
Phora Durbar Kathman,2022-04-27,25.17,0.1,27.6,-0.999,,,,,,,2022,Apr,61589
Phora Durbar Kathman,2022-04-28,24.74,2.3,31.07,-0.999,,,,,,,2022,Apr,61589
Phora Durbar Kathman,2022-04-29,24.77,1.04,37.91,-0.916,,,,,,,2022,Apr,61589
Phora Durbar Kathman,2022-04-30,23.3,8.5,51.49,-0.734,,,38.0,,,,2022,Apr,61589
Phora Durbar Kathman,2022-05-01,23.62,0.93,49.79,-0.999,,,,,,,2022,May,54093
Phora Durbar Kathman,2022-05-02,21.5,24.21,68.14,-0.775,,,,,,,2022,May,54093
Phora Durbar Kathman,2022-05-03,21.48,4.72,73.89,-0.801,,,30.0,,,,2022,May,54093
Phora Durbar Kathman,2022-05-04,21.03,2.0,78.96,-0.999,,,,,,,2022,May,54093
Phora Durbar Kathman,2022-05-05,19.66,12.82,84.54,-0.999,,,,,,,2022,May,54093
Phora Durbar Kathman,2022-05-06,20.35,2.49,77.85,-0.842,,,,,,,2022,May,54093
Phora Durbar Kathman,2022-05-07,21.88,0.27,67.96,-0.999,,,,,,,2022,May,54093
Phora Durbar Kathman,2022-05-08,21.61,6.93,74.02,-0.999,,,,,,,2022,May,54093
Phora Durbar Kathman,2022-05-09,21.49,5.52,74.54,-0.919,,,,,,,2022,May,54093
Phora Durbar Kathman,2022-05-10,22.1,7.11,72.69,-0.758,,,42.0,,,,2022,May,54093
Phora Durbar Kathman,2022-05-11,23.07,4.73,71.46,-0.768,,,,,,,2022,May,54093
Phora Durbar Kathman,2022-05-12,23.73,1.08,65.64,-0.999,,,,,,,2022,May,54093
Phora Durbar Kathman,2022-05-13,23.19,5.63,71.11,-0.916,,,,,,,2022,May,54093
Phora Durbar Kathman,2022-05-14,23.71,0.15,64.02,-0.838,,,,,,,2022,May,54093
Phora Durbar Kathman,2022-05-15,24.66,1.06,57.73,-0.63,,,46.5,,,,2022,May,54093
Phora Durbar Kathman,2022-05-16,24.58,6.88,61.13,-0.569,,,55.5,,,,2022,May,54093
Phora Durbar Kathman,2022-05-17,24.35,2.81,60.56,-0.841,,,,,,,2022,May,54093
Phora Durbar Kathman,2022-05-18,24.45,0.61,47.28,-0.917,,,,,,,2022,May,54093
Phora Durbar Kathman,2022-05-19,24.42,1.78,48.93,-0.915,,,,,,,2022,May,54093
Phora Durbar Kathman,2022-05-20,24.27,5.67,54.99,-0.917,,,,,,,2022,May,54093
Phora Durbar Kathman,2022-05-21,24.29,3.6,51.51,-0.603,,,39.0,,,,2022,May,54093
Phora Durbar Kathman,2022-05-22,23.49,9.7,50.5,-0.446,,,33.4,,,,2022,May,54093
Phora Durbar Kathman,2022-05-23,22.49,7.68,53.94,-0.182,,,30.5,,,,2022,May,54093
Phora Durbar Kathman,2022-05-24,22.62,1.55,57.64,-0.291,,,37.1,,,,2022,May,54093
Phora Durbar Kathman,2022-05-25,22.66,16.13,63.63,-0.841,,,,,,,2022,May,54093
Phora Durbar Kathman,2022-05-26,21.63,12.23,63.83,-0.999,,,,,,,2022,May,54093
Phora Durbar Kathman,2022-05-27,22.13,0.7,57.47,-0.999,,,,,,,2022,May,54093
Phora Durbar Kathman,2022-05-28,22.14,3.43,62.74,-0.835,,,58.0,,,,2022,May,54093
Phora Durbar Kathman,2022-05-29,22.8,0.33,64.06,-0.809,,,,,,,2022,May,54093
Phora Durbar Kathman,2022-05-30,23.79,1.75,62.59,-0.956,,,,,,,2022,May,54093
Phora Durbar Kathman,2022-05-31,24.23,2.33,60.29,-0.731,,,33.0,,,,2022,May,54093
Phora Durbar Kathman,2022-06-01,25.3,2.65,56.16,-0.841,,,,,,,2022,Jun,46957
Phora Durbar Kathman,2022-06-02,25.2,0.38,51.77,-0.77,,,,,,,2022,Jun,46957
Phora Durbar Kathman,2022-06-03,25.11,5.36,51.42,-0.743,,,,,,,2022,Jun,46957
Phora Durbar Kathman,2022-06-04,25.12,4.94,55.04,-0.668,,,,,,,2022,Jun,46957
Phora Durbar Kathman,2022-06-05,24.51,4.75,58.47,-0.709,,,,,,,2022,Jun,46957
Phora Durbar Kathman,2022-06-06,24.21,15.46,63.97,-0.842,,,,,,,2022,Jun,46957
Phora Durbar Kathman,2022-06-07,24.75,6.62,60.86,-0.732,,,73.0,,,,2022,Jun,46957
Phora Durbar Kathman,2022-06-08,24.21,13.48,64.37,-0.707,,,,,,,2022,Jun,46957
Phora Durbar Kathman,2022-06-09,24.49,5.87,65.19,-0.669,,,51.0,,,,2022,Jun,46957
Phora Durbar Kathman,2022-06-10,24.71,0.73,58.23,-0.69,,,57.0,,,,2022,Jun,46957
Phora Durbar Kathman,2022-06-11,24.52,5.28,59.23,-0.642,,,,,,,2022,Jun,46957
Phora Durbar Kathman,2022-06-12,24.57,3.36,64.23,-0.769,,,,,,,2022,Jun,46957
Phora Durbar Kathman,2022-06-13,24.98,2.54,61.75,-0.766,,,,,,,2022,Jun,46957
Phora Durbar Kathman,2022-06-14,24.47,13.21,67.76,-0.808,,,,,,,2022,Jun,46957
Phora Durbar Kathman,2022-06-15,24.28,22.47,73.72,-0.801,,,,,,,2022,Jun,46957
Phora Durbar Kathman,2022-06-16,23.73,11.21,82.31,-0.999,,,,,,,2022,Jun,46957
Phora Durbar Kathman,2022-06-17,23.38,12.93,83.87,-0.917,,,,,,,2022,Jun,46957
Phora Durbar Kathman,2022-06-18,23.43,21.64,82.12,-0.916,,,,,,,2022,Jun,46957
Phora Durbar Kathman,2022-06-19,23.33,6.58,78.65,-0.999,,,,,,,2022,Jun,46957
Phora Durbar Kathman,2022-06-20,23.28,12.83,73.21,-0.842,,,,,,,2022,Jun,46957
Phora Durbar Kathman,2022-06-21,22.42,4.04,75.91,-0.916,,,,,,,2022,Jun,46957
Phora Durbar Kathman,2022-06-22,22.95,1.46,79.45,-0.844,,,,,,,2022,Jun,46957
Phora Durbar Kathman,2022-06-23,23.21,5.41,82.88,-0.84,,,,,,,2022,Jun,46957
Phora Durbar Kathman,2022-06-24,23.26,11.83,84.85,-0.999,,,,,,,2022,Jun,46957
Phora Durbar Kathman,2022-06-25,22.78,5.82,87.56,-0.914,,,,,,,2022,Jun,46957
Phora Durbar Kathman,2022-06-26,22.25,11.22,84.58,-0.999,,,,,,,2022,Jun,46957
Phora Durbar Kathman,2022-06-27,22.78,11.34,87.97,-0.999,,,,,,,2022,Jun,46957
Phora Durbar Kathman,2022-06-28,22.01,18.9,92.7,-0.918,,,,,,,2022,Jun,46957
Phora Durbar Kathman,2022-06-29,21.1,5.43,93.86,-0.999,,,,,,,2022,Jun,46957
Phora Durbar Kathman,2022-06-30,21.67,1.41,88.01,-0.999,,,,,,,2022,Jun,46957
Phora Durbar Kathman,2022-07-01,23.02,14.67,86.35,-0.999,,,,,,,2022,Jul,44462
Phora Durbar Kathman,2022-07-02,22.88,9.36,87.64,-0.881,,,,,,,2022,Jul,44462
Phora Durbar Kathman,2022-07-03,22.93,2.18,86.84,-0.919,,,,,,,2022,Jul,44462
Phora Durbar Kathman,2022-07-04,23.45,2.5,88.51,-0.957,,,,,,,2022,Jul,44462
Phora Durbar Kathman,2022-07-05,23.15,0.77,89.1,-0.999,,,,,,,2022,Jul,44462
Phora Durbar Kathman,2022-07-06,24.11,3.84,85.5,-0.999,,,,,,,2022,Jul,44462
Phora Durbar Kathman,2022-07-07,23.95,7.98,87.7,-0.999,,,,,,,2022,Jul,44462
Phora Durbar Kathman,2022-07-08,23.39,22.21,89.46,-0.844,,,,,,,2022,Jul,44462
Phora Durbar Kathman,2022-07-09,23.31,4.11,85.65,-0.919,,,,,,,2022,Jul,44462
Phora Durbar Kathman,2022-07-10,23.78,3.64,82.71,-0.917,,,,,,,2022,Jul,44462
Phora Durbar Kathman,2022-07-11,23.53,2.88,87.21,-0.999,,,,,,,2022,Jul,44462
Phora Durbar Kathman,2022-07-12,23.81,2.64,86.6,-0.918,,,,,,,2022,Jul,44462
Phora Durbar Kathman,2022-07-13,23.33,1.35,85.24,-0.999,,,,,,,2022,Jul,44462
Phora Durbar Kathman,2022-07-14,24.07,0.52,83.61,-0.843,,,,,,,2022,Jul,44462
Phora Durbar Kathman,2022-07-15,23.77,0.05,80.13,-0.999,,,,,,,2022,Jul,44462
Phora Durbar Kathman,2022-07-16,24.27,0.01,82.35,-0.918,,,,,,,2022,Jul,44462
Phora Durbar Kathman,2022-07-17,24.45,1.57,80.56,-0.999,,,,,,,2022,Jul,44462
Phora Durbar Kathman,2022-07-18,23.53,9.98,85.12,-0.957,,,17.0,,,,2022,Jul,44462
Phora Durbar Kathman,2022-07-19,23.37,5.22,86.85,-0.877,,,14.0,,,,2022,Jul,44462
Phora Durbar Kathman,2022-07-20,23.48,15.27,84.45,-0.584,,,17.3,,,,2022,Jul,44462
Phora Durbar Kathman,2022-07-21,22.54,19.06,92.21,-0.957,,,,,,,2022,Jul,44462
Phora Durbar Kathman,2022-07-22,23.06,12.78,86.71,-0.917,,,,,,,2022,Jul,44462
Phora Durbar Kathman,2022-07-23,23.05,12.76,85.58,-0.999,,,,,,,2022,Jul,44462
Phora Durbar Kathman,2022-07-24,22.07,8.78,87.41,-0.999,,,,,,,2022,Jul,44462
Phora Durbar Kathman,2022-07-25,21.73,8.49,89.15,-0.999,,,,,,,2022,Jul,44462
Phora Durbar Kathman,2022-07-26,21.97,20.6,88.25,-0.999,,,,,,,2022,Jul,44462
Phora Durbar Kathman,2022-07-27,22.15,16.54,87.03,-0.894,,,,,,,2022,Jul,44462
Phora Durbar Kathman,2022-07-28,22.62,14.42,84.75,-0.918,,,,,,,2022,Jul,44462
Phora Durbar Kathman,2022-07-29,22.01,6.86,83.91,-0.999,,,,,,,2022,Jul,44462
Phora Durbar Kathman,2022-07-30,22.17,9.5,84.55,-0.919,,,,,,,2022,Jul,44462
Phora Durbar Kathman,2022-07-31,22.61,21.54,88.51,-0.999,,,,,,,2022,Jul,44462
Phora Durbar Kathman,2022-08-01,22.05,22.83,94.92,-0.999,,,,,,,2022,Aug,41304
Phora Durbar Kathman,2022-08-02,21.63,15.24,93.06,-0.918,,,,,,,2022,Aug,41304
Phora Durbar Kathman,2022-08-03,22.87,2.07,85.14,-0.999,,,,,,,2022,Aug,41304
Phora Durbar Kathman,2022-08-04,22.37,3.87,93.5,-0.918,,,,,,,2022,Aug,41304
Phora Durbar Kathman,2022-08-05,23.08,2.05,87.99,-0.919,,,,,,,2022,Aug,41304
Phora Durbar Kathman,2022-08-06,22.75,15.07,88.17,-0.918,,,,,,,2022,Aug,41304
Phora Durbar Kathman,2022-08-07,23.33,2.38,89.57,-0.999,,,,,,,2022,Aug,41304
Phora Durbar Kathman,2022-08-08,23.44,3.41,88.07,-0.919,,,,,,,2022,Aug,41304
Phora Durbar Kathman,2022-08-09,23.72,5.51,87.06,-0.999,,,,,,,2022,Aug,41304
Phora Durbar Kathman,2022-08-10,22.85,14.18,87.84,-0.918,,,,,,,2022,Aug,41304
Phora Durbar Kathman,2022-08-11,23.01,0.5,86.86,-0.804,,,18.0,,,,2022,Aug,41304
Phora Durbar Kathman,2022-08-12,23.21,0.33,87.91,-0.999,,,,,,,2022,Aug,41304
Phora Durbar Kathman,2022-08-13,23.48,4.03,88.53,-0.918,,,,,,,2022,Aug,41304
Phora Durbar Kathman,2022-08-14,23.16,12.81,85.48,-0.917,,,,,,,2022,Aug,41304
Phora Durbar Kathman,2022-08-15,22.52,0.44,85.95,-0.999,,,,,,,2022,Aug,41304
Phora Durbar Kathman,2022-08-16,22.69,0.63,87.17,-0.804,,,18.0,,,,2022,Aug,41304
Phora Durbar Kathman,2022-08-17,22.78,2.7,89.99,-0.918,,,,,,,2022,Aug,41304
Phora Durbar Kathman,2022-08-18,23.07,4.92,89.16,-0.918,,,,,,,2022,Aug,41304
Phora Durbar Kathman,2022-08-19,22.92,18.02,87.08,-0.843,,,,,,,2022,Aug,41304
Phora Durbar Kathman,2022-08-20,23.51,8.79,83.43,-0.882,,,,,,,2022,Aug,41304
Phora Durbar Kathman,2022-08-21,22.69,0.92,88.37,-0.878,,,,,,,2022,Aug,41304
Phora Durbar Kathman,2022-08-22,23.28,0.5,84.77,-0.837,,,25.5,,,,2022,Aug,41304
Phora Durbar Kathman,2022-08-23,23.09,10.08,87.9,-0.878,,,18.0,,,,2022,Aug,41304
Phora Durbar Kathman,2022-08-24,22.81,4.06,84.54,-0.772,,,,,,,2022,Aug,41304
Phora Durbar Kathman,2022-08-25,22.34,2.26,90.87,-0.712,,,,,,,2022,Aug,41304
Phora Durbar Kathman,2022-08-26,22.78,5.29,88.73,-0.661,,,20.0,,,,2022,Aug,41304
Phora Durbar Kathman,2022-08-27,22.53,20.81,88.53,-0.917,,,,,,,2022,Aug,41304
Phora Durbar Kathman,2022-08-28,21.89,22.21,89.59,-0.841,,,,,,,2022,Aug,41304
Phora Durbar Kathman,2022-08-29,21.99,1.62,90.11,-0.733,,,11.0,,,,2022,Aug,41304
Phora Durbar Kathman,2022-08-30,21.98,2.08,91.91,-0.611,,,15.0,,,,2022,Aug,41304
Phora Durbar Kathman,2022-08-31,22.15,5.97,93.75,-0.599,,,19.0,,,,2022,Aug,41304
Phora Durbar Kathman,2022-09-01,21.68,18.7,95.6,-0.472,,,23.4,,,,2022,Sep,58314
Phora Durbar Kathman,2022-09-02,22.3,5.7,93.02,-0.842,,,,,,,2022,Sep,58314
Phora Durbar Kathman,2022-09-03,22.21,7.05,91.55,-0.957,,,34.0,,,,2022,Sep,58314
Phora Durbar Kathman,2022-09-04,22.36,6.53,89.64,-0.769,,,,,,,2022,Sep,58314
Phora Durbar Kathman,2022-09-05,22.07,7.2,88.36,-0.999,,,,,,,2022,Sep,58314
Phora Durbar Kathman,2022-09-06,22.25,17.88,90.01,-0.999,,,,,,,2022,Sep,58314
Phora Durbar Kathman,2022-09-07,22.1,10.33,91.11,-0.999,,,,,,,2022,Sep,58314
Phora Durbar Kathman,2022-09-08,21.78,5.47,92.89,-0.999,,,,,,,2022,Sep,58314
Phora Durbar Kathman,2022-09-09,21.17,4.9,88.38,-0.845,,,,,,,2022,Sep,58314
Phora Durbar Kathman,2022-09-10,21.73,8.93,89.19,-0.844,,,,,,,2022,Sep,58314
Phora Durbar Kathman,2022-09-11,21.91,2.47,89.53,-0.706,,,33.0,,,,2022,Sep,58314
Phora Durbar Kathman,2022-09-12,21.34,1.58,88.08,-0.919,,,,,,,2022,Sep,58314
Phora Durbar Kathman,2022-09-13,20.57,3.2,88.29,-0.729,,,10.3,,,,2022,Sep,58314
Phora Durbar Kathman,2022-09-14,20.85,6.11,89.92,-0.775,,,,,,,2022,Sep,58314
Phora Durbar Kathman,2022-09-15,21.25,10.38,90.35,-0.917,,,,,,,2022,Sep,58314
Phora Durbar Kathman,2022-09-16,21.54,10.62,89.88,-0.736,,,10.0,,,,2022,Sep,58314
Phora Durbar Kathman,2022-09-17,22.03,2.59,89.41,-0.999,,,,,,,2022,Sep,58314
Phora Durbar Kathman,2022-09-18,21.65,0.55,88.93,-0.999,,,,,,,2022,Sep,58314
Phora Durbar Kathman,2022-09-19,22.56,1.32,86.08,-0.918,,,,,,,2022,Sep,58314
Phora Durbar Kathman,2022-09-20,22.37,0.52,85.53,-0.999,,,,,,,2022,Sep,58314
Phora Durbar Kathman,2022-09-21,22.6,0.53,87.89,-0.999,,,,,,,2022,Sep,58314
Phora Durbar Kathman,2022-09-22,22.37,0.84,88.49,-0.999,,,,,,,2022,Sep,58314
Phora Durbar Kathman,2022-09-23,21.8,7.53,90.51,-0.999,,,,,,,2022,Sep,58314
Phora Durbar Kathman,2022-09-24,22.07,5.59,90.93,-0.999,,,,,,,2022,Sep,58314
Phora Durbar Kathman,2022-09-25,21.04,13.19,93.32,-0.999,,,,,,,2022,Sep,58314
Phora Durbar Kathman,2022-09-26,21.0,6.54,91.17,-0.919,,,,,,,2022,Sep,58314
Phora Durbar Kathman,2022-09-27,21.02,2.14,90.92,-0.917,,,,,,,2022,Sep,58314
Phora Durbar Kathman,2022-09-28,21.01,1.03,90.48,-0.999,,,,,,,2022,Sep,58314
Phora Durbar Kathman,2022-09-29,21.26,0.19,86.92,-0.999,,,,,,,2022,Sep,58314
Phora Durbar Kathman,2022-09-30,21.2,0.01,85.8,-0.999,,,,,,,2022,Sep,58314
Phora Durbar Kathman,2022-10-01,21.59,0.03,82.03,-0.999,,,,,,,2022,Oct,88582
Phora Durbar Kathman,2022-10-02,22.4,2.09,77.25,-0.999,,,,,,,2022,Oct,88582
Phora Durbar Kathman,2022-10-03,22.72,12.02,82.5,-0.999,,,,,,,2022,Oct,88582
Phora Durbar Kathman,2022-10-04,20.85,12.69,92.7,-0.918,,,,,,,2022,Oct,88582
Phora Durbar Kathman,2022-10-05,19.75,23.73,89.66,-0.999,,,,,,,2022,Oct,88582
Phora Durbar Kathman,2022-10-06,19.63,17.99,83.72,-0.999,,,,,,,2022,Oct,88582
Phora Durbar Kathman,2022-10-07,20.44,6.21,88.69,-0.999,,,,,,,2022,Oct,88582
Phora Durbar Kathman,2022-10-08,20.65,1.87,89.91,-0.842,,,,,,,2022,Oct,88582
Phora Durbar Kathman,2022-10-09,20.71,5.8,90.71,-0.999,,,,,,,2022,Oct,88582
Phora Durbar Kathman,2022-10-10,20.09,1.05,82.5,-0.999,,,,,,,2022,Oct,88582
Phora Durbar Kathman,2022-10-11,20.23,3.08,85.02,-0.999,,,,,,,2022,Oct,88582
Phora Durbar Kathman,2022-10-12,19.25,3.4,82.8,-0.999,,,,,,,2022,Oct,88582
Phora Durbar Kathman,2022-10-13,18.76,0.29,81.83,-0.999,,,,,,,2022,Oct,88582
Phora Durbar Kathman,2022-10-14,18.55,0.05,74.29,-0.999,,,,,,,2022,Oct,88582
Phora Durbar Kathman,2022-10-15,18.83,0.02,78.01,-0.999,,,,,,,2022,Oct,88582
Phora Durbar Kathman,2022-10-16,18.92,0.0,77.78,-0.999,,,,,,,2022,Oct,88582
Phora Durbar Kathman,2022-10-17,18.31,0.0,69.15,-0.999,,,,,,,2022,Oct,88582
Phora Durbar Kathman,2022-10-18,17.87,0.0,71.16,-0.999,,,,,,,2022,Oct,88582
Phora Durbar Kathman,2022-10-19,17.14,0.0,74.85,-0.999,,,,,,,2022,Oct,88582
Phora Durbar Kathman,2022-10-20,17.12,0.0,75.98,-0.999,,,,,,,2022,Oct,88582
Phora Durbar Kathman,2022-10-21,17.68,0.0,68.93,-0.999,,,,,,,2022,Oct,88582
Phora Durbar Kathman,2022-10-22,17.92,0.0,62.98,-0.876,,,14.0,,,,2022,Oct,88582
Phora Durbar Kathman,2022-10-23,18.25,0.0,58.76,-0.999,,,,,,,2022,Oct,88582
Phora Durbar Kathman,2022-10-24,18.59,0.0,66.16,-0.999,,,,,,,2022,Oct,88582
Phora Durbar Kathman,2022-10-25,16.93,0.0,87.68,-0.999,,,,,,,2022,Oct,88582
Phora Durbar Kathman,2022-10-26,16.71,0.01,85.1,-0.999,,,,,,,2022,Oct,88582
Phora Durbar Kathman,2022-10-27,16.31,0.0,82.59,-0.999,,,,,,,2022,Oct,88582
Phora Durbar Kathman,2022-10-28,16.77,0.0,80.55,-0.999,,,,,,,2022,Oct,88582
Phora Durbar Kathman,2022-10-29,16.94,0.0,79.34,-0.999,,,,,,,2022,Oct,88582
Phora Durbar Kathman,2022-10-30,17.45,0.0,78.89,-0.999,,,,,,,2022,Oct,88582
Phora Durbar Kathman,2022-10-31,17.88,0.0,76.36,-0.999,,,,,,,2022,Oct,88582
Phora Durbar Kathman,2022-11-01,17.28,0.0,79.03,-0.999,,,,,,,2022,Nov,72653
Phora Durbar Kathman,2022-11-02,16.61,0.0,82.69,-0.999,,,,,,,2022,Nov,72653
Phora Durbar Kathman,2022-11-03,16.36,0.0,87.79,-0.959,,,48.0,,,,2022,Nov,72653
Phora Durbar Kathman,2022-11-04,17.08,0.0,82.79,-0.463,,,53.6,,,,2022,Nov,72653
Phora Durbar Kathman,2022-11-05,17.59,0.0,78.23,-0.566,,,39.8,,,,2022,Nov,72653
Phora Durbar Kathman,2022-11-06,17.04,0.0,78.08,-0.804,,,38.4,,,,2022,Nov,72653
Phora Durbar Kathman,2022-11-07,16.39,0.0,82.62,-0.28,,,34.6,,,,2022,Nov,72653
Phora Durbar Kathman,2022-11-08,15.99,0.0,88.67,-0.214,,,41.3,,,,2022,Nov,72653
Phora Durbar Kathman,2022-11-09,16.09,0.0,80.25,-0.125,,,41.2,,,,2022,Nov,72653
Phora Durbar Kathman,2022-11-10,15.7,0.0,74.47,-0.159,,,41.2,,,,2022,Nov,72653
Phora Durbar Kathman,2022-11-11,15.04,0.0,79.17,-0.539,,,47.6,,,,2022,Nov,72653
Phora Durbar Kathman,2022-11-12,14.88,0.0,74.21,-0.623,,,43.1,,,,2022,Nov,72653
Phora Durbar Kathman,2022-11-13,14.4,0.0,75.06,-0.612,,,42.9,,,,2022,Nov,72653
Phora Durbar Kathman,2022-11-14,14.94,0.0,66.74,-0.473,,,55.8,,,,2022,Nov,72653
Phora Durbar Kathman,2022-11-15,15.02,0.0,75.45,-0.357,,,55.6,,,,2022,Nov,72653
Phora Durbar Kathman,2022-11-16,14.68,0.07,79.63,-0.396,,,48.4,,,,2022,Nov,72653
Phora Durbar Kathman,2022-11-17,14.01,0.0,78.86,-0.33,,,53.5,,,,2022,Nov,72653
Phora Durbar Kathman,2022-11-18,13.64,0.0,74.24,-0.387,,,56.8,,,,2022,Nov,72653
Phora Durbar Kathman,2022-11-19,15.26,0.0,69.98,-0.359,,,55.8,,,,2022,Nov,72653
Phora Durbar Kathman,2022-11-20,15.7,0.0,71.62,-0.399,,,40.9,,,,2022,Nov,72653
Phora Durbar Kathman,2022-11-21,15.19,0.0,78.2,-0.284,,,42.1,,,,2022,Nov,72653
Phora Durbar Kathman,2022-11-22,15.0,0.0,76.89,-0.335,,,48.7,,,,2022,Nov,72653
Phora Durbar Kathman,2022-11-23,14.13,0.0,74.61,-0.999,,,,,,,2022,Nov,72653
Phora Durbar Kathman,2022-11-24,14.0,0.0,68.98,-0.468,,,39.7,,,,2022,Nov,72653
Phora Durbar Kathman,2022-11-25,16.49,0.0,58.15,-0.257,,,55.4,,,,2022,Nov,72653
Phora Durbar Kathman,2022-11-26,16.02,0.0,63.82,-0.392,,,61.6,,,,2022,Nov,72653
Phora Durbar Kathman,2022-11-27,14.38,0.0,76.3,-0.369,,,41.4,,,,2022,Nov,72653
Phora Durbar Kathman,2022-11-28,13.96,0.0,72.96,-0.708,,,43.6,,,,2022,Nov,72653
Phora Durbar Kathman,2022-11-29,14.9,0.0,68.62,-0.182,,,47.6,,,,2022,Nov,72653
Phora Durbar Kathman,2022-11-30,15.08,0.0,67.55,-0.616,,,60.2,,,,2022,Nov,72653
Phora Durbar Kathman,2022-12-01,13.87,0.0,65.13,-0.246,,,43.7,,,,2022,Dec,67932
Phora Durbar Kathman,2022-12-02,14.21,0.0,66.99,-0.433,,,45.1,,,,2022,Dec,67932
Phora Durbar Kathman,2022-12-03,14.13,0.0,67.91,-0.372,,,46.5,,,,2022,Dec,67932
Phora Durbar Kathman,2022-12-04,14.23,0.0,67.97,-0.478,,,56.5,,,,2022,Dec,67932
Phora Durbar Kathman,2022-12-05,13.92,0.0,70.84,-0.258,,,40.0,,,,2022,Dec,67932
Phora Durbar Kathman,2022-12-06,13.23,0.0,67.06,-0.403,,,41.1,,,,2022,Dec,67932
Phora Durbar Kathman,2022-12-07,13.11,0.0,70.4,-0.349,,,41.0,,,,2022,Dec,67932
Phora Durbar Kathman,2022-12-08,13.3,0.0,64.6,-0.418,,,44.5,,,,2022,Dec,67932
Phora Durbar Kathman,2022-12-09,13.55,0.0,63.58,-0.44,,,53.8,,,,2022,Dec,67932
Phora Durbar Kathman,2022-12-10,14.1,0.0,64.72,-0.349,,,59.3,,,,2022,Dec,67932
Phora Durbar Kathman,2022-12-11,13.58,0.0,67.84,-0.507,,,54.9,,,,2022,Dec,67932
Phora Durbar Kathman,2022-12-12,13.81,0.0,65.28,-0.431,,,54.3,,,,2022,Dec,67932
Phora Durbar Kathman,2022-12-13,13.89,0.0,64.45,-0.374,,,76.9,,,,2022,Dec,67932
Phora Durbar Kathman,2022-12-14,13.1,0.0,68.99,-0.441,,,61.2,,,,2022,Dec,67932
Phora Durbar Kathman,2022-12-15,12.32,0.0,71.4,-0.322,,,69.9,,,,2022,Dec,67932
Phora Durbar Kathman,2022-12-16,11.76,0.0,71.55,-0.311,,,64.6,,,,2022,Dec,67932
Phora Durbar Kathman,2022-12-17,12.76,0.0,66.21,-0.226,,,70.2,,,,2022,Dec,67932
Phora Durbar Kathman,2022-12-18,13.41,0.0,71.41,-0.349,,,76.3,,,,2022,Dec,67932
Phora Durbar Kathman,2022-12-19,13.3,0.0,77.04,-0.458,,,57.3,,,,2022,Dec,67932
Phora Durbar Kathman,2022-12-20,12.82,0.0,78.49,-0.434,,,50.2,,,,2022,Dec,67932
Phora Durbar Kathman,2022-12-21,12.93,0.0,77.23,-0.677,,,74.5,,,,2022,Dec,67932
Phora Durbar Kathman,2022-12-22,12.39,0.0,64.39,-0.999,,,65.1,,,,2022,Dec,67932
Phora Durbar Kathman,2022-12-23,12.6,0.0,50.85,-0.999,,,40.7,,,,2022,Dec,67932
Phora Durbar Kathman,2022-12-24,10.88,0.01,56.4,-0.999,,,78.6,,,,2022,Dec,67932
Phora Durbar Kathman,2022-12-25,13.17,0.0,59.37,-0.999,,,64.6,,,,2022,Dec,67932
Phora Durbar Kathman,2022-12-26,12.13,0.0,64.3,-0.539,,,65.5,,,,2022,Dec,67932
Phora Durbar Kathman,2022-12-27,10.45,0.0,68.79,-0.405,,,61.7,,,,2022,Dec,67932
Phora Durbar Kathman,2022-12-28,9.59,0.0,65.51,-0.713,,,59.3,,,,2022,Dec,67932
Phora Durbar Kathman,2022-12-29,8.18,0.0,61.95,-0.999,,,85.1,,,,2022,Dec,67932
Phora Durbar Kathman,2022-12-30,10.03,0.0,61.65,-0.999,,,146.0,,,,2022,Dec,67932
Phora Durbar Kathman,2022-12-31,9.87,0.0,69.78,-0.999,,,101.0,,,,2022,Dec,67932
Phora Durbar Kathman,2023-01-01,9.55,0.0,75.59,-0.999,,,81.6,,,,2023,Jan,55074
Phora Durbar Kathman,2023-01-02,9.83,0.0,73.46,-0.999,,,75.2,,,,2023,Jan,55074
Phora Durbar Kathman,2023-01-03,9.78,0.0,62.8,-0.999,,,75.5,,,,2023,Jan,55074
Phora Durbar Kathman,2023-01-04,9.45,0.0,40.09,-0.999,,,67.9,,,,2023,Jan,55074
Phora Durbar Kathman,2023-01-05,9.42,0.0,43.03,-0.999,,,77.5,,,,2023,Jan,55074
Phora Durbar Kathman,2023-01-06,11.92,0.0,37.61,-0.999,,,92.1,,,,2023,Jan,55074
Phora Durbar Kathman,2023-01-07,12.66,0.0,34.6,-0.999,,,109.0,,,,2023,Jan,55074
Phora Durbar Kathman,2023-01-08,12.59,0.0,34.1,-0.999,,,120.0,,,,2023,Jan,55074
Phora Durbar Kathman,2023-01-09,12.6,0.0,37.54,-0.999,,,50.4,,,,2023,Jan,55074
Phora Durbar Kathman,2023-01-10,12.25,0.0,46.73,-0.999,,,74.8,,,,2023,Jan,55074
Phora Durbar Kathman,2023-01-11,10.64,0.0,55.87,-0.999,,,71.3,,,,2023,Jan,55074
Phora Durbar Kathman,2023-01-12,11.85,0.0,50.86,-0.999,,,79.0,,,,2023,Jan,55074
Phora Durbar Kathman,2023-01-16,9.72,0.0,66.12,-0.999,,,70.1,,,,2023,Jan,55074
Phora Durbar Kathman,2023-01-17,9.43,0.0,62.87,-0.999,,,74.5,,,,2023,Jan,55074
Phora Durbar Kathman,2023-01-18,9.54,0.0,59.05,-0.999,,,72.0,,,,2023,Jan,55074
Phora Durbar Kathman,2023-01-19,9.75,0.0,58.32,-0.999,,,74.4,,,,2023,Jan,55074
Phora Durbar Kathman,2023-01-20,11.64,0.0,53.94,-0.999,,,110.0,,,,2023,Jan,55074
Phora Durbar Kathman,2023-01-21,12.32,0.0,49.69,-0.999,,,90.3,,,,2023,Jan,55074
Phora Durbar Kathman,2023-01-22,13.05,0.0,43.81,-0.999,,,57.9,,,,2023,Jan,55074
Phora Durbar Kathman,2023-01-23,13.46,0.0,39.7,-0.999,,,69.1,,,,2023,Jan,55074
Phora Durbar Kathman,2023-01-24,13.82,0.0,45.3,-0.999,,,83.8,,,,2023,Jan,55074
Phora Durbar Kathman,2023-01-25,14.91,0.0,47.19,-0.999,,,90.5,,,,2023,Jan,55074
Phora Durbar Kathman,2023-01-26,15.32,0.0,52.46,-0.999,,,85.4,,,,2023,Jan,55074
Phora Durbar Kathman,2023-01-27,15.16,0.0,51.31,-0.999,,,69.2,,,,2023,Jan,55074
Phora Durbar Kathman,2023-01-28,14.33,0.0,52.11,-0.999,,,57.5,,,,2023,Jan,55074
Phora Durbar Kathman,2023-01-29,14.78,0.0,51.49,-0.999,,,74.0,,,,2023,Jan,55074
Phora Durbar Kathman,2023-01-30,15.81,0.0,42.08,-0.999,,,118.0,,,,2023,Jan,55074
Phora Durbar Kathman,2023-01-31,15.81,0.0,39.17,-0.999,,,100.0,,,,2023,Jan,55074
Phora Durbar Kathman,2023-02-01,13.41,0.0,49.88,-0.999,,,67.1,,,,2023,Feb,73255
Phora Durbar Kathman,2023-02-02,12.55,0.0,49.91,-0.999,,,64.4,,,,2023,Feb,73255
Phora Durbar Kathman,2023-02-14,12.54,0.0,36.82,-0.999,,,64.4,,,,2023,Feb,73255
Phora Durbar Kathman,2023-02-15,12.28,0.0,38.51,-0.999,,,51.5,,,,2023,Feb,73255
Phora Durbar Kathman,2023-02-16,14.84,0.0,40.08,-0.999,,,61.2,,,,2023,Feb,73255
Phora Durbar Kathman,2023-03-19,14.81,3.26,81.44,-0.999,,,33.7,,,,2023,Mar,99426
Phora Durbar Kathman,2023-03-20,12.99,11.44,88.94,-0.999,,,22.3,,,,2023,Mar,99426
Phora Durbar Kathman,2023-03-21,13.62,8.38,75.97,-0.999,,,20.9,,,,2023,Mar,99426
Phora Durbar Kathman,2023-03-22,15.19,0.74,66.08,-0.999,,,18.2,,,,2023,Mar,99426
Phora Durbar Kathman,2023-03-23,16.04,0.09,61.59,-0.999,,,31.2,,,,2023,Mar,99426
Phora Durbar Kathman,2023-03-24,17.94,0.88,51.09,-0.999,,,40.8,,,,2023,Mar,99426
Phora Durbar Kathman,2023-03-25,19.26,0.07,49.84,-0.999,,,51.3,,,,2023,Mar,99426
Phora Durbar Kathman,2023-03-26,19.46,0.01,45.55,-0.999,,,51.6,,,,2023,Mar,99426
Phora Durbar Kathman,2023-03-27,18.78,0.06,38.15,-0.999,,,44.5,,,,2023,Mar,99426
Phora Durbar Kathman,2023-03-28,18.57,0.11,37.79,-0.999,,,53.8,,,,2023,Mar,99426
Phora Durbar Kathman,2023-03-29,19.17,0.0,33.13,-0.999,,,74.6,,,,2023,Mar,99426
Phora Durbar Kathman,2023-03-30,19.1,0.07,33.72,-0.999,,,84.8,,,,2023,Mar,99426
Phora Durbar Kathman,2023-03-31,17.27,7.9,48.13,-0.999,,,83.7,,,,2023,Mar,99426
Phora Durbar Kathman,2023-04-01,16.38,3.57,58.87,-0.999,,,32.1,,,,2023,Apr,98773
Phora Durbar Kathman,2023-04-02,15.95,1.02,59.27,-0.999,,,29.0,,,,2023,Apr,98773
Phora Durbar Kathman,2023-04-03,18.81,1.15,52.79,-0.999,,,26.4,,,,2023,Apr,98773
Phora Durbar Kathman,2023-04-04,19.93,1.51,48.75,-0.999,,,37.0,,,,2023,Apr,98773
Phora Durbar Kathman,2023-04-05,19.66,0.38,45.6,-0.999,,,38.1,,,,2023,Apr,98773
Phora Durbar Kathman,2023-04-06,20.3,0.17,34.29,-0.999,,,52.4,,,,2023,Apr,98773
Phora Durbar Kathman,2023-04-07,20.92,0.0,29.81,-0.999,,,78.7,,,,2023,Apr,98773
Phora Durbar Kathman,2023-04-08,21.37,0.0,28.6,-0.999,,,90.3,,,,2023,Apr,98773
Phora Durbar Kathman,2023-04-09,21.41,0.0,31.31,-0.999,,,89.5,,,,2023,Apr,98773
Phora Durbar Kathman,2023-04-10,21.06,0.0,29.52,-0.999,,,77.3,,,,2023,Apr,98773
Phora Durbar Kathman,2023-04-11,22.22,0.0,26.89,-0.999,,,117.0,,,,2023,Apr,98773
Phora Durbar Kathman,2023-04-12,22.88,0.0,27.81,-0.999,,,132.0,,,,2023,Apr,98773
Phora Durbar Kathman,2023-04-13,23.12,0.0,30.73,-0.999,,,115.0,,,,2023,Apr,98773
Phora Durbar Kathman,2023-04-14,23.61,0.0,31.16,-0.999,,,92.8,,,,2023,Apr,98773
Phora Durbar Kathman,2023-04-15,24.67,0.0,31.51,-0.999,,,129.0,,,,2023,Apr,98773
Phora Durbar Kathman,2023-04-16,25.06,0.0,31.68,-0.999,,,118.0,,,,2023,Apr,98773
Phora Durbar Kathman,2023-04-17,24.61,0.0,31.19,-0.999,,,104.0,,,,2023,Apr,98773
Phora Durbar Kathman,2023-04-18,25.61,0.0,29.7,-0.999,,,115.0,,,,2023,Apr,98773
Phora Durbar Kathman,2023-04-19,25.45,0.0,32.52,-0.999,,,109.0,,,,2023,Apr,98773
Phora Durbar Kathman,2023-04-20,25.74,0.03,33.53,-0.999,,,90.9,,,,2023,Apr,98773
Phora Durbar Kathman,2023-04-21,24.23,1.72,34.87,-0.999,,,69.4,,,,2023,Apr,98773
Phora Durbar Kathman,2023-04-22,21.54,3.28,41.45,-0.999,,,45.0,,,,2023,Apr,98773
Phora Durbar Kathman,2023-04-23,20.81,2.72,43.94,-0.999,,,64.7,,,,2023,Apr,98773
Phora Durbar Kathman,2023-04-24,20.08,3.64,50.83,-0.999,,,46.6,,,,2023,Apr,98773
Phora Durbar Kathman,2023-04-26,21.01,0.25,41.14,-0.999,,,54.1,,,,2023,Apr,98773
Phora Durbar Kathman,2023-04-27,21.28,0.01,40.14,-0.999,,,77.6,,,,2023,Apr,98773
Phora Durbar Kathman,2023-04-28,21.53,2.65,43.26,-0.999,,,95.4,,,,2023,Apr,98773
Phora Durbar Kathman,2023-04-29,21.56,7.79,51.93,-0.999,,,,,,,2023,Apr,98773
Phora Durbar Kathman,2023-04-30,17.46,5.87,75.96,-0.999,,,,,,,2023,Apr,98773
Phora Durbar Kathman,2023-05-01,18.66,0.07,61.34,-0.999,,,,,,,2023,May,77703
Phora Durbar Kathman,2023-05-02,18.27,0.0,57.8,-0.999,,,,,,,2023,May,77703
Phora Durbar Kathman,2023-05-03,19.4,0.95,62.42,-0.999,,,,,,,2023,May,77703
Phora Durbar Kathman,2023-05-04,18.86,11.28,70.23,-0.999,,,,,,,2023,May,77703
Phora Durbar Kathman,2023-05-05,20.76,0.01,53.31,-0.999,,,,,,,2023,May,77703
Phora Durbar Kathman,2023-05-06,22.71,0.0,46.79,-0.999,,,,,,,2023,May,77703
Phora Durbar Kathman,2023-05-07,23.33,0.01,45.38,-0.999,,,,,,,2023,May,77703
Phora Durbar Kathman,2023-05-08,23.72,0.02,35.85,-0.999,,,,,,,2023,May,77703
Phora Durbar Kathman,2023-05-09,23.47,0.0,31.95,-0.999,,,,,,,2023,May,77703
Phora Durbar Kathman,2023-05-10,23.57,0.0,28.35,-0.999,,,,,,,2023,May,77703
Phora Durbar Kathman,2023-05-11,23.05,0.0,23.12,-0.999,,,,,,,2023,May,77703
Phora Durbar Kathman,2023-05-12,23.22,0.0,33.16,-0.999,,,,,,,2023,May,77703
Phora Durbar Kathman,2023-05-13,24.68,0.09,42.07,-0.999,,,,,,,2023,May,77703
Phora Durbar Kathman,2023-05-14,24.57,3.17,46.77,-0.999,,,,,,,2023,May,77703
Phora Durbar Kathman,2023-05-15,22.79,11.18,56.19,-0.999,,,,,,,2023,May,77703
Phora Durbar Kathman,2023-05-16,22.66,2.37,53.11,-0.999,,,,,,,2023,May,77703
Phora Durbar Kathman,2023-05-17,22.97,13.32,56.58,-0.999,,,,,,,2023,May,77703
Phora Durbar Kathman,2023-05-18,22.54,3.45,62.84,-0.999,,,,,,,2023,May,77703
Phora Durbar Kathman,2023-05-19,22.97,1.13,51.75,-0.999,,,,,,,2023,May,77703
Phora Durbar Kathman,2023-05-20,23.06,0.39,43.2,-0.999,,,,,,,2023,May,77703
Phora Durbar Kathman,2023-05-21,23.81,0.91,41.88,-0.999,,,,,,,2023,May,77703
Phora Durbar Kathman,2023-05-22,24.5,4.31,47.85,-0.999,,,,,,,2023,May,77703
Phora Durbar Kathman,2023-05-23,23.78,3.52,56.1,-0.999,,,,,,,2023,May,77703
Phora Durbar Kathman,2023-05-24,23.32,0.43,60.39,-0.999,,,,,,,2023,May,77703
Phora Durbar Kathman,2023-05-25,22.53,4.88,63.57,-0.999,,,,,,,2023,May,77703
Phora Durbar Kathman,2023-05-26,21.94,2.32,57.21,-0.999,,,,,,,2023,May,77703
Phora Durbar Kathman,2023-05-27,21.88,11.68,58.48,-0.999,,,,,,,2023,May,77703
Phora Durbar Kathman,2023-05-28,21.69,1.88,63.2,-0.999,,,,,,,2023,May,77703
Phora Durbar Kathman,2023-05-29,24.05,0.08,52.74,-0.999,,,,,,,2023,May,77703
Phora Durbar Kathman,2023-05-30,25.83,0.0,43.0,-0.999,,,,,,,2023,May,77703
Phora Durbar Kathman,2023-05-31,27.05,0.0,38.83,-0.999,,,,,,,2023,May,77703
Phora Durbar Kathman,2023-06-01,25.98,0.0,41.9,-0.999,,,,,,,2023,Jun,72250
Phora Durbar Kathman,2023-06-02,25.63,0.05,39.0,-0.999,,,,,,,2023,Jun,72250
Phora Durbar Kathman,2023-06-03,26.11,0.01,37.85,-0.999,,,,,,,2023,Jun,72250
Phora Durbar Kathman,2023-06-04,26.43,0.0,38.62,-0.999,,,,,,,2023,Jun,72250
Phora Durbar Kathman,2023-06-05,26.22,0.03,39.71,-0.999,,,,,,,2023,Jun,72250
Phora Durbar Kathman,2023-06-06,26.66,0.4,41.34,-0.999,,,,,,,2023,Jun,72250
Phora Durbar Kathman,2023-06-07,27.13,0.92,40.99,-0.999,,,,,,,2023,Jun,72250
Phora Durbar Kathman,2023-06-08,28.03,0.01,37.42,-0.999,,,,,,,2023,Jun,72250
Phora Durbar Kathman,2023-06-09,28.35,0.0,35.96,-0.999,,,,,,,2023,Jun,72250
Phora Durbar Kathman,2023-06-10,27.07,0.08,46.5,-0.999,,,,,,,2023,Jun,72250
Phora Durbar Kathman,2023-06-11,27.12,3.82,49.66,-0.999,,,,,,,2023,Jun,72250
Phora Durbar Kathman,2023-06-12,26.48,12.7,57.58,-0.999,,,,,,,2023,Jun,72250
Phora Durbar Kathman,2023-06-13,24.93,17.44,70.13,-0.999,,,,,,,2023,Jun,72250
Phora Durbar Kathman,2023-06-14,24.85,23.53,69.37,-0.999,,,,,,,2023,Jun,72250
Phora Durbar Kathman,2023-06-15,26.31,9.98,61.51,-0.999,,,,,,,2023,Jun,72250
Phora Durbar Kathman,2023-06-16,26.5,0.7,57.22,-0.999,,,,,,,2023,Jun,72250
Phora Durbar Kathman,2023-06-17,27.76,6.56,52.7,-0.999,,,,,,,2023,Jun,72250
Phora Durbar Kathman,2023-06-18,26.83,15.45,61.24,-0.999,,,,,,,2023,Jun,72250
Phora Durbar Kathman,2023-06-19,26.33,6.06,62.35,-0.999,,,18.5,,,,2023,Jun,72250
Phora Durbar Kathman,2023-06-20,26.28,0.53,58.49,-0.999,,,23.5,,,,2023,Jun,72250
Phora Durbar Kathman,2023-06-21,25.64,1.16,58.16,-0.999,,,25.5,,,,2023,Jun,72250
Phora Durbar Kathman,2023-06-22,25.46,2.73,65.1,-0.999,,,22.5,,,,2023,Jun,72250
Phora Durbar Kathman,2023-06-23,25.98,0.04,69.35,-0.999,,,19.1,,,,2023,Jun,72250
Phora Durbar Kathman,2023-06-24,24.51,0.01,77.6,-0.999,,,13.3,,,,2023,Jun,72250
Phora Durbar Kathman,2023-06-25,24.67,0.06,73.25,-0.999,,,15.8,,,,2023,Jun,72250
Phora Durbar Kathman,2023-06-26,25.47,0.33,68.51,-0.999,,,18.2,,,,2023,Jun,72250
Phora Durbar Kathman,2023-06-27,24.51,5.93,75.65,-0.999,,,12.7,,,,2023,Jun,72250
Phora Durbar Kathman,2023-06-28,23.66,5.34,77.98,-0.999,,,13.0,,,,2023,Jun,72250
Phora Durbar Kathman,2023-06-29,23.39,8.97,82.77,-0.999,,,13.4,,,,2023,Jun,72250
Phora Durbar Kathman,2023-06-30,22.77,5.27,85.82,-0.999,,,12.9,,,,2023,Jun,72250
Phora Durbar Kathman,2023-07-01,22.85,17.57,85.86,-0.999,,,15.1,,,,2023,Jul,57726
Phora Durbar Kathman,2023-07-02,24.23,7.88,82.54,-0.999,,,16.9,,,,2023,Jul,57726
Phora Durbar Kathman,2023-07-03,23.39,17.1,87.64,-0.999,,,13.9,,,,2023,Jul,57726
Phora Durbar Kathman,2023-07-04,22.58,34.34,90.66,-0.999,,,16.1,,,,2023,Jul,57726
Phora Durbar Kathman,2023-07-05,22.34,6.83,88.74,-0.999,,,21.5,,,,2023,Jul,57726
Phora Durbar Kathman,2023-07-06,23.73,0.88,82.47,-0.999,,,21.8,,,,2023,Jul,57726
Phora Durbar Kathman,2023-07-07,23.65,1.6,83.73,-0.999,,,13.6,,,,2023,Jul,57726
Phora Durbar Kathman,2023-07-08,23.85,0.63,86.81,-0.999,,,10.9,,,,2023,Jul,57726
Phora Durbar Kathman,2023-07-09,24.2,1.02,87.6,-0.999,,,14.4,,,,2023,Jul,57726
Phora Durbar Kathman,2023-07-10,24.03,5.21,86.76,-0.999,,,18.2,,,,2023,Jul,57726
Phora Durbar Kathman,2023-07-11,23.9,7.98,87.91,-0.999,,,21.0,,,,2023,Jul,57726
Phora Durbar Kathman,2023-07-12,24.22,4.97,87.58,-0.999,,,24.4,,,,2023,Jul,57726
Phora Durbar Kathman,2023-07-13,22.9,25.14,92.79,-0.999,,,18.5,,,,2023,Jul,57726
Phora Durbar Kathman,2023-07-14,22.52,22.53,90.66,-0.999,,,30.6,,,,2023,Jul,57726
Phora Durbar Kathman,2023-07-15,23.63,17.7,87.97,,,,16.4,,,,2023,Jul,57726
Phora Durbar Kathman,2023-07-16,23.7,4.31,87.41,-0.999,,,18.1,,,,2023,Jul,57726
Phora Durbar Kathman,2023-07-17,23.46,11.89,86.54,-0.999,,,13.0,,,,2023,Jul,57726
Phora Durbar Kathman,2023-07-18,23.04,18.55,82.32,-0.999,,,10.8,,,,2023,Jul,57726
Phora Durbar Kathman,2023-07-19,24.06,1.35,79.11,-0.999,,,13.8,,,,2023,Jul,57726
Phora Durbar Kathman,2023-07-20,24.29,3.32,85.77,-0.999,,,20.8,,,,2023,Jul,57726
Phora Durbar Kathman,2023-07-21,24.06,3.45,82.38,-0.999,,,19.4,,,,2023,Jul,57726
Phora Durbar Kathman,2023-07-22,24.14,12.13,82.56,-0.999,,,14.2,,,,2023,Jul,57726
Phora Durbar Kathman,2023-07-23,23.82,13.26,85.35,-0.999,,,15.0,,,,2023,Jul,57726
Phora Durbar Kathman,2023-07-24,22.47,10.98,86.49,-0.999,,,16.3,,,,2023,Jul,57726
Phora Durbar Kathman,2023-07-25,22.83,20.54,86.51,-0.999,,,14.2,,,,2023,Jul,57726
Phora Durbar Kathman,2023-07-26,22.56,6.04,87.2,-0.999,,,15.7,,,,2023,Jul,57726
Phora Durbar Kathman,2023-07-27,22.88,5.74,85.45,-0.999,,,16.0,,,,2023,Jul,57726
Phora Durbar Kathman,2023-07-28,23.18,11.33,90.0,-0.999,,,15.7,,,,2023,Jul,57726
Phora Durbar Kathman,2023-07-29,22.94,32.43,93.02,-0.999,,,18.6,,,,2023,Jul,57726
Phora Durbar Kathman,2023-07-30,22.71,10.34,91.16,-0.999,,,22.7,,,,2023,Jul,57726
Phora Durbar Kathman,2023-07-31,24.01,12.75,85.99,-0.999,,,15.9,,,,2023,Jul,57726
Phora Durbar Kathman,2023-08-01,24.67,5.24,81.28,-0.999,,,12.7,,,,2023,Aug,67153
Phora Durbar Kathman,2023-08-02,24.0,5.68,86.68,-0.999,,,12.8,,,,2023,Aug,67153
Phora Durbar Kathman,2023-08-03,24.01,1.87,86.48,-0.999,,,11.6,,,,2023,Aug,67153
Phora Durbar Kathman,2023-08-04,22.56,1.46,90.36,-0.999,,,12.2,,,,2023,Aug,67153
Phora Durbar Kathman,2023-08-05,22.79,4.96,90.72,-0.999,,,13.2,,,,2023,Aug,67153
Phora Durbar Kathman,2023-08-06,22.77,17.82,89.87,-0.999,,,17.6,,,,2023,Aug,67153
Phora Durbar Kathman,2023-08-07,22.51,27.02,94.54,-0.999,,,16.8,,,,2023,Aug,67153
Phora Durbar Kathman,2023-08-08,23.16,44.27,92.2,-0.999,,,16.7,,,,2023,Aug,67153
Phora Durbar Kathman,2023-08-09,22.8,10.87,92.61,-0.999,,,21.9,,,,2023,Aug,67153
Phora Durbar Kathman,2023-08-10,23.1,2.45,92.45,-0.999,,,12.6,,,,2023,Aug,67153
Phora Durbar Kathman,2023-08-11,22.79,9.29,92.94,-0.999,,,18.1,,,,2023,Aug,67153
Phora Durbar Kathman,2023-08-12,23.17,42.02,93.13,-0.999,,,15.3,,,,2023,Aug,67153
Phora Durbar Kathman,2023-08-13,22.1,13.12,95.13,-0.999,,,16.3,,,,2023,Aug,67153
Phora Durbar Kathman,2023-08-14,22.66,2.23,90.67,-0.999,,,23.1,,,,2023,Aug,67153
Phora Durbar Kathman,2023-08-15,22.54,1.72,90.47,-0.999,,,21.4,,,,2023,Aug,67153
Phora Durbar Kathman,2023-08-16,23.43,8.85,89.51,-0.999,,,19.8,,,,2023,Aug,67153
Phora Durbar Kathman,2023-08-17,23.67,9.31,89.13,-0.999,,,19.3,,,,2023,Aug,67153
Phora Durbar Kathman,2023-08-18,23.51,4.96,90.52,-0.999,,,16.3,,,,2023,Aug,67153
Phora Durbar Kathman,2023-08-19,23.68,1.2,88.82,,,,14.2,,,,2023,Aug,67153
Phora Durbar Kathman,2023-08-20,22.56,7.8,90.3,,,,11.8,,,,2023,Aug,67153
Phora Durbar Kathman,2023-08-21,22.6,12.82,90.09,,,,16.8,,,,2023,Aug,67153
Phora Durbar Kathman,2023-08-22,22.77,9.27,91.5,,,,13.0,,,,2023,Aug,67153
Phora Durbar Kathman,2023-08-23,22.15,18.72,95.37,,,,13.3,,,,2023,Aug,67153
Phora Durbar Kathman,2023-08-24,22.56,25.64,94.02,-0.999,,,15.2,,,,2023,Aug,67153
Phora Durbar Kathman,2023-08-25,22.0,34.84,94.93,-0.999,,,11.9,,,,2023,Aug,67153
Phora Durbar Kathman,2023-08-26,21.86,20.28,93.0,-0.999,,,12.4,,,,2023,Aug,67153
Phora Durbar Kathman,2023-08-27,22.95,10.81,92.83,-0.999,,,13.7,,,,2023,Aug,67153
Phora Durbar Kathman,2023-08-28,22.16,2.08,91.48,-0.999,,,23.7,,,,2023,Aug,67153
Phora Durbar Kathman,2023-08-29,22.05,2.55,89.74,-0.999,,,22.7,,,,2023,Aug,67153
Phora Durbar Kathman,2023-08-30,22.58,0.23,89.55,-0.999,,,26.9,,,,2023,Aug,67153
Phora Durbar Kathman,2023-08-31,22.49,0.57,90.79,-0.999,,,22.9,,,,2023,Aug,67153
Phora Durbar Kathman,2023-09-01,22.26,2.68,93.56,-0.999,,,24.3,,,,2023,Sep,91012
Phora Durbar Kathman,2023-09-02,22.5,2.94,93.58,-0.999,,,27.4,,,,2023,Sep,91012
Phora Durbar Kathman,2023-09-03,23.42,6.69,90.22,-0.999,,,24.0,,,,2023,Sep,91012
Phora Durbar Kathman,2023-09-04,23.37,8.36,87.37,-0.999,,,13.3,,,,2023,Sep,91012
Phora Durbar Kathman,2023-09-05,22.98,0.55,85.16,-0.999,,,24.1,,,,2023,Sep,91012
Phora Durbar Kathman,2023-09-06,23.62,1.48,81.96,-0.999,,,22.9,,,,2023,Sep,91012
Phora Durbar Kathman,2023-09-07,23.07,5.82,81.78,-0.341,,,16.6,,,,2023,Sep,91012
Phora Durbar Kathman,2023-09-08,21.65,14.5,90.19,0.0139,,,13.4,,,,2023,Sep,91012
Phora Durbar Kathman,2023-09-09,21.54,4.38,90.94,0.00991,,,13.5,,,,2023,Sep,91012
Phora Durbar Kathman,2023-09-10,22.77,1.61,86.74,-0.0213,,,13.1,,,,2023,Sep,91012
Phora Durbar Kathman,2023-09-11,22.85,13.72,91.41,-0.0096,,,14.9,,,,2023,Sep,91012
Phora Durbar Kathman,2023-09-12,22.36,17.84,92.95,-0.251,,,21.2,,,,2023,Sep,91012
Phora Durbar Kathman,2023-09-13,22.83,8.02,86.24,-0.999,,,15.3,,,,2023,Sep,91012
Phora Durbar Kathman,2023-09-14,22.88,7.5,89.39,-0.999,,,18.7,,,,2023,Sep,91012
Phora Durbar Kathman,2023-09-15,22.31,0.7,89.95,-0.862,,,24.3,,,,2023,Sep,91012
Phora Durbar Kathman,2023-09-16,22.75,0.34,85.95,-0.999,,,21.0,,,,2023,Sep,91012
Phora Durbar Kathman,2023-09-17,22.78,2.3,87.35,-0.999,,,,,,,2023,Sep,91012
Phora Durbar Kathman,2023-09-18,22.73,3.51,86.29,-0.862,,,20.8,,,,2023,Sep,91012
Phora Durbar Kathman,2023-09-19,22.33,8.68,88.08,-0.939,,,26.0,,,,2023,Sep,91012
Phora Durbar Kathman,2023-09-20,22.16,4.2,85.03,-0.957,,,22.5,,,,2023,Sep,91012
Phora Durbar Kathman,2023-09-21,21.69,3.73,89.77,-0.861,,,18.3,,,,2023,Sep,91012
Phora Durbar Kathman,2023-09-22,21.13,11.24,89.28,-0.999,,,17.6,,,,2023,Sep,91012
Phora Durbar Kathman,2023-09-23,20.81,9.3,90.09,-0.999,,,20.5,,,,2023,Sep,91012
Phora Durbar Kathman,2023-09-24,21.41,4.0,88.62,-0.999,,,14.6,,,,2023,Sep,91012
Phora Durbar Kathman,2023-09-25,20.95,1.0,89.9,-0.999,,,17.0,,,,2023,Sep,91012
Phora Durbar Kathman,2023-09-26,21.79,1.12,90.01,-0.862,,,22.1,,,,2023,Sep,91012
Phora Durbar Kathman,2023-09-27,21.93,1.75,91.31,-0.999,,,21.9,,,,2023,Sep,91012
Phora Durbar Kathman,2023-09-28,22.34,2.75,87.38,-0.896,,,26.9,,,,2023,Sep,91012
Phora Durbar Kathman,2023-09-29,23.13,0.58,82.21,-0.999,,,32.4,,,,2023,Sep,91012
Phora Durbar Kathman,2023-09-30,21.83,5.18,90.11,-0.999,,,39.7,,,,2023,Sep,91012
Phora Durbar Kathman,2023-10-01,21.58,5.34,91.23,-0.895,,,34.5,,,,2023,Oct,117306
Phora Durbar Kathman,2023-10-02,21.45,7.36,91.48,-0.999,,,25.2,,,,2023,Oct,117306
Phora Durbar Kathman,2023-10-03,21.47,12.06,91.04,-0.864,,,22.7,,,,2023,Oct,117306
Phora Durbar Kathman,2023-10-04,20.99,9.01,90.23,-0.999,,,15.1,,,,2023,Oct,117306
Phora Durbar Kathman,2023-10-05,20.96,2.91,89.72,-0.999,,,14.3,,,,2023,Oct,117306
Phora Durbar Kathman,2023-10-06,20.91,3.9,90.64,-0.898,,,16.6,,,,2023,Oct,117306
Phora Durbar Kathman,2023-10-07,20.85,0.71,91.56,-0.939,,,17.7,,,,2023,Oct,117306
Phora Durbar Kathman,2023-10-08,21.05,0.28,87.05,-0.957,,,27.3,,,,2023,Oct,117306
Phora Durbar Kathman,2023-10-09,20.69,0.76,88.19,-0.999,,,49.3,,,,2023,Oct,117306
Phora Durbar Kathman,2023-10-10,20.88,0.44,88.53,-0.999,,,67.5,,,,2023,Oct,117306
Phora Durbar Kathman,2023-10-11,20.49,0.83,78.14,-0.999,,,53.6,,,,2023,Oct,117306
Phora Durbar Kathman,2023-10-12,19.79,1.38,76.67,-0.899,,,49.5,,,,2023,Oct,117306
Phora Durbar Kathman,2023-10-13,19.75,0.03,74.07,-0.938,,,49.1,,,,2023,Oct,117306
Phora Durbar Kathman,2023-10-14,18.97,0.04,76.98,-0.918,,,46.6,,,,2023,Oct,117306
Phora Durbar Kathman,2023-10-15,18.57,0.02,84.23,-0.999,,,43.4,,,,2023,Oct,117306
Phora Durbar Kathman,2023-10-16,18.84,2.08,86.92,-0.999,,,51.3,,,,2023,Oct,117306
Phora Durbar Kathman,2023-10-17,18.44,3.45,82.19,-0.999,,,35.0,,,,2023,Oct,117306
Phora Durbar Kathman,2023-10-18,17.96,0.03,74.4,,,,37.4,,,,2023,Oct,117306
Phora Durbar Kathman,2023-10-19,17.46,0.0,74.68,0.025,,,37.7,,,,2023,Oct,117306
Phora Durbar Kathman,2023-10-20,17.23,0.0,73.61,,,,34.9,,,,2023,Oct,117306
Phora Durbar Kathman,2023-10-21,17.25,0.0,70.8,,,,36.1,,,,2023,Oct,117306
Phora Durbar Kathman,2023-10-22,17.68,0.0,67.16,,,,38.3,,,,2023,Oct,117306
Phora Durbar Kathman,2023-10-23,18.1,0.0,64.94,,,,33.4,,,,2023,Oct,117306
Phora Durbar Kathman,2023-10-24,18.19,0.0,64.95,,,,29.2,,,,2023,Oct,117306
Phora Durbar Kathman,2023-10-25,18.23,0.0,70.24,,,,26.5,,,,2023,Oct,117306
Phora Durbar Kathman,2023-10-26,17.78,0.0,75.24,-0.999,,,24.6,,,,2023,Oct,117306
Phora Durbar Kathman,2023-10-27,17.05,0.0,79.54,-0.999,,,24.4,,,,2023,Oct,117306
Phora Durbar Kathman,2023-10-28,17.03,0.0,76.28,-0.999,,,26.7,,,,2023,Oct,117306
Phora Durbar Kathman,2023-10-29,17.19,0.0,78.31,-0.957,,,34.6,,,,2023,Oct,117306
Phora Durbar Kathman,2023-10-30,17.9,0.0,72.76,-0.999,,,46.9,,,,2023,Oct,117306
Phora Durbar Kathman,2023-10-31,18.46,0.0,72.19,-0.999,,,39.9,,,,2023,Oct,117306
Phora Durbar Kathman,2023-11-01,18.01,0.0,75.96,-0.999,,,49.3,,,,2023,Nov,108630
Phora Durbar Kathman,2023-11-02,17.67,0.0,77.37,-0.999,,,,,,,2023,Nov,108630
Phora Durbar Kathman,2023-11-03,17.48,0.0,74.04,-0.999,,,,,,,2023,Nov,108630
Phora Durbar Kathman,2023-11-04,16.6,0.0,74.94,-0.999,,,,,,,2023,Nov,108630
Phora Durbar Kathman,2023-11-05,16.44,0.04,73.43,-0.999,,,,,,,2023,Nov,108630
Phora Durbar Kathman,2023-11-06,16.19,0.0,73.68,-0.999,,,,,,,2023,Nov,108630
Phora Durbar Kathman,2023-11-07,15.93,0.0,73.51,-0.749,,,,,,,2023,Nov,108630
Phora Durbar Kathman,2023-11-08,15.74,0.0,71.38,-0.999,,,,,,,2023,Nov,108630
Phora Durbar Kathman,2023-11-09,15.82,0.0,68.88,-0.864,,,,,,,2023,Nov,108630
Phora Durbar Kathman,2023-11-10,16.27,0.0,72.17,-0.999,,,,,,,2023,Nov,108630
Phora Durbar Kathman,2023-11-11,16.17,0.0,74.57,-0.999,,,,,,,2023,Nov,108630
Phora Durbar Kathman,2023-11-12,16.0,0.0,78.03,-0.999,,,,,,,2023,Nov,108630
Phora Durbar Kathman,2023-11-13,16.53,0.0,75.06,-0.999,,,,,,,2023,Nov,108630
Phora Durbar Kathman,2023-11-14,17.3,0.0,69.99,-0.999,,,,,,,2023,Nov,108630
Phora Durbar Kathman,2023-11-15,16.91,0.0,78.45,-0.999,,,,,,,2023,Nov,108630
Phora Durbar Kathman,2023-11-16,17.19,0.0,72.36,-0.999,,,,,,,2023,Nov,108630
Phora Durbar Kathman,2023-11-17,17.72,0.0,65.92,-0.999,,,,,,,2023,Nov,108630
Phora Durbar Kathman,2023-11-18,16.34,0.0,78.53,-0.999,,,,,,,2023,Nov,108630
Phora Durbar Kathman,2023-11-19,16.5,0.0,83.22,-0.999,,,,,,,2023,Nov,108630
Phora Durbar Kathman,2023-11-20,16.94,0.0,77.38,-0.999,,,,,,,2023,Nov,108630
Phora Durbar Kathman,2023-11-21,15.95,0.0,73.87,-0.999,,,,,,,2023,Nov,108630
Phora Durbar Kathman,2023-11-22,14.94,0.0,75.11,-0.999,,,,,,,2023,Nov,108630
Phora Durbar Kathman,2023-11-23,15.34,0.0,68.75,-0.999,,,,,,,2023,Nov,108630
Phora Durbar Kathman,2023-11-24,15.74,0.0,69.9,-0.999,,,,,,,2023,Nov,108630
Phora Durbar Kathman,2023-11-25,15.49,0.0,74.17,-0.999,,,,,,,2023,Nov,108630
Phora Durbar Kathman,2023-11-26,16.22,0.0,71.57,-0.999,,,,,,,2023,Nov,108630
Phora Durbar Kathman,2023-11-27,16.05,0.0,69.49,-0.999,,,,,,,2023,Nov,108630
Phora Durbar Kathman,2023-11-28,15.9,0.0,74.83,-0.999,,,,,,,2023,Nov,108630
Phora Durbar Kathman,2023-11-29,15.84,0.0,70.36,-0.999,,,,,,,2023,Nov,108630
Phora Durbar Kathman,2023-11-30,15.55,0.0,66.27,-0.999,,,,,,,2023,Nov,108630
Phora Durbar Kathman,2023-12-01,15.33,0.0,69.1,-0.999,,,,,,,2023,Dec,96574
Phora Durbar Kathman,2023-12-02,15.75,0.0,61.34,-0.999,,,,,,,2023,Dec,96574
Phora Durbar Kathman,2023-12-03,15.68,0.0,59.27,-0.999,,,,,,,2023,Dec,96574
Phora Durbar Kathman,2023-12-04,15.74,0.0,59.0,-0.999,,,,,,,2023,Dec,96574
Phora Durbar Kathman,2023-12-05,15.83,0.03,64.98,-0.999,,,,,,,2023,Dec,96574
Phora Durbar Kathman,2023-12-06,15.12,2.52,68.67,-0.999,,,,,,,2023,Dec,96574
Phora Durbar Kathman,2023-12-07,13.81,0.9,70.41,-0.999,,,,,,,2023,Dec,96574
Phora Durbar Kathman,2023-12-08,12.75,0.03,73.44,-0.999,,,,,,,2023,Dec,96574
Phora Durbar Kathman,2023-12-09,12.55,0.0,68.39,-0.999,,,,,,,2023,Dec,96574
Phora Durbar Kathman,2023-12-10,12.07,0.0,64.66,-0.999,,,,,,,2023,Dec,96574
Phora Durbar Kathman,2023-12-11,11.92,0.01,62.19,-0.999,,,,,,,2023,Dec,96574
Phora Durbar Kathman,2023-12-12,11.9,0.0,63.02,-0.999,,,,,,,2023,Dec,96574
Phora Durbar Kathman,2023-12-13,11.81,0.0,61.83,-0.999,,,,,,,2023,Dec,96574
Phora Durbar Kathman,2023-12-14,11.7,0.0,61.2,-0.999,,,,,,,2023,Dec,96574
Phora Durbar Kathman,2023-12-15,11.79,0.0,58.35,-0.999,,,,,,,2023,Dec,96574
Phora Durbar Kathman,2023-12-16,12.3,0.0,58.24,-0.999,,,,,,,2023,Dec,96574
Phora Durbar Kathman,2023-12-17,12.05,0.0,56.55,-0.999,,,,,,,2023,Dec,96574
Phora Durbar Kathman,2023-12-18,12.04,0.0,51.01,-0.999,,,,,,,2023,Dec,96574
Phora Durbar Kathman,2023-12-19,11.89,0.0,55.96,-0.999,,,104.0,,,,2023,Dec,96574
Phora Durbar Kathman,2023-12-20,12.42,0.0,59.32,-0.999,,,85.7,,,,2023,Dec,96574
Phora Durbar Kathman,2023-12-21,13.67,0.0,59.77,-0.999,,,102.0,,,,2023,Dec,96574
Phora Durbar Kathman,2023-12-22,13.19,0.0,67.57,-0.999,,,89.1,,,,2023,Dec,96574
Phora Durbar Kathman,2023-12-23,13.87,0.0,72.52,-0.999,,,,,,,2023,Dec,96574
Phora Durbar Kathman,2023-12-24,13.75,0.0,73.47,-0.999,,,,,,,2023,Dec,96574
Phora Durbar Kathman,2023-12-25,12.88,0.0,71.65,-0.999,,,,,,,2023,Dec,96574
Phora Durbar Kathman,2023-12-26,12.77,0.0,71.26,-0.999,,,,,,,2023,Dec,96574
Phora Durbar Kathman,2023-12-27,13.12,0.0,72.26,-0.999,,,,,,,2023,Dec,96574
Phora Durbar Kathman,2023-12-28,12.94,0.0,71.74,-0.999,,,60.0,,,,2023,Dec,96574
Phora Durbar Kathman,2023-12-29,13.04,0.0,61.07,-0.999,,,68.8,,,,2023,Dec,96574
Phora Durbar Kathman,2023-12-30,12.71,0.0,55.23,-0.999,,,73.2,,,,2023,Dec,96574
Phora Durbar Kathman,2023-12-31,12.72,0.0,52.05,-0.999,,,,,,,2023,Dec,96574
Phora Durbar Kathman,2024-01-01,11.75,0.0,55.54,-0.999,,,,,,,2024,Jan,79101
Phora Durbar Kathman,2024-01-02,11.25,0.0,56.73,-0.999,,,,,,,2024,Jan,79101
Phora Durbar Kathman,2024-01-03,11.32,0.0,57.83,-0.999,,,,,,,2024,Jan,79101
Phora Durbar Kathman,2024-01-04,11.38,0.0,56.08,-0.999,,,,,,,2024,Jan,79101
Phora Durbar Kathman,2024-01-05,11.76,0.0,53.57,-0.999,,,81.0,,,,2024,Jan,79101
Phora Durbar Kathman,2024-01-06,11.7,0.0,58.13,-0.999,,,92.0,,,,2024,Jan,79101
Phora Durbar Kathman,2024-01-07,12.02,0.0,67.66,-0.999,,,92.0,,,,2024,Jan,79101
Phora Durbar Kathman,2024-01-08,11.48,0.0,68.5,-0.999,,,92.0,,,,2024,Jan,79101
Phora Durbar Kathman,2024-01-09,11.74,0.0,54.8,-0.999,,,92.0,,,,2024,Jan,79101
Phora Durbar Kathman,2024-01-10,12.27,0.0,51.43,-0.999,,,92.0,,,,2024,Jan,79101
Phora Durbar Kathman,2024-01-11,10.34,0.0,60.04,-0.999,,,92.0,,,,2024,Jan,79101
Phora Durbar Kathman,2024-01-12,10.77,0.0,53.15,-0.999,,,92.0,,,,2024,Jan,79101
Phora Durbar Kathman,2024-01-13,11.56,0.0,51.01,-0.999,,,92.0,,,,2024,Jan,79101
Phora Durbar Kathman,2024-01-14,11.95,0.0,53.15,-0.999,,,92.0,,,,2024,Jan,79101
Phora Durbar Kathman,2024-01-15,11.29,0.0,55.62,-0.999,,,92.0,,,,2024,Jan,79101
Phora Durbar Kathman,2024-01-16,10.76,0.0,57.79,-0.999,,,92.0,,,,2024,Jan,79101
Phora Durbar Kathman,2024-01-17,9.65,0.0,61.78,-0.999,,,92.0,,,,2024,Jan,79101
Phora Durbar Kathman,2024-01-18,9.12,0.0,61.2,-0.999,,,92.0,,,,2024,Jan,79101
Phora Durbar Kathman,2024-01-19,8.63,0.0,58.01,-0.999,,,92.0,,,,2024,Jan,79101
Phora Durbar Kathman,2024-01-20,9.33,0.0,52.95,-0.999,,,92.0,,,,2024,Jan,79101
Phora Durbar Kathman,2024-01-21,8.93,0.0,51.78,-0.999,,,92.0,,,,2024,Jan,79101
Phora Durbar Kathman,2024-01-22,8.68,0.0,53.88,-0.999,,,92.0,,,,2024,Jan,79101
Phora Durbar Kathman,2024-01-23,9.86,0.0,52.08,-0.999,,,92.0,,,,2024,Jan,79101
Phora Durbar Kathman,2024-01-24,9.69,0.0,51.09,-0.999,,,92.0,,,,2024,Jan,79101
Phora Durbar Kathman,2024-01-25,8.67,0.0,51.85,-0.999,,,92.0,,,,2024,Jan,79101
Phora Durbar Kathman,2024-01-26,8.8,0.0,52.5,-0.999,,,92.0,,,,2024,Jan,79101
Phora Durbar Kathman,2024-01-27,9.11,0.0,51.22,-0.999,,,,,,,2024,Jan,79101
Phora Durbar Kathman,2024-01-28,9.49,0.0,51.73,-0.999,,,,,,,2024,Jan,79101
Phora Durbar Kathman,2024-01-29,10.66,0.0,48.9,-0.999,,,,,,,2024,Jan,79101
Phora Durbar Kathman,2024-01-30,10.08,0.0,52.29,-0.999,,,151.0,,,,2024,Jan,79101
Phora Durbar Kathman,2024-01-31,10.5,0.0,54.13,-0.999,,,111.0,,,,2024,Jan,79101
Phora Durbar Kathman,2024-02-01,10.65,0.0,54.67,-0.999,,,132.0,,,,2024,Feb,97423
Phora Durbar Kathman,2024-02-02,10.63,0.01,53.24,-0.999,,,64.8,,,,2024,Feb,97423
Phora Durbar Kathman,2024-02-03,11.26,0.0,43.3,-0.999,,,74.5,,,,2024,Feb,97423
Phora Durbar Kathman,2024-02-04,10.09,0.19,54.34,-0.999,,,111.0,,,,2024,Feb,97423
Phora Durbar Kathman,2024-02-05,10.58,0.01,64.13,-0.789,,,127.0,,,,2024,Feb,97423
Phora Durbar Kathman,2024-02-06,11.47,0.0,54.62,0.0159,,,74.6,,,,2024,Feb,97423
Phora Durbar Kathman,2024-02-07,10.98,0.0,44.48,-0.0704,,,78.3,,,,2024,Feb,97423
Phora Durbar Kathman,2024-02-08,10.3,0.0,37.86,-0.0311,,,87.7,,,,2024,Feb,97423
Phora Durbar Kathman,2024-02-09,10.83,0.0,36.01,0.0138,,,94.0,,,,2024,Feb,97423
Phora Durbar Kathman,2024-02-10,12.51,0.0,34.69,0.013,,,115.0,,,,2024,Feb,97423
Phora Durbar Kathman,2024-02-11,13.6,0.0,31.01,-0.0254,,,100.0,,,,2024,Feb,97423
Phora Durbar Kathman,2024-02-12,13.89,0.18,35.07,-0.0286,,,85.9,,,,2024,Feb,97423
Phora Durbar Kathman,2024-02-13,14.59,0.08,38.39,-0.0286,,,81.2,,,,2024,Feb,97423
Phora Durbar Kathman,2024-02-14,12.64,0.55,50.75,-0.0335,,,108.0,,,,2024,Feb,97423
Phora Durbar Kathman,2024-02-15,13.54,0.2,54.63,0.0171,,,100.0,,,,2024,Feb,97423
Phora Durbar Kathman,2024-02-16,14.29,0.0,46.51,0.016,,,94.2,,,,2024,Feb,97423
Phora Durbar Kathman,2024-02-17,13.57,0.0,47.5,0.0118,,,112.0,,,,2024,Feb,97423
Phora Durbar Kathman,2024-02-18,14.06,0.0,40.44,-0.0635,,,89.7,,,,2024,Feb,97423
Phora Durbar Kathman,2024-02-19,14.52,0.0,41.68,-0.0259,,,122.0,,,,2024,Feb,97423
Phora Durbar Kathman,2024-02-20,15.57,0.3,45.1,0.0135,,,118.0,,,,2024,Feb,97423
Phora Durbar Kathman,2024-02-21,13.97,0.95,58.12,-0.0126,,,116.0,,,,2024,Feb,97423
Phora Durbar Kathman,2024-02-22,13.51,0.0,58.05,0.00898,,,,,,,2024,Feb,97423
Phora Durbar Kathman,2024-02-23,12.02,0.0,37.64,-0.0171,,,62.0,,,,2024,Feb,97423
Phora Durbar Kathman,2024-02-24,11.72,0.0,29.66,-0.0255,,,68.4,,,,2024,Feb,97423
Phora Durbar Kathman,2024-02-25,12.18,0.0,30.56,-0.0193,,,70.4,,,,2024,Feb,97423
Phora Durbar Kathman,2024-02-26,14.52,0.0,30.58,-0.0185,,,75.1,,,,2024,Feb,97423
Phora Durbar Kathman,2024-02-27,15.78,0.0,33.2,0.0178,,,86.3,,,,2024,Feb,97423
Phora Durbar Kathman,2024-02-28,15.09,0.0,46.29,-0.0188,,,82.1,,,,2024,Feb,97423
Phora Durbar Kathman,2024-02-29,15.16,0.0,49.07,0.0231,,,83.6,,,,2024,Feb,97423
Phora Durbar Kathman,2024-03-01,16.16,0.0,41.75,-0.0605,,,87.0,,,,2024,Mar,128167
Phora Durbar Kathman,2024-03-02,16.4,0.02,41.65,0.0229,,,96.5,,,,2024,Mar,128167
Phora Durbar Kathman,2024-03-03,15.02,1.95,58.86,-0.0726,,,59.1,,,,2024,Mar,128167
Phora Durbar Kathman,2024-03-04,15.56,0.06,52.34,-0.0309,,,42.7,,,,2024,Mar,128167
Phora Durbar Kathman,2024-03-05,15.14,0.0,38.96,0.0144,,,45.3,,,,2024,Mar,128167
Phora Durbar Kathman,2024-03-06,16.14,0.0,31.91,-0.0645,,,55.6,,,,2024,Mar,128167
Phora Durbar Kathman,2024-03-07,16.32,0.0,33.56,0.0181,,,59.8,,,,2024,Mar,128167
Phora Durbar Kathman,2024-03-08,15.95,0.0,35.47,0.0247,,,61.4,,,,2024,Mar,128167
Phora Durbar Kathman,2024-03-09,15.86,0.0,36.63,0.0233,,,103.0,,,,2024,Mar,128167
Phora Durbar Kathman,2024-03-10,15.93,0.0,34.68,-0.0124,,,88.4,,,,2024,Mar,128167
Phora Durbar Kathman,2024-03-11,17.45,0.0,34.81,0.00721,,,100.0,,,,2024,Mar,128167
Phora Durbar Kathman,2024-03-12,18.08,0.0,34.06,0.0239,,,93.4,,,,2024,Mar,128167
Phora Durbar Kathman,2024-03-13,18.36,0.0,34.91,-0.00694,,,69.2,,,,2024,Mar,128167
Phora Durbar Kathman,2024-03-14,17.33,0.0,35.77,0.0224,,,68.9,,,,2024,Mar,128167
Phora Durbar Kathman,2024-03-15,18.6,0.0,33.05,0.0227,,,66.0,,,,2024,Mar,128167
Phora Durbar Kathman,2024-03-16,17.79,0.01,31.11,0.00526,,,72.3,,,,2024,Mar,128167
Phora Durbar Kathman,2024-03-17,18.03,0.0,24.66,-0.0129,,,79.8,,,,2024,Mar,128167
Phora Durbar Kathman,2024-03-18,18.62,0.0,23.99,-0.83,,,105.0,,,,2024,Mar,128167
Phora Durbar Kathman,2024-03-19,18.33,2.57,30.63,-0.999,,,102.0,,,,2024,Mar,128167
Phora Durbar Kathman,2024-03-20,14.13,32.52,69.16,-0.999,,,119.0,,,,2024,Mar,128167
Phora Durbar Kathman,2024-03-21,13.08,3.99,83.66,-0.999,,,105.0,,,,2024,Mar,128167
Phora Durbar Kathman,2024-03-22,15.38,0.3,68.54,-0.999,,,77.2,,,,2024,Mar,128167
Phora Durbar Kathman,2024-03-23,16.96,0.31,59.45,-0.999,,,60.2,,,,2024,Mar,128167
Phora Durbar Kathman,2024-03-24,18.47,0.04,42.25,-0.999,,,81.9,,,,2024,Mar,128167
Phora Durbar Kathman,2024-03-25,17.06,0.54,52.0,-0.999,,,71.4,,,,2024,Mar,128167
Phora Durbar Kathman,2024-03-26,18.4,0.0,53.56,-0.999,,,71.9,,,,2024,Mar,128167
Phora Durbar Kathman,2024-03-27,18.7,0.01,48.47,-0.999,,,86.6,,,,2024,Mar,128167
Phora Durbar Kathman,2024-03-28,19.31,0.0,48.18,-0.999,,,63.2,,,,2024,Mar,128167
Phora Durbar Kathman,2024-03-29,20.19,0.0,52.84,-0.999,,,,,,,2024,Mar,128167
Phora Durbar Kathman,2024-03-30,21.47,0.01,49.42,-0.999,,,,,,,2024,Mar,128167
Phora Durbar Kathman,2024-03-31,22.31,0.02,40.92,-0.999,,,,,,,2024,Mar,128167
Phora Durbar Kathman,2024-04-01,21.01,0.0,35.94,-0.999,,,76.2,,,,2024,Apr,111382
Phora Durbar Kathman,2024-04-02,21.04,0.0,33.46,-0.999,,,98.7,,,,2024,Apr,111382
Phora Durbar Kathman,2024-04-03,21.9,0.0,28.92,-0.999,,,105.0,,,,2024,Apr,111382
Phora Durbar Kathman,2024-04-04,23.2,0.0,30.39,-0.999,,,103.0,,,,2024,Apr,111382
Phora Durbar Kathman,2024-04-05,23.2,0.0,32.12,-0.999,,,,,,,2024,Apr,111382
Phora Durbar Kathman,2024-04-06,22.62,0.0,33.71,-0.999,,,,,,,2024,Apr,111382
Phora Durbar Kathman,2024-04-07,23.0,0.0,28.67,-0.999,,,,,,,2024,Apr,111382
Phora Durbar Kathman,2024-04-08,21.71,0.0,22.3,-0.999,,,,,,,2024,Apr,111382
Phora Durbar Kathman,2024-04-09,21.37,0.0,22.33,-0.999,,,152.0,,,,2024,Apr,111382
Phora Durbar Kathman,2024-04-10,21.65,0.01,24.67,-0.999,,,140.0,,,,2024,Apr,111382
Phora Durbar Kathman,2024-04-11,21.42,0.45,27.33,-0.999,,,131.0,,,,2024,Apr,111382
Phora Durbar Kathman,2024-04-12,20.71,3.34,30.88,-0.999,,,115.0,,,,2024,Apr,111382
Phora Durbar Kathman,2024-04-13,21.47,0.08,33.47,-0.999,,,123.0,,,,2024,Apr,111382
Phora Durbar Kathman,2024-04-14,22.54,0.25,35.84,-0.999,,,127.0,,,,2024,Apr,111382
Phora Durbar Kathman,2024-04-15,23.71,1.06,36.31,-0.999,,,,,,,2024,Apr,111382
Phora Durbar Kathman,2024-04-16,24.43,0.58,40.16,-0.999,,,90.8,,,,2024,Apr,111382
Phora Durbar Kathman,2024-04-17,23.6,0.14,40.12,-0.999,,,93.7,,,,2024,Apr,111382
Phora Durbar Kathman,2024-04-18,23.94,0.01,33.63,-0.999,,,108.0,,,,2024,Apr,111382
Phora Durbar Kathman,2024-04-19,24.47,0.0,30.7,-0.999,,,97.8,,,,2024,Apr,111382
Phora Durbar Kathman,2024-04-20,25.59,0.01,25.72,-0.999,,,95.5,,,,2024,Apr,111382
Phora Durbar Kathman,2024-04-21,24.59,0.03,24.16,-0.999,,,102.0,,,,2024,Apr,111382
Phora Durbar Kathman,2024-04-22,24.85,0.0,27.18,-0.999,,,144.0,,,,2024,Apr,111382
Phora Durbar Kathman,2024-04-23,24.46,0.0,27.64,-0.999,,,70.7,,,,2024,Apr,111382
Phora Durbar Kathman,2024-04-24,23.55,0.0,29.65,-0.999,,,112.0,,,,2024,Apr,111382
Phora Durbar Kathman,2024-04-25,24.27,0.0,24.16,-0.999,,,125.0,,,,2024,Apr,111382
Phora Durbar Kathman,2024-04-26,25.23,0.0,21.71,-0.999,,,137.0,,,,2024,Apr,111382
Phora Durbar Kathman,2024-04-27,25.85,0.0,26.64,-0.999,,,126.0,,,,2024,Apr,111382
Phora Durbar Kathman,2024-04-28,25.89,0.0,28.67,-0.999,,,92.7,,,,2024,Apr,111382
Phora Durbar Kathman,2024-04-29,26.15,0.0,24.1,-0.873,,,95.6,,,,2024,Apr,111382
Phora Durbar Kathman,2024-04-30,26.64,0.0,22.96,-0.532,,,132.0,,,,2024,Apr,111382
Phora Durbar Kathman,2024-05-01,25.02,0.0,20.26,-0.612,,,134.0,,,,2024,May,90205
Phora Durbar Kathman,2024-05-02,22.74,0.0,19.16,-0.656,,,96.6,,,,2024,May,90205
Phora Durbar Kathman,2024-05-03,24.57,0.0,17.53,-0.611,,,141.0,,,,2024,May,90205
Phora Durbar Kathman,2024-05-04,23.81,0.0,21.02,-0.454,,,150.0,,,,2024,May,90205
Phora Durbar Kathman,2024-05-05,23.35,0.15,24.59,-0.698,,,123.0,,,,2024,May,90205
Phora Durbar Kathman,2024-05-06,23.6,1.12,35.53,-0.423,,,104.0,,,,2024,May,90205
Phora Durbar Kathman,2024-05-07,20.61,8.19,69.0,-0.543,,,51.5,,,,2024,May,90205
Phora Durbar Kathman,2024-05-08,19.16,11.82,75.62,-0.713,,,59.3,,,,2024,May,90205
Phora Durbar Kathman,2024-05-09,18.02,4.24,80.8,-0.508,,,51.5,,,,2024,May,90205
Phora Durbar Kathman,2024-05-10,21.0,2.99,65.8,-0.423,,,45.4,,,,2024,May,90205
Phora Durbar Kathman,2024-05-11,22.72,2.19,66.0,-0.753,,,44.0,,,,2024,May,90205
Phora Durbar Kathman,2024-05-12,22.07,11.61,73.92,-0.999,,,,,,,2024,May,90205
Phora Durbar Kathman,2024-05-13,22.15,2.84,68.39,-0.999,,,,,,,2024,May,90205
Phora Durbar Kathman,2024-05-14,23.87,0.37,56.21,-0.999,,,,,,,2024,May,90205
Phora Durbar Kathman,2024-05-15,24.23,2.72,60.04,-0.627,,,56.1,,,,2024,May,90205
Phora Durbar Kathman,2024-05-16,25.31,0.08,51.93,-0.608,,,44.7,,,,2024,May,90205
Phora Durbar Kathman,2024-05-17,25.9,0.0,37.93,-0.567,,,71.8,,,,2024,May,90205
Phora Durbar Kathman,2024-05-18,26.19,0.98,39.46,-0.607,,,96.7,,,,2024,May,90205
Phora Durbar Kathman,2024-05-19,25.12,6.55,52.4,-0.474,,,62.7,,,,2024,May,90205
Phora Durbar Kathman,2024-05-20,23.84,4.03,59.94,-0.828,,,83.7,,,,2024,May,90205
Phora Durbar Kathman,2024-05-21,24.07,0.99,63.32,-0.999,,,,,,,2024,May,90205
Phora Durbar Kathman,2024-05-22,23.22,8.63,70.57,-0.999,,,,,,,2024,May,90205
Phora Durbar Kathman,2024-05-23,24.66,0.4,60.82,-0.709,,,50.8,,,,2024,May,90205
Phora Durbar Kathman,2024-05-24,26.22,0.83,55.56,-0.66,,,59.0,,,,2024,May,90205
Phora Durbar Kathman,2024-05-25,26.01,7.53,61.84,-0.999,,,,,,,2024,May,90205
Phora Durbar Kathman,2024-05-26,26.93,3.81,60.54,-0.916,,,,,,,2024,May,90205
Phora Durbar Kathman,2024-05-27,26.5,3.18,64.74,-0.507,,,35.9,,,,2024,May,90205
Phora Durbar Kathman,2024-05-28,26.25,0.48,58.65,-0.589,,,42.6,,,,2024,May,90205
Phora Durbar Kathman,2024-05-29,27.99,0.19,37.87,-0.761,,,63.5,,,,2024,May,90205
Phora Durbar Kathman,2024-05-30,27.93,1.27,41.22,-0.463,,,61.2,,,,2024,May,90205
Phora Durbar Kathman,2024-05-31,26.9,3.29,54.61,-0.957,,,55.0,,,,2024,May,90205
Phora Durbar Kathman,2024-06-01,25.28,4.32,61.47,-0.187,,,44.2,,,,2024,Jun,76733
Phora Durbar Kathman,2024-06-02,25.38,3.67,57.46,-0.999,,,,,,,2024,Jun,76733
Phora Durbar Kathman,2024-06-03,24.85,11.3,52.64,-0.958,,,73.0,,,,2024,Jun,76733
Phora Durbar Kathman,2024-06-04,24.81,4.76,53.83,-0.67,,,64.1,,,,2024,Jun,76733
Phora Durbar Kathman,2024-06-05,24.19,4.62,58.8,-0.702,,,44.0,,,,2024,Jun,76733
Phora Durbar Kathman,2024-06-06,24.95,3.2,59.33,-0.233,,,30.1,,,,2024,Jun,76733
Phora Durbar Kathman,2024-06-07,25.42,0.3,49.39,-0.68,,,27.7,,,,2024,Jun,76733
Phora Durbar Kathman,2024-06-08,26.41,1.01,47.18,-0.956,,,43.0,,,,2024,Jun,76733
Phora Durbar Kathman,2024-06-09,27.6,0.47,43.46,-0.999,,,,,,,2024,Jun,76733
Phora Durbar Kathman,2024-06-10,27.83,0.32,41.47,-0.999,,,,,,,2024,Jun,76733
Phora Durbar Kathman,2024-06-11,27.88,0.17,39.07,-0.916,,,73.0,,,,2024,Jun,76733
Phora Durbar Kathman,2024-06-12,26.78,1.29,51.39,-0.911,,,60.0,,,,2024,Jun,76733
Phora Durbar Kathman,2024-06-13,27.16,1.11,54.62,-0.782,,,78.0,,,,2024,Jun,76733
Phora Durbar Kathman,2024-06-14,27.47,1.01,50.72,-0.999,,,,,,,2024,Jun,76733
Phora Durbar Kathman,2024-06-15,27.45,0.45,55.92,-0.999,,,,,,,2024,Jun,76733
Phora Durbar Kathman,2024-06-16,26.98,5.53,63.6,-0.554,,,48.3,,,,2024,Jun,76733
Phora Durbar Kathman,2024-06-17,27.19,3.75,60.55,0.00815,,,47.4,,,,2024,Jun,76733
Phora Durbar Kathman,2024-06-18,28.16,15.45,58.19,-0.744,,,50.8,,,,2024,Jun,76733
Phora Durbar Kathman,2024-06-19,27.29,10.38,62.32,-0.502,,,44.9,,,,2024,Jun,76733
Phora Durbar Kathman,2024-06-20,25.54,11.4,73.55,-0.742,,,31.3,,,,2024,Jun,76733
Phora Durbar Kathman,2024-06-21,24.47,0.97,73.43,-0.74,,,22.7,,,,2024,Jun,76733
Phora Durbar Kathman,2024-06-22,25.1,5.02,74.44,-0.655,,,38.4,,,,2024,Jun,76733
Phora Durbar Kathman,2024-06-23,24.81,7.81,78.88,-0.445,,,33.1,,,,2024,Jun,76733
Phora Durbar Kathman,2024-06-24,25.87,8.57,72.75,-0.49,,,26.6,,,,2024,Jun,76733
Phora Durbar Kathman,2024-06-25,24.76,74.23,84.73,-0.587,,,45.2,,,,2024,Jun,76733
Phora Durbar Kathman,2024-06-26,22.91,114.32,93.86,-0.878,,,38.8,,,,2024,Jun,76733
Phora Durbar Kathman,2024-06-27,23.86,4.26,86.3,-0.999,,,,,,,2024,Jun,76733
Phora Durbar Kathman,2024-06-28,23.52,10.96,89.05,-0.999,,,,,,,2024,Jun,76733
Phora Durbar Kathman,2024-06-29,23.16,24.29,91.17,-0.999,,,,,,,2024,Jun,76733
Phora Durbar Kathman,2024-06-30,22.59,53.49,93.28,-0.999,,,,,,,2024,Jun,76733
Phora Durbar Kathman,2024-07-01,23.15,27.3,91.68,-0.999,,,,,,,2024,Jul,64598
Phora Durbar Kathman,2024-07-02,23.36,28.31,94.33,-0.999,,,,,,,2024,Jul,64598
Phora Durbar Kathman,2024-07-03,22.79,10.5,90.91,-0.999,,,,,,,2024,Jul,64598
Phora Durbar Kathman,2024-07-04,23.5,6.21,88.63,-0.999,,,,,,,2024,Jul,64598
Phora Durbar Kathman,2024-07-05,22.71,25.86,90.4,-0.999,,,,,,,2024,Jul,64598
Phora Durbar Kathman,2024-07-06,22.58,55.36,95.34,-0.957,,,15.0,,,,2024,Jul,64598
Phora Durbar Kathman,2024-07-07,22.66,12.97,94.25,-0.999,,,,,,,2024,Jul,64598
Phora Durbar Kathman,2024-07-08,23.59,1.73,91.18,-0.999,,,58.0,,,,2024,Jul,64598
Phora Durbar Kathman,2024-07-09,23.94,5.52,88.44,-0.635,,,28.4,,,,2024,Jul,64598
Phora Durbar Kathman,2024-07-10,22.74,19.2,92.9,-0.663,,,27.9,,,,2024,Jul,64598
Phora Durbar Kathman,2024-07-11,22.42,19.74,93.32,-0.479,,,38.7,,,,2024,Jul,64598
Phora Durbar Kathman,2024-07-12,22.1,15.38,91.37,-0.351,,,17.9,,,,2024,Jul,64598
Phora Durbar Kathman,2024-07-13,22.92,6.83,90.54,-0.449,,,25.3,,,,2024,Jul,64598
Phora Durbar Kathman,2024-07-14,23.72,4.22,92.31,-0.552,,,27.6,,,,2024,Jul,64598
Phora Durbar Kathman,2024-07-15,24.31,4.32,90.22,-0.658,,,48.2,,,,2024,Jul,64598
Phora Durbar Kathman,2024-07-16,23.3,5.04,87.86,-0.475,,,20.8,,,,2024,Jul,64598
Phora Durbar Kathman,2024-07-17,24.14,9.06,90.22,-0.366,,,32.0,,,,2024,Jul,64598
Phora Durbar Kathman,2024-07-18,23.9,4.49,91.15,-0.42,,,25.4,,,,2024,Jul,64598
Phora Durbar Kathman,2024-07-19,24.4,15.15,88.24,-0.749,,,27.8,,,,2024,Jul,64598
Phora Durbar Kathman,2024-07-20,24.03,2.91,91.87,-0.515,,,21.9,,,,2024,Jul,64598
Phora Durbar Kathman,2024-07-21,23.18,6.06,92.28,-0.557,,,25.2,,,,2024,Jul,64598
Phora Durbar Kathman,2024-07-22,23.33,12.19,86.12,-0.551,,,17.6,,,,2024,Jul,64598
Phora Durbar Kathman,2024-07-23,23.39,12.27,87.01,-0.496,,,4.91,,,,2024,Jul,64598
Phora Durbar Kathman,2024-07-24,23.82,9.33,89.98,-0.548,,,29.5,,,,2024,Jul,64598
Phora Durbar Kathman,2024-07-25,24.12,2.39,88.26,-0.496,,,29.4,,,,2024,Jul,64598
Phora Durbar Kathman,2024-07-26,24.66,3.62,85.22,-0.653,,,39.5,,,,2024,Jul,64598
Phora Durbar Kathman,2024-07-27,25.5,4.02,85.68,-0.433,,,22.8,,,,2024,Jul,64598
Phora Durbar Kathman,2024-07-28,24.81,0.44,84.74,-0.315,,,34.0,,,,2024,Jul,64598
Phora Durbar Kathman,2024-07-29,24.1,1.79,88.18,-0.664,,,48.0,,,,2024,Jul,64598
Phora Durbar Kathman,2024-07-30,24.18,26.08,90.94,-0.999,,,,,,,2024,Jul,64598
Phora Durbar Kathman,2024-07-31,23.54,40.67,91.39,-0.999,,,,,,,2024,Jul,64598
Phora Durbar Kathman,2024-08-01,24.01,15.3,87.58,-0.999,,,,,,,2024,Aug,72717
Phora Durbar Kathman,2024-08-02,23.46,5.54,84.61,-0.999,,,,,,,2024,Aug,72717
Phora Durbar Kathman,2024-08-03,22.22,3.35,88.52,-0.999,,,,,,,2024,Aug,72717
Phora Durbar Kathman,2024-08-04,22.67,1.39,88.74,-0.999,,,,,,,2024,Aug,72717
Phora Durbar Kathman,2024-08-05,22.98,10.23,92.62,-0.999,,,,,,,2024,Aug,72717
Phora Durbar Kathman,2024-08-06,22.49,52.07,92.68,-0.369,,,22.9,,,,2024,Aug,72717
Phora Durbar Kathman,2024-08-07,22.63,18.26,91.49,-0.58,,,15.5,,,,2024,Aug,72717
Phora Durbar Kathman,2024-08-08,22.86,11.2,92.55,-0.576,,,31.7,,,,2024,Aug,72717
Phora Durbar Kathman,2024-08-09,21.77,10.99,94.38,-0.48,,,22.0,,,,2024,Aug,72717
Phora Durbar Kathman,2024-08-10,22.14,6.82,90.12,-0.518,,,11.0,,,,2024,Aug,72717
Phora Durbar Kathman,2024-08-11,22.8,41.16,93.05,-0.556,,,19.9,,,,2024,Aug,72717
Phora Durbar Kathman,2024-08-12,23.12,6.46,92.8,-0.587,,,19.0,,,,2024,Aug,72717
Phora Durbar Kathman,2024-08-13,22.72,7.34,91.71,-0.757,,,27.2,,,,2024,Aug,72717
Phora Durbar Kathman,2024-08-14,22.77,32.44,91.29,-0.787,,,28.0,,,,2024,Aug,72717
Phora Durbar Kathman,2024-08-15,23.57,7.69,88.99,-0.26,,,15.4,,,,2024,Aug,72717
Phora Durbar Kathman,2024-08-16,23.13,4.15,87.57,-0.344,,,26.0,,,,2024,Aug,72717
Phora Durbar Kathman,2024-08-17,23.3,20.49,89.32,-0.157,,,22.4,,,,2024,Aug,72717
Phora Durbar Kathman,2024-08-18,23.27,5.77,83.04,-0.214,,,18.0,,,,2024,Aug,72717
Phora Durbar Kathman,2024-08-19,22.81,3.27,88.29,-0.13,,,20.2,,,,2024,Aug,72717
Phora Durbar Kathman,2024-08-20,22.5,0.44,86.5,-0.219,,,24.8,,,,2024,Aug,72717
Phora Durbar Kathman,2024-08-21,22.28,0.56,83.63,-0.187,,,30.4,,,,2024,Aug,72717
Phora Durbar Kathman,2024-08-22,22.77,4.57,84.06,-0.346,,,22.5,,,,2024,Aug,72717
Phora Durbar Kathman,2024-08-23,22.83,1.65,87.7,-0.389,,,24.0,,,,2024,Aug,72717
Phora Durbar Kathman,2024-08-24,23.06,0.25,87.8,-0.715,,,23.7,,,,2024,Aug,72717
Phora Durbar Kathman,2024-08-25,23.11,0.25,85.37,-0.435,,,37.9,,,,2024,Aug,72717
Phora Durbar Kathman,2024-08-26,22.27,2.65,92.84,-0.394,,,21.0,,,,2024,Aug,72717
Phora Durbar Kathman,2024-08-27,21.88,4.76,91.53,-0.459,,,26.0,,,,2024,Aug,72717
Phora Durbar Kathman,2024-08-28,22.83,1.93,89.82,-0.472,,,31.8,,,,2024,Aug,72717
Phora Durbar Kathman,2024-08-29,23.25,5.57,88.37,-0.549,,,21.0,,,,2024,Aug,72717
Phora Durbar Kathman,2024-08-30,23.99,0.99,86.93,-0.509,,,24.1,,,,2024,Aug,72717
Phora Durbar Kathman,2024-08-31,23.68,1.82,92.01,-0.45,,,37.8,,,,2024,Aug,72717
Phora Durbar Kathman,2024-09-01,22.18,0.27,88.55,-0.499,,,22.0,,,,2024,Sep,96302
Phora Durbar Kathman,2024-09-02,23.06,0.13,87.39,-0.554,,,27.9,,,,2024,Sep,96302
Phora Durbar Kathman,2024-09-03,22.63,4.84,92.29,-0.375,,,18.3,,,,2024,Sep,96302
Phora Durbar Kathman,2024-09-04,21.53,13.17,89.04,-0.799,,,8.4,,,,2024,Sep,96302
Phora Durbar Kathman,2024-09-05,22.62,6.05,85.55,-0.999,,,,,,,2024,Sep,96302
Phora Durbar Kathman,2024-09-06,22.74,0.06,91.67,-0.727,,,17.0,,,,2024,Sep,96302
Phora Durbar Kathman,2024-09-07,23.2,0.99,87.62,-0.398,,,23.1,,,,2024,Sep,96302
Phora Durbar Kathman,2024-09-08,23.28,0.48,89.34,-0.456,,,17.8,,,,2024,Sep,96302
Phora Durbar Kathman,2024-09-09,23.28,0.22,87.43,-0.313,,,17.1,,,,2024,Sep,96302
Phora Durbar Kathman,2024-09-10,23.58,0.11,86.6,-0.493,,,34.0,,,,2024,Sep,96302
Phora Durbar Kathman,2024-09-11,22.92,2.15,91.4,-0.474,,,17.3,,,,2024,Sep,96302
Phora Durbar Kathman,2024-09-12,22.86,2.2,89.07,-0.492,,,15.7,,,,2024,Sep,96302
Phora Durbar Kathman,2024-09-13,22.93,3.12,86.32,-0.178,,,21.9,,,,2024,Sep,96302
Phora Durbar Kathman,2024-09-14,22.99,9.41,85.12,-0.436,,,30.2,,,,2024,Sep,96302
Phora Durbar Kathman,2024-09-15,22.21,5.98,87.87,-0.402,,,33.6,,,,2024,Sep,96302
Phora Durbar Kathman,2024-09-16,22.11,2.73,83.23,-0.293,,,11.3,,,,2024,Sep,96302
Phora Durbar Kathman,2024-09-17,21.86,0.05,81.45,-0.434,,,26.9,,,,2024,Sep,96302
Phora Durbar Kathman,2024-09-18,23.14,0.0,83.18,-0.232,,,24.6,,,,2024,Sep,96302
Phora Durbar Kathman,2024-09-19,23.23,0.07,90.0,-0.377,,,37.9,,,,2024,Sep,96302
Phora Durbar Kathman,2024-09-20,23.15,0.39,81.17,-0.071,,,27.4,,,,2024,Sep,96302
Phora Durbar Kathman,2024-09-21,24.38,1.14,75.57,-0.474,,,28.8,,,,2024,Sep,96302
Phora Durbar Kathman,2024-09-22,24.92,1.11,76.56,-0.387,,,41.5,,,,2024,Sep,96302
Phora Durbar Kathman,2024-09-23,24.91,0.58,78.91,-0.573,,,58.0,,,,2024,Sep,96302
Phora Durbar Kathman,2024-09-24,22.57,47.54,90.47,-0.37,,,35.1,,,,2024,Sep,96302
Phora Durbar Kathman,2024-09-25,20.85,55.89,92.45,-0.455,,,15.1,,,,2024,Sep,96302
Phora Durbar Kathman,2024-09-26,20.69,16.56,92.08,-0.246,,,30.3,,,,2024,Sep,96302
Phora Durbar Kathman,2024-09-27,19.34,76.28,91.16,-0.423,,,19.0,,,,2024,Sep,96302
Phora Durbar Kathman,2024-09-28,19.02,93.26,94.48,-0.11,,,34.4,,,,2024,Sep,96302
Phora Durbar Kathman,2024-09-29,21.45,0.43,90.49,-0.243,,,39.4,,,,2024,Sep,96302
Phora Durbar Kathman,2024-09-30,21.83,0.07,92.32,-0.244,,,20.3,,,,2024,Sep,96302
Phora Durbar Kathman,2024-10-01,22.36,0.87,92.07,-0.108,,,27.4,,,,2024,Oct,124391
Phora Durbar Kathman,2024-10-02,22.03,2.29,92.69,-0.411,,,43.6,,,,2024,Oct,124391
Phora Durbar Kathman,2024-10-03,21.56,6.95,92.79,-0.138,,,35.9,,,,2024,Oct,124391
Phora Durbar Kathman,2024-10-04,21.71,4.24,90.14,-0.126,,,32.3,,,,2024,Oct,124391
Phora Durbar Kathman,2024-10-05,21.1,0.39,91.7,-0.333,,,36.3,,,,2024,Oct,124391
Phora Durbar Kathman,2024-10-06,21.67,0.55,85.77,-0.123,,,39.5,,,,2024,Oct,124391
Phora Durbar Kathman,2024-10-07,20.82,0.29,87.48,-0.01,,,37.0,,,,2024,Oct,124391
Phora Durbar Kathman,2024-10-08,20.89,0.07,87.42,-0.203,,,31.9,,,,2024,Oct,124391
Phora Durbar Kathman,2024-10-09,21.06,0.2,86.77,-0.16,,,35.4,,,,2024,Oct,124391
Phora Durbar Kathman,2024-10-10,20.44,0.02,88.42,-0.27,,,47.4,,,,2024,Oct,124391
Phora Durbar Kathman,2024-10-11,20.59,0.0,88.21,-0.176,,,39.9,,,,2024,Oct,124391
Phora Durbar Kathman,2024-10-12,20.23,0.0,86.97,-0.265,,,54.9,,,,2024,Oct,124391
Phora Durbar Kathman,2024-10-13,19.76,0.0,89.01,-0.099,,,38.6,,,,2024,Oct,124391
Phora Durbar Kathman,2024-10-14,19.24,0.0,91.08,-0.295,,,41.3,,,,2024,Oct,124391
Phora Durbar Kathman,2024-10-15,18.99,0.01,88.45,-0.307,,,57.6,,,,2024,Oct,124391
Phora Durbar Kathman,2024-10-16,18.84,0.36,82.66,-0.507,,,46.6,,,,2024,Oct,124391
Phora Durbar Kathman,2024-10-17,19.0,0.56,79.07,-0.45,,,86.9,,,,2024,Oct,124391
Phora Durbar Kathman,2024-10-18,18.91,0.08,85.77,-0.282,,,88.5,,,,2024,Oct,124391
Phora Durbar Kathman,2024-10-19,18.65,1.28,87.87,-0.331,,,60.8,,,,2024,Oct,124391
Phora Durbar Kathman,2024-10-20,18.32,5.26,86.23,-0.386,,,68.5,,,,2024,Oct,124391
Phora Durbar Kathman,2024-10-21,18.58,0.29,88.45,-0.284,,,55.9,,,,2024,Oct,124391
Phora Durbar Kathman,2024-10-22,19.86,0.0,77.23,-0.429,,,42.4,,,,2024,Oct,124391
Phora Durbar Kathman,2024-10-23,20.46,0.0,75.54,-0.237,,,38.8,,,,2024,Oct,124391
Phora Durbar Kathman,2024-10-24,19.47,0.01,79.62,0.021,,,46.1,,,,2024,Oct,124391
Phora Durbar Kathman,2024-10-25,18.74,0.27,85.96,0.0125,,,49.4,,,,2024,Oct,124391
Phora Durbar Kathman,2024-10-26,19.36,0.0,86.16,0.0194,,,42.0,,,,2024,Oct,124391
Phora Durbar Kathman,2024-10-27,19.61,0.0,87.84,0.0215,,,75.6,,,,2024,Oct,124391
Phora Durbar Kathman,2024-10-28,19.99,0.0,88.55,0.00989,,,,,,,2024,Oct,124391
Phora Durbar Kathman,2024-10-29,19.79,0.01,86.84,0.0218,,,,,,,2024,Oct,124391
Phora Durbar Kathman,2024-11-05,17.48,0.0,78.16,,,,61.3,,,,2024,Nov,114496
Phora Durbar Kathman,2024-11-06,17.5,0.0,87.74,,,,47.2,,,,2024,Nov,114496
Phora Durbar Kathman,2024-11-07,17.79,0.02,85.0,,,,57.1,,,,2024,Nov,114496
Phora Durbar Kathman,2024-11-08,17.87,0.22,86.7,,,,54.6,,,,2024,Nov,114496
Phora Durbar Kathman,2024-11-09,17.31,0.01,89.33,,,,62.8,,,,2024,Nov,114496
Phora Durbar Kathman,2024-11-10,17.16,0.0,92.89,,,,70.8,,,,2024,Nov,114496
Phora Durbar Kathman,2024-11-11,17.14,0.01,90.28,,,,55.1,,,,2024,Nov,114496
Phora Durbar Kathman,2024-11-12,16.92,0.02,89.43,,,,77.2,,,,2024,Nov,114496
Phora Durbar Kathman,2024-11-13,16.86,0.0,87.43,,,,74.6,,,,2024,Nov,114496
Phora Durbar Kathman,2024-11-14,16.63,0.0,84.32,,,,85.9,,,,2024,Nov,114496
Phora Durbar Kathman,2024-11-15,16.82,0.0,78.93,,,,83.1,,,,2024,Nov,114496
Phora Durbar Kathman,2024-11-16,15.88,0.0,77.04,,,,86.4,,,,2024,Nov,114496
Phora Durbar Kathman,2024-11-17,15.46,0.0,75.69,,,,77.6,,,,2024,Nov,114496
Phora Durbar Kathman,2024-11-18,15.42,0.0,81.84,,,,58.3,,,,2024,Nov,114496
Phora Durbar Kathman,2024-11-19,15.6,0.0,83.28,,,,66.0,,,,2024,Nov,114496
Phora Durbar Kathman,2024-11-20,14.75,0.0,80.33,,,,48.0,,,,2024,Nov,114496
Phora Durbar Kathman,2024-11-21,14.6,0.0,78.81,,,,84.2,,,,2024,Nov,114496
Phora Durbar Kathman,2024-11-22,13.84,0.06,78.16,,,,83.4,,,,2024,Nov,114496
Phora Durbar Kathman,2024-11-23,13.34,0.0,76.05,,,,52.5,,,,2024,Nov,114496
Phora Durbar Kathman,2024-11-24,13.52,0.0,78.83,,,,54.8,,,,2024,Nov,114496
Phora Durbar Kathman,2024-11-25,13.51,0.0,83.57,,,,74.5,,,,2024,Nov,114496
Phora Durbar Kathman,2024-11-26,13.51,0.0,82.87,,,,95.0,,,,2024,Nov,114496
Phora Durbar Kathman,2024-11-27,13.8,0.0,84.31,,,,95.1,,,,2024,Nov,114496
Phora Durbar Kathman,2024-11-28,13.88,0.0,82.87,,,,90.4,,,,2024,Nov,114496
Phora Durbar Kathman,2024-11-29,14.69,0.0,80.81,,,,77.3,,,,2024,Nov,114496
Phora Durbar Kathman,2024-11-30,14.45,0.0,80.8,,,,64.9,,,,2024,Nov,114496
Phora Durbar Kathman,2024-12-01,14.22,0.0,79.53,,,,80.3,,,,2024,Dec,92033
Phora Durbar Kathman,2024-12-02,13.91,0.0,75.31,,,,83.8,,,,2024,Dec,92033
Phora Durbar Kathman,2024-12-03,14.0,0.0,66.96,,,,79.3,,,,2024,Dec,92033
Phora Durbar Kathman,2024-12-04,14.16,0.0,63.21,,,,78.6,,,,2024,Dec,92033
Phora Durbar Kathman,2024-12-05,12.81,0.0,71.44,,,,74.4,,,,2024,Dec,92033
Phora Durbar Kathman,2024-12-06,11.9,0.0,70.51,,,,105.0,,,,2024,Dec,92033
Phora Durbar Kathman,2024-12-07,11.88,0.0,72.79,,,,110.0,,,,2024,Dec,92033
Phora Durbar Kathman,2024-12-08,11.69,0.0,64.3,,,,121.0,,,,2024,Dec,92033
Phora Durbar Kathman,2024-12-09,10.3,0.0,75.41,,,,123.0,,,,2024,Dec,92033
Phora Durbar Kathman,2024-12-10,9.75,0.0,70.65,,,,112.0,,,,2024,Dec,92033
Phora Durbar Kathman,2024-12-11,10.89,0.0,63.41,,,,83.8,,,,2024,Dec,92033
Phora Durbar Kathman,2024-12-12,11.73,0.0,60.19,,,,107.0,,,,2024,Dec,92033
Phora Durbar Kathman,2024-12-13,11.6,0.0,52.37,,,,77.2,,,,2024,Dec,92033
Phora Durbar Kathman,2024-12-14,11.01,0.0,55.64,,,,79.1,,,,2024,Dec,92033
Phora Durbar Kathman,2024-12-15,11.36,0.0,62.04,,,,116.0,,,,2024,Dec,92033
Phora Durbar Kathman,2024-12-16,13.56,0.0,65.28,0.0045,,,130.0,,,,2024,Dec,92033
Phora Durbar Kathman,2024-12-17,13.19,0.0,71.41,0.0149,,,119.0,,,,2024,Dec,92033
Phora Durbar Kathman,2024-12-18,12.96,0.0,68.76,0.0172,,,96.6,,,,2024,Dec,92033
Phora Durbar Kathman,2024-12-19,13.22,0.0,70.11,,,,91.6,,,,2024,Dec,92033
Phora Durbar Kathman,2024-12-20,12.77,0.0,67.32,,,,88.4,,,,2024,Dec,92033
Phora Durbar Kathman,2024-12-21,11.95,0.0,65.74,,,,66.6,,,,2024,Dec,92033
Phora Durbar Kathman,2024-12-22,11.82,0.0,70.33,,,,82.8,,,,2024,Dec,92033
Phora Durbar Kathman,2024-12-23,11.72,0.0,68.53,,,,106.0,,,,2024,Dec,92033
Phora Durbar Kathman,2024-12-24,12.27,0.0,68.82,,,,139.0,,,,2024,Dec,92033
Phora Durbar Kathman,2024-12-25,12.44,0.0,72.94,,,,121.0,,,,2024,Dec,92033
Phora Durbar Kathman,2024-12-26,12.81,0.0,71.31,,,,102.0,,,,2024,Dec,92033
Phora Durbar Kathman,2024-12-27,13.69,0.0,66.21,,,,102.0,,,,2024,Dec,92033
Phora Durbar Kathman,2024-12-28,12.88,0.0,65.81,,,,160.0,,,,2024,Dec,92033
Phora Durbar Kathman,2024-12-29,13.23,0.0,69.62,,,,117.0,,,,2024,Dec,92033
Phora Durbar Kathman,2024-12-30,12.47,0.0,80.81,,,,98.1,,,,2024,Dec,92033
Phora Durbar Kathman,2024-12-31,11.69,0.0,81.11,,,,96.2,,,,2024,Dec,92033
Phora Durbar Kathman,2025-01-01,11.1,0.0,71.5,,,,110.0,,,,2025,Jan,79990
Phora Durbar Kathman,2025-01-02,11.0,0.0,64.14,,,,107.0,,,,2025,Jan,79990
Phora Durbar Kathman,2025-01-03,11.69,0.0,63.3,,,,111.0,,,,2025,Jan,79990
Phora Durbar Kathman,2025-01-04,11.77,0.0,65.78,,,,116.0,,,,2025,Jan,79990
Phora Durbar Kathman,2025-01-05,12.22,0.0,66.76,,,,137.0,,,,2025,Jan,79990
Phora Durbar Kathman,2025-01-06,13.54,0.0,73.59,,,,116.0,,,,2025,Jan,79990
Phora Durbar Kathman,2025-01-07,11.44,1.2,80.95,,,,81.4,,,,2025,Jan,79990
Phora Durbar Kathman,2025-01-08,9.17,0.22,73.69,,,,77.4,,,,2025,Jan,79990
Phora Durbar Kathman,2025-01-09,9.33,0.0,68.02,,,,90.3,,,,2025,Jan,79990
Phora Durbar Kathman,2025-01-10,10.73,0.0,62.04,,,,80.0,,,,2025,Jan,79990
Phora Durbar Kathman,2025-01-11,12.1,0.0,63.19,,,,88.5,,,,2025,Jan,79990
Phora Durbar Kathman,2025-01-12,12.42,0.0,67.23,,,,89.3,,,,2025,Jan,79990
Phora Durbar Kathman,2025-01-13,11.88,0.0,70.24,,,,97.4,,,,2025,Jan,79990
Phora Durbar Kathman,2025-01-14,11.73,0.0,69.79,,,,114.0,,,,2025,Jan,79990
Phora Durbar Kathman,2025-01-15,11.94,0.0,70.05,,,,72.8,,,,2025,Jan,79990
Phora Durbar Kathman,2025-01-16,11.91,0.0,62.81,0.022,,,100.0,,,,2025,Jan,79990
Phora Durbar Kathman,2025-01-17,13.73,0.0,55.17,0.013,,,102.0,,,,2025,Jan,79990
Phora Durbar Kathman,2025-01-18,13.38,0.0,54.16,0.0112,,,105.0,,,,2025,Jan,79990
Phora Durbar Kathman,2025-01-19,13.95,0.0,53.69,0.0177,,,111.0,,,,2025,Jan,79990
Phora Durbar Kathman,2025-01-20,14.17,0.0,50.56,0.00905,,,114.0,,,,2025,Jan,79990
Phora Durbar Kathman,2025-01-21,14.79,0.0,50.73,0.0142,,,116.0,,,,2025,Jan,79990
Phora Durbar Kathman,2025-01-22,15.26,0.0,46.89,0.0153,,,125.0,,,,2025,Jan,79990
Phora Durbar Kathman,2025-01-23,14.23,0.0,45.74,0.015,,,124.0,,,,2025,Jan,79990
Phora Durbar Kathman,2025-01-24,12.46,0.0,52.52,0.0145,,,98.1,,,,2025,Jan,79990
Phora Durbar Kathman,2025-01-25,11.99,0.0,53.79,0.017,,,87.6,,,,2025,Jan,79990
Phora Durbar Kathman,2025-01-26,11.01,0.0,56.22,0.0179,,,105.0,,,,2025,Jan,79990
Phora Durbar Kathman,2025-01-27,12.42,0.0,55.45,0.0137,,,115.0,,,,2025,Jan,79990
Phora Durbar Kathman,2025-01-28,12.46,0.0,53.51,0.017,,,103.0,,,,2025,Jan,79990
Phora Durbar Kathman,2025-01-29,11.93,0.0,52.9,0.0175,,,85.1,,,,2025,Jan,79990
Phora Durbar Kathman,2025-01-30,12.38,0.0,52.21,0.0136,,,102.0,,,,2025,Jan,79990
Phora Durbar Kathman,2025-01-31,12.99,0.0,45.93,0.0153,,,91.8,,,,2025,Jan,79990
Phora Durbar Kathman,2025-02-01,13.6,0.0,41.26,0.0123,,,117.0,,,,2025,Feb,99585
Phora Durbar Kathman,2025-02-02,13.48,0.0,41.08,0.0166,,,111.0,,,,2025,Feb,99585
Phora Durbar Kathman,2025-02-03,14.39,0.0,39.76,0.014,,,120.0,,,,2025,Feb,99585
Phora Durbar Kathman,2025-02-04,15.16,0.0,40.7,0.0158,,,95.9,,,,2025,Feb,99585
Phora Durbar Kathman,2025-02-05,15.78,0.0,52.3,0.0106,,,101.0,,,,2025,Feb,99585
Phora Durbar Kathman,2025-02-06,14.22,0.0,48.6,0.0145,,,88.6,,,,2025,Feb,99585
Phora Durbar Kathman,2025-02-07,14.15,0.0,37.23,0.0125,,,88.1,,,,2025,Feb,99585
Phora Durbar Kathman,2025-02-08,13.39,0.0,37.7,0.0204,,,88.4,,,,2025,Feb,99585
Phora Durbar Kathman,2025-02-09,12.83,0.0,41.16,0.0218,,,115.0,,,,2025,Feb,99585
Phora Durbar Kathman,2025-02-10,13.72,0.0,41.6,0.0183,,,93.9,,,,2025,Feb,99585
Phora Durbar Kathman,2025-02-11,14.52,0.0,37.97,0.0187,,,96.8,,,,2025,Feb,99585
Phora Durbar Kathman,2025-02-12,14.27,0.0,41.2,0.0216,,,98.1,,,,2025,Feb,99585
Phora Durbar Kathman,2025-02-13,12.91,0.0,47.03,,,,95.5,,,,2025,Feb,99585
Phora Durbar Kathman,2025-02-14,12.98,0.0,37.28,,,,126.0,,,,2025,Feb,99585
Phora Durbar Kathman,2025-02-15,12.17,0.0,35.59,,,,106.0,,,,2025,Feb,99585
Phora Durbar Kathman,2025-02-16,12.84,0.0,40.35,,,,106.0,,,,2025,Feb,99585
Phora Durbar Kathman,2025-02-17,13.54,0.04,47.09,,,,94.6,,,,2025,Feb,99585
Phora Durbar Kathman,2025-02-18,13.62,0.35,47.16,,,,99.1,,,,2025,Feb,99585
Phora Durbar Kathman,2025-02-19,14.13,0.01,44.59,,,,104.0,,,,2025,Feb,99585
Phora Durbar Kathman,2025-02-20,14.76,0.01,46.26,,,,120.0,,,,2025,Feb,99585
Phora Durbar Kathman,2025-02-21,14.55,0.04,49.84,,,,93.8,,,,2025,Feb,99585
Phora Durbar Kathman,2025-02-22,15.05,0.06,49.67,,,,90.6,,,,2025,Feb,99585
Phora Durbar Kathman,2025-02-23,13.76,0.05,54.69,,,,67.5,,,,2025,Feb,99585
Phora Durbar Kathman,2025-02-24,13.76,0.06,63.73,,,,91.6,,,,2025,Feb,99585
Phora Durbar Kathman,2025-02-25,14.89,0.0,51.69,,,,86.1,,,,2025,Feb,99585
Phora Durbar Kathman,2025-02-26,15.97,0.0,45.08,,,,103.0,,,,2025,Feb,99585
Phora Durbar Kathman,2025-02-27,15.19,0.0,51.47,,,,102.0,,,,2025,Feb,99585
Phora Durbar Kathman,2025-02-28,15.05,0.6,60.31,,,,97.4,,,,2025,Feb,99585
Phora Durbar Kathman,2025-03-01,11.96,233.66,67.05,,,,63.3,,,,2025,Mar,121632
Phora Durbar Kathman,2025-03-02,12.16,2.88,59.0,,,,85.9,,,,2025,Mar,121632
Phora Durbar Kathman,2025-03-03,14.28,0.0,45.7,,,,70.9,,,,2025,Mar,121632
Phora Durbar Kathman,2025-03-04,14.69,0.0,45.29,,,,74.9,,,,2025,Mar,121632
Phora Durbar Kathman,2025-03-05,13.4,0.0,51.35,,,,77.1,,,,2025,Mar,121632
Phora Durbar Kathman,2025-03-06,13.77,0.0,47.18,,,,81.1,,,,2025,Mar,121632
Phora Durbar Kathman,2025-03-07,13.96,0.0,52.1,,,,79.3,,,,2025,Mar,121632
Phora Durbar Kathman,2025-03-08,14.54,0.1,55.59,,,,78.2,,,,2025,Mar,121632
Phora Durbar Kathman,2025-03-09,15.14,0.0,51.41,,,,99.4,,,,2025,Mar,121632
Phora Durbar Kathman,2025-03-10,16.41,0.39,53.13,,,,109.0,,,,2025,Mar,121632
Phora Durbar Kathman,2025-03-11,17.1,0.01,52.19,,,,115.0,,,,2025,Mar,121632
Phora Durbar Kathman,2025-03-12,18.93,0.46,46.14,,,,111.0,,,,2025,Mar,121632
Phora Durbar Kathman,2025-03-13,18.42,1.99,48.46,,,,109.0,,,,2025,Mar,121632
Phora Durbar Kathman,2025-03-14,18.6,0.02,47.76,,,,65.6,,,,2025,Mar,121632
Phora Durbar Kathman,2025-03-15,20.01,0.06,42.36,,,,71.3,,,,2025,Mar,121632
Phora Durbar Kathman,2025-03-16,20.49,0.49,47.7,,,,74.6,,,,2025,Mar,121632
Phora Durbar Kathman,2025-03-17,19.26,0.15,46.57,,,,73.6,,,,2025,Mar,121632
Phora Durbar Kathman,2025-03-18,17.39,0.0,43.88,,,,66.6,,,,2025,Mar,121632
Phora Durbar Kathman,2025-03-19,19.3,0.0,37.5,,,,90.2,,,,2025,Mar,121632
Phora Durbar Kathman,2025-03-20,18.98,0.0,38.93,,,,97.0,,,,2025,Mar,121632
Phora Durbar Kathman,2025-03-21,17.26,0.08,45.78,,,,95.9,,,,2025,Mar,121632
Phora Durbar Kathman,2025-03-22,16.42,0.34,52.54,,,,52.4,,,,2025,Mar,121632
Phora Durbar Kathman,2025-03-23,15.76,5.17,58.69,,,,47.1,,,,2025,Mar,121632
Phora Durbar Kathman,2025-03-24,17.42,0.08,55.99,,,,65.6,,,,2025,Mar,121632
"Dhathutole, Handigaun",2023-07-15,23.63,17.7,87.97,,,,22.2,,24.4,,2023,Jul,57726
"Dhathutole, Handigaun",2023-07-16,23.7,4.31,87.41,,,,24.2,,23.9,,2023,Jul,57726
"Dhathutole, Handigaun",2023-07-17,23.46,11.89,86.54,,,,12.1,,23.8,,2023,Jul,57726
"Dhathutole, Handigaun",2023-07-18,23.04,18.55,82.32,,,,16.4,,23.7,,2023,Jul,57726
"Dhathutole, Handigaun",2023-07-19,24.06,1.35,79.11,,,,21.5,,25.2,,2023,Jul,57726
"Dhathutole, Handigaun",2023-07-20,24.29,3.32,85.77,,,,32.0,,25.5,,2023,Jul,57726
"Dhathutole, Handigaun",2023-07-21,24.06,3.45,82.38,,,,28.5,,24.8,,2023,Jul,57726
"Dhathutole, Handigaun",2023-07-22,24.14,12.13,82.56,,,,23.4,,24.6,,2023,Jul,57726
"Dhathutole, Handigaun",2023-07-23,23.82,13.26,85.35,,,,20.5,,24.2,,2023,Jul,57726
"Dhathutole, Handigaun",2023-07-24,22.47,10.98,86.49,,,,25.1,,24.5,,2023,Jul,57726
"Dhathutole, Handigaun",2023-07-25,22.83,20.54,86.51,,,,12.1,,22.0,,2023,Jul,57726
"Dhathutole, Handigaun",2023-09-20,22.16,4.2,85.03,,,,29.8,,24.9,,2023,Sep,91012
"Dhathutole, Handigaun",2023-09-21,21.69,3.73,89.77,,,,23.1,,25.6,,2023,Sep,91012
"Dhathutole, Handigaun",2023-09-22,21.13,11.24,89.28,,,,21.9,,25.6,,2023,Sep,91012
"Dhathutole, Handigaun",2023-09-23,20.81,9.3,90.09,,,,24.4,,26.3,,2023,Sep,91012
"Dhathutole, Handigaun",2023-09-24,21.41,4.0,88.62,,,,16.0,,25.2,,2023,Sep,91012
"Dhathutole, Handigaun",2023-09-25,20.95,1.0,89.9,,,,22.8,,25.5,,2023,Sep,91012
"Dhathutole, Handigaun",2023-09-26,21.79,1.12,90.01,,,,29.9,,26.8,,2023,Sep,91012
"Dhathutole, Handigaun",2023-09-27,21.93,1.75,91.31,,,,27.9,,26.4,,2023,Sep,91012
"Dhathutole, Handigaun",2023-09-28,22.34,2.75,87.38,,,,32.5,,26.9,,2023,Sep,91012
"Dhathutole, Handigaun",2023-09-29,23.13,0.58,82.21,,,,34.8,,27.7,,2023,Sep,91012
"Dhathutole, Handigaun",2023-09-30,21.83,5.18,90.11,,,,40.4,,26.0,,2023,Sep,91012
"Dhathutole, Handigaun",2023-10-01,21.58,5.34,91.23,,,,42.3,,25.2,,2023,Oct,117306
"Dhathutole, Handigaun",2023-10-02,21.45,7.36,91.48,,,,32.9,,23.8,,2023,Oct,117306
"Dhathutole, Handigaun",2023-10-03,21.47,12.06,91.04,,,,31.3,,23.6,,2023,Oct,117306
"Dhathutole, Handigaun",2023-10-04,20.99,9.01,90.23,,,,21.2,,22.8,,2023,Oct,117306
"Dhathutole, Handigaun",2023-10-05,20.96,2.91,89.72,,,,17.1,,23.9,,2023,Oct,117306
"Dhathutole, Handigaun",2023-10-06,20.91,3.9,90.64,,,,20.2,,24.4,,2023,Oct,117306
"Dhathutole, Handigaun",2023-10-07,20.85,0.71,91.56,,,,26.8,,25.3,,2023,Oct,117306
"Dhathutole, Handigaun",2023-10-08,21.05,0.28,87.05,,,,37.3,,29.4,,2023,Oct,117306
"Dhathutole, Handigaun",2023-10-09,20.69,0.76,88.19,,,,55.2,,27.3,,2023,Oct,117306
"Dhathutole, Handigaun",2023-10-10,20.88,0.44,88.53,,,,69.4,,28.2,,2023,Oct,117306
"Dhathutole, Handigaun",2023-10-11,20.49,0.83,78.14,,,,53.4,,28.5,,2023,Oct,117306
"Dhathutole, Handigaun",2023-10-12,19.79,1.38,76.67,,,,52.8,,24.9,,2023,Oct,117306
"Dhathutole, Handigaun",2023-10-13,19.75,0.03,74.07,,,,54.2,,25.3,,2023,Oct,117306
"Dhathutole, Handigaun",2023-10-14,18.97,0.04,76.98,,,,52.4,,24.5,,2023,Oct,117306
"Dhathutole, Handigaun",2023-10-15,18.57,0.02,84.23,,,,49.3,,24.7,,2023,Oct,117306
"Dhathutole, Handigaun",2023-10-16,18.84,2.08,86.92,,,,57.1,,24.8,,2023,Oct,117306
"Dhathutole, Handigaun",2023-10-17,18.44,3.45,82.19,,,,39.8,,22.2,,2023,Oct,117306
"Dhathutole, Handigaun",2023-10-18,17.96,0.03,74.4,,,,43.3,,22.2,,2023,Oct,117306
"Dhathutole, Handigaun",2023-10-19,17.46,0.0,74.68,,,,41.8,,22.2,,2023,Oct,117306
"Dhathutole, Handigaun",2023-10-20,17.23,0.0,73.61,,,,39.6,,22.7,,2023,Oct,117306
"Dhathutole, Handigaun",2023-10-21,17.25,0.0,70.8,,,,41.1,,23.5,,2023,Oct,117306
"Dhathutole, Handigaun",2023-10-22,17.68,0.0,67.16,,,,43.6,,21.7,,2023,Oct,117306
"Dhathutole, Handigaun",2023-10-23,18.1,0.0,64.94,,,,42.5,,22.5,,2023,Oct,117306
"Dhathutole, Handigaun",2023-10-24,18.19,0.0,64.95,,,,40.3,,21.8,,2023,Oct,117306
"Dhathutole, Handigaun",2023-10-25,18.23,0.0,70.24,,,,36.5,,22.4,,2023,Oct,117306
"Dhathutole, Handigaun",2023-10-26,17.78,0.0,75.24,,,,35.4,,24.0,,2023,Oct,117306
"Dhathutole, Handigaun",2023-10-27,17.05,0.0,79.54,,,,34.2,,22.2,,2023,Oct,117306
"Dhathutole, Handigaun",2023-10-28,17.03,0.0,76.28,,,,38.8,,22.1,,2023,Oct,117306
"Dhathutole, Handigaun",2023-10-29,17.19,0.0,78.31,,,,49.4,,22.1,,2023,Oct,117306
"Dhathutole, Handigaun",2023-10-30,17.9,0.0,72.76,,,,49.7,,23.1,,2023,Oct,117306
"Dhathutole, Handigaun",2023-10-31,18.46,0.0,72.19,,,,44.0,,24.0,,2023,Oct,117306
"Dhathutole, Handigaun",2023-11-01,18.01,0.0,75.96,,,,52.1,,22.6,,2023,Nov,108630
"Dhathutole, Handigaun",2023-11-02,17.67,0.0,77.37,,,,44.0,,21.8,,2023,Nov,108630
"Dhathutole, Handigaun",2023-11-03,17.48,0.0,74.04,,,,46.0,,21.2,,2023,Nov,108630
"Dhathutole, Handigaun",2023-11-04,16.6,0.0,74.94,,,,47.7,,21.5,,2023,Nov,108630
"Dhathutole, Handigaun",2023-11-05,16.44,0.04,73.43,,,,63.1,,20.2,,2023,Nov,108630
"Dhathutole, Handigaun",2023-11-06,16.19,0.0,73.68,,,,90.8,,20.7,,2023,Nov,108630
"Dhathutole, Handigaun",2023-11-07,15.93,0.0,73.51,,,,74.3,,21.8,,2023,Nov,108630
"Dhathutole, Handigaun",2023-11-08,15.74,0.0,71.38,,,,57.3,,21.1,,2023,Nov,108630
"Dhathutole, Handigaun",2023-11-09,15.82,0.0,68.88,,,,56.4,,22.2,,2023,Nov,108630
"Dhathutole, Handigaun",2023-11-10,16.27,0.0,72.17,,,,64.5,,19.9,,2023,Nov,108630
"Dhathutole, Handigaun",2023-11-11,16.17,0.0,74.57,,,,78.4,,20.1,,2023,Nov,108630
"Dhathutole, Handigaun",2023-11-12,16.0,0.0,78.03,,,,80.7,,19.8,,2023,Nov,108630
"Dhathutole, Handigaun",2023-11-13,16.53,0.0,75.06,,,,76.5,,20.3,,2023,Nov,108630
"Dhathutole, Handigaun",2023-11-14,17.3,0.0,69.99,,,,69.3,,20.4,,2023,Nov,108630
"Dhathutole, Handigaun",2023-11-15,16.91,0.0,78.45,,,,62.2,,20.8,,2023,Nov,108630
"Dhathutole, Handigaun",2023-11-16,17.19,0.0,72.36,,,,49.8,,20.8,,2023,Nov,108630
"Dhathutole, Handigaun",2023-11-17,17.72,0.0,65.92,,,,49.4,,20.3,,2023,Nov,108630
"Dhathutole, Handigaun",2023-11-18,16.34,0.0,78.53,,,,40.9,,20.7,,2023,Nov,108630
"Dhathutole, Handigaun",2023-11-19,16.5,0.0,83.22,,,,51.6,,21.2,,2023,Nov,108630
"Dhathutole, Handigaun",2023-11-20,16.94,0.0,77.38,,,,55.5,,21.4,,2023,Nov,108630
"Dhathutole, Handigaun",2023-11-21,15.95,0.0,73.87,,,,60.8,,21.1,,2023,Nov,108630
"Dhathutole, Handigaun",2023-11-22,14.94,0.0,75.11,,,,54.2,,21.2,,2023,Nov,108630
"Dhathutole, Handigaun",2023-11-23,15.34,0.0,68.75,,,,70.3,,20.5,,2023,Nov,108630
"Dhathutole, Handigaun",2023-11-24,15.74,0.0,69.9,,,,63.4,,21.2,,2023,Nov,108630
"Dhathutole, Handigaun",2023-11-25,15.49,0.0,74.17,,,,64.4,,21.2,,2023,Nov,108630
"Dhathutole, Handigaun",2023-11-26,16.22,0.0,71.57,,,,68.9,,20.6,,2023,Nov,108630
"Dhathutole, Handigaun",2023-11-27,16.05,0.0,69.49,,,,76.8,,19.4,,2023,Nov,108630
"Dhathutole, Handigaun",2023-11-28,15.9,0.0,74.83,,,,82.7,,20.1,,2023,Nov,108630
"Dhathutole, Handigaun",2023-11-29,15.84,0.0,70.36,,,,62.9,,20.2,,2023,Nov,108630
"Dhathutole, Handigaun",2023-11-30,15.55,0.0,66.27,,,,82.5,,19.1,,2023,Nov,108630
"Dhathutole, Handigaun",2023-12-01,15.33,0.0,69.1,,,,73.1,,19.3,,2023,Dec,96574
"Dhathutole, Handigaun",2023-12-02,15.75,0.0,61.34,,,,62.2,,19.5,,2023,Dec,96574
"Dhathutole, Handigaun",2023-12-03,15.68,0.0,59.27,,,,54.1,,19.3,,2023,Dec,96574
"Dhathutole, Handigaun",2023-12-04,15.74,0.0,59.0,,,,99.8,,19.8,,2023,Dec,96574
"Dhathutole, Handigaun",2023-12-05,15.83,0.03,64.98,,,,86.1,,19.6,,2023,Dec,96574
"Dhathutole, Handigaun",2023-12-06,15.12,2.52,68.67,,,,73.6,,18.9,,2023,Dec,96574
"Dhathutole, Handigaun",2023-12-07,13.81,0.9,70.41,,,,155.0,,17.7,,2023,Dec,96574
"Dhathutole, Handigaun",2023-12-08,12.75,0.03,73.44,,,,107.0,,17.8,,2023,Dec,96574
"Dhathutole, Handigaun",2023-12-09,12.55,0.0,68.39,,,,78.0,,17.8,,2023,Dec,96574
"Dhathutole, Handigaun",2023-12-10,12.07,0.0,64.66,,,,74.1,,17.2,,2023,Dec,96574
"Dhathutole, Handigaun",2023-12-11,11.92,0.01,62.19,,,,85.8,,17.4,,2023,Dec,96574
"Dhathutole, Handigaun",2023-12-12,11.9,0.0,63.02,,,,72.6,,17.9,,2023,Dec,96574
"Dhathutole, Handigaun",2023-12-13,11.81,0.0,61.83,,,,69.5,,17.3,,2023,Dec,96574
"Dhathutole, Handigaun",2023-12-14,11.7,0.0,61.2,,,,75.1,,16.8,,2023,Dec,96574
"Dhathutole, Handigaun",2023-12-15,11.79,0.0,58.35,,,,102.0,,16.6,,2023,Dec,96574
"Dhathutole, Handigaun",2023-12-16,12.3,0.0,58.24,,,,103.0,,17.1,,2023,Dec,96574
"Dhathutole, Handigaun",2023-12-17,12.05,0.0,56.55,,,,95.0,,17.3,,2023,Dec,96574
"Dhathutole, Handigaun",2023-12-18,12.04,0.0,51.01,,,,81.4,,16.9,,2023,Dec,96574
"Dhathutole, Handigaun",2023-12-19,11.89,0.0,55.96,,,,77.5,,16.4,,2023,Dec,96574
"Dhathutole, Handigaun",2023-12-20,12.42,0.0,59.32,,,,100.0,,16.6,,2023,Dec,96574
"Dhathutole, Handigaun",2023-12-21,13.67,0.0,59.77,,,,124.0,,16.5,,2023,Dec,96574
"Dhathutole, Handigaun",2023-12-22,13.19,0.0,67.57,,,,122.0,,16.4,,2023,Dec,96574
"Dhathutole, Handigaun",2023-12-23,13.87,0.0,72.52,,,,123.0,,17.0,,2023,Dec,96574
"Dhathutole, Handigaun",2023-12-24,13.75,0.0,73.47,,,,118.0,,17.0,,2023,Dec,96574
"Dhathutole, Handigaun",2023-12-25,12.88,0.0,71.65,,,,96.3,,17.1,,2023,Dec,96574
"Dhathutole, Handigaun",2023-12-26,12.77,0.0,71.26,,,,114.0,,17.2,,2023,Dec,96574
"Dhathutole, Handigaun",2023-12-27,13.12,0.0,72.26,,,,91.8,,17.5,,2023,Dec,96574
"Dhathutole, Handigaun",2023-12-28,12.94,0.0,71.74,,,,86.0,,17.6,,2023,Dec,96574
"Dhathutole, Handigaun",2023-12-29,13.04,0.0,61.07,,,,88.4,,18.0,,2023,Dec,96574
"Dhathutole, Handigaun",2023-12-30,12.71,0.0,55.23,,,,92.4,,18.2,,2023,Dec,96574
"Dhathutole, Handigaun",2023-12-31,12.72,0.0,52.05,,,,96.8,,17.6,,2023,Dec,96574
"Dhathutole, Handigaun",2024-01-01,11.75,0.0,55.54,,,,102.0,,17.2,,2024,Jan,79101
"Dhathutole, Handigaun",2024-01-02,11.25,0.0,56.73,,,,89.9,,16.7,,2024,Jan,79101
"Dhathutole, Handigaun",2024-01-03,11.32,0.0,57.83,,,,84.1,,17.7,,2024,Jan,79101
"Dhathutole, Handigaun",2024-01-04,11.38,0.0,56.08,,,,79.2,,17.3,,2024,Jan,79101
"Dhathutole, Handigaun",2024-01-05,11.76,0.0,53.57,,,,93.4,,17.0,,2024,Jan,79101
"Dhathutole, Handigaun",2024-01-06,11.7,0.0,58.13,,,,97.0,,17.3,,2024,Jan,79101
"Dhathutole, Handigaun",2024-01-07,12.02,0.0,67.66,,,,97.5,,17.3,,2024,Jan,79101
"Dhathutole, Handigaun",2024-01-08,11.48,0.0,68.5,,,,92.9,,17.3,,2024,Jan,79101
"Dhathutole, Handigaun",2024-01-09,11.74,0.0,54.8,,,,106.0,,17.3,,2024,Jan,79101
"Dhathutole, Handigaun",2024-01-10,12.27,0.0,51.43,,,,94.3,,18.1,,2024,Jan,79101
"Dhathutole, Handigaun",2024-01-11,10.34,0.0,60.04,,,,83.3,,16.9,,2024,Jan,79101
"Dhathutole, Handigaun",2024-01-12,10.77,0.0,53.15,,,,103.0,,17.1,,2024,Jan,79101
"Dhathutole, Handigaun",2024-01-13,11.56,0.0,51.01,,,,109.0,,16.8,,2024,Jan,79101
"Dhathutole, Handigaun",2024-01-14,11.95,0.0,53.15,,,,117.0,,17.0,,2024,Jan,79101
"Dhathutole, Handigaun",2024-01-15,11.29,0.0,55.62,,,,107.0,,17.0,,2024,Jan,79101
"Dhathutole, Handigaun",2024-01-16,10.76,0.0,57.79,,,,82.2,,16.9,,2024,Jan,79101
"Dhathutole, Handigaun",2024-01-17,9.65,0.0,61.78,,,,71.3,,16.9,,2024,Jan,79101
"Dhathutole, Handigaun",2024-01-18,9.12,0.0,61.2,,,,66.2,,16.9,,2024,Jan,79101
"Dhathutole, Handigaun",2024-01-19,8.63,0.0,58.01,,,,95.2,,17.5,,2024,Jan,79101
"Dhathutole, Handigaun",2024-01-20,9.33,0.0,52.95,,,,104.0,,16.6,,2024,Jan,79101
"Dhathutole, Handigaun",2024-01-21,8.93,0.0,51.78,,,,84.6,,16.5,,2024,Jan,79101
"Dhathutole, Handigaun",2024-01-22,8.68,0.0,53.88,,,,94.8,,16.6,,2024,Jan,79101
"Dhathutole, Handigaun",2024-01-23,9.86,0.0,52.08,,,,105.0,,15.9,,2024,Jan,79101
"Dhathutole, Handigaun",2024-01-24,9.69,0.0,51.09,,,,90.7,,15.6,,2024,Jan,79101
"Dhathutole, Handigaun",2024-01-25,8.67,0.0,51.85,,,,101.0,,15.2,,2024,Jan,79101
"Dhathutole, Handigaun",2024-01-26,8.8,0.0,52.5,,,,98.7,,15.5,,2024,Jan,79101
"Dhathutole, Handigaun",2024-01-27,9.11,0.0,51.22,,,,94.4,,15.5,,2024,Jan,79101
"Dhathutole, Handigaun",2024-01-28,9.49,0.0,51.73,,,,146.0,,16.1,,2024,Jan,79101
"Dhathutole, Handigaun",2024-01-29,10.66,0.0,48.9,,,,147.0,,15.8,,2024,Jan,79101
"Dhathutole, Handigaun",2024-01-30,10.08,0.0,52.29,,,,131.0,,16.0,,2024,Jan,79101
"Dhathutole, Handigaun",2024-01-31,10.5,0.0,54.13,,,,127.0,,16.0,,2024,Jan,79101
"Dhathutole, Handigaun",2024-02-01,10.65,0.0,54.67,,,,127.0,,15.2,,2024,Feb,97423
"Dhathutole, Handigaun",2024-02-02,10.63,0.01,53.24,,,,71.6,,16.1,,2024,Feb,97423
"Dhathutole, Handigaun",2024-02-03,11.26,0.0,43.3,,,,85.3,,17.2,,2024,Feb,97423
"Dhathutole, Handigaun",2024-02-04,10.09,0.19,54.34,,,,129.0,,15.3,,2024,Feb,97423
"Dhathutole, Handigaun",2024-02-05,10.58,0.01,64.13,,,,123.0,,15.8,,2024,Feb,97423
"Dhathutole, Handigaun",2024-02-06,11.47,0.0,54.62,,,,82.4,,17.2,,2024,Feb,97423
"Dhathutole, Handigaun",2024-02-07,10.98,0.0,44.48,,,,79.7,,15.6,,2024,Feb,97423
"Dhathutole, Handigaun",2024-02-08,10.3,0.0,37.86,,,,75.2,,15.8,,2024,Feb,97423
"Dhathutole, Handigaun",2024-02-09,10.83,0.0,36.01,,,,114.0,,17.0,,2024,Feb,97423
"Dhathutole, Handigaun",2024-02-10,12.51,0.0,34.69,,,,118.0,,18.5,,2024,Feb,97423
"Dhathutole, Handigaun",2024-02-11,13.6,0.0,31.01,,,,105.0,,17.2,,2024,Feb,97423
"Dhathutole, Handigaun",2024-02-12,13.89,0.18,35.07,,,,103.0,,18.4,,2024,Feb,97423
"Dhathutole, Handigaun",2024-02-13,14.59,0.08,38.39,,,,96.6,,18.8,,2024,Feb,97423
"Dhathutole, Handigaun",2024-02-14,12.64,0.55,50.75,,,,117.0,,17.1,,2024,Feb,97423
"Dhathutole, Handigaun",2024-02-15,13.54,0.2,54.63,,,,99.5,,18.4,,2024,Feb,97423
"Dhathutole, Handigaun",2024-02-16,14.29,0.0,46.51,,,,94.5,,18.9,,2024,Feb,97423
"Dhathutole, Handigaun",2024-02-17,13.57,0.0,47.5,,,,108.0,,18.7,,2024,Feb,97423
"Dhathutole, Handigaun",2024-02-18,14.06,0.0,40.44,,,,110.0,,18.6,,2024,Feb,97423
"Dhathutole, Handigaun",2024-02-19,14.52,0.0,41.68,,,,130.0,,19.7,,2024,Feb,97423
"Dhathutole, Handigaun",2024-02-20,15.57,0.3,45.1,,,,113.0,,19.8,,2024,Feb,97423
"Dhathutole, Handigaun",2024-02-21,13.97,0.95,58.12,,,,82.6,,19.4,,2024,Feb,97423
"Dhathutole, Handigaun",2024-02-22,13.51,0.0,58.05,,,,69.3,,18.0,,2024,Feb,97423
"Dhathutole, Handigaun",2024-03-14,17.33,0.0,35.77,,40.8,74.2,66.6,47.5,18.7,10500.0,2024,Mar,128167
"Dhathutole, Handigaun",2024-03-15,18.6,0.0,33.05,,39.0,71.7,63.5,40.1,22.6,9590.0,2024,Mar,128167
"Dhathutole, Handigaun",2024-03-16,17.79,0.01,31.11,,48.1,84.4,77.4,41.9,20.7,12200.0,2024,Mar,128167
"Dhathutole, Handigaun",2024-03-17,18.03,0.0,24.66,,51.1,87.2,81.0,33.1,23.3,12900.0,2024,Mar,128167
"Dhathutole, Handigaun",2024-03-18,18.62,0.0,23.99,,68.1,118.0,112.0,36.7,22.3,17300.0,2024,Mar,128167
"Dhathutole, Handigaun",2024-03-19,18.33,2.57,30.63,,66.3,119.0,112.0,40.3,22.1,16500.0,2024,Mar,128167
"Dhathutole, Handigaun",2024-03-20,14.13,32.52,69.16,,69.9,128.0,122.0,61.8,17.9,17700.0,2024,Mar,128167
"Dhathutole, Handigaun",2024-03-21,13.08,3.99,83.66,,68.1,132.0,125.0,67.2,18.0,17400.0,2024,Mar,128167
"Dhathutole, Handigaun",2024-03-22,15.38,0.3,68.54,,42.4,83.0,74.8,63.1,19.2,10900.0,2024,Mar,128167
"Dhathutole, Handigaun",2024-03-23,16.96,0.31,59.45,,36.4,72.7,64.1,68.4,19.0,9100.0,2024,Mar,128167
"Dhathutole, Handigaun",2024-03-24,18.47,0.04,42.25,,48.1,94.9,90.2,69.0,20.0,12600.0,2024,Mar,128167
"Dhathutole, Handigaun",2024-03-25,17.06,0.54,52.0,,38.1,76.8,68.8,61.8,21.0,9740.0,2024,Mar,128167
"Dhathutole, Handigaun",2024-03-26,18.4,0.0,53.56,,43.1,85.3,79.2,60.0,23.2,11200.0,2024,Mar,128167
"Dhathutole, Handigaun",2024-03-27,18.7,0.01,48.47,,48.5,96.2,90.9,67.5,21.0,12700.0,2024,Mar,128167
"Dhathutole, Handigaun",2024-03-28,19.31,0.0,48.18,,39.2,75.8,68.0,73.9,19.6,10000.0,2024,Mar,128167
"Dhathutole, Handigaun",2024-03-29,20.19,0.0,52.84,,43.2,83.0,75.7,64.1,23.3,11200.0,2024,Mar,128167
"Dhathutole, Handigaun",2024-03-30,21.47,0.01,49.42,,31.2,60.3,53.1,57.9,24.6,7460.0,2024,Mar,128167
"Dhathutole, Handigaun",2024-03-31,22.31,0.02,40.92,,29.6,57.6,49.9,56.6,22.7,6980.0,2024,Mar,128167
"Dhathutole, Handigaun",2024-04-01,21.01,0.0,35.94,,34.4,61.3,54.5,40.1,26.7,8290.0,2024,Apr,111382
"Dhathutole, Handigaun",2024-04-02,21.04,0.0,33.46,,51.3,88.2,82.5,47.5,24.3,13100.0,2024,Apr,111382
"Dhathutole, Handigaun",2024-04-03,21.9,0.0,28.92,,77.4,133.0,127.0,45.1,25.3,19400.0,2024,Apr,111382
"Dhathutole, Handigaun",2024-04-04,23.2,0.0,30.39,,63.7,109.0,104.0,37.8,26.4,15700.0,2024,Apr,111382
"Dhathutole, Handigaun",2024-04-05,23.2,0.0,32.12,,69.8,121.0,115.0,41.7,25.4,17500.0,2024,Apr,111382
"Dhathutole, Handigaun",2024-04-06,22.62,0.0,33.71,,87.7,153.0,148.0,44.3,23.1,22000.0,2024,Apr,111382
"Dhathutole, Handigaun",2024-04-07,23.0,0.0,28.67,,80.9,143.0,137.0,38.6,24.6,20200.0,2024,Apr,111382
"Dhathutole, Handigaun",2024-04-08,21.71,0.0,22.3,,80.2,135.0,131.0,35.0,23.9,20100.0,2024,Apr,111382
"Dhathutole, Handigaun",2024-04-09,21.37,0.0,22.33,,102.0,184.0,177.0,38.9,22.5,25400.0,2024,Apr,111382
"Dhathutole, Handigaun",2024-04-10,21.65,0.01,24.67,,84.3,161.0,153.0,37.4,23.3,21300.0,2024,Apr,111382
"Dhathutole, Handigaun",2024-04-11,21.42,0.45,27.33,,63.7,116.0,111.0,47.8,22.0,16300.0,2024,Apr,111382
"Dhathutole, Handigaun",2024-04-12,20.71,3.34,30.88,,65.9,124.0,119.0,57.1,20.9,16900.0,2024,Apr,111382
"Dhathutole, Handigaun",2024-04-13,21.47,0.08,33.47,,66.0,120.0,115.0,36.4,25.0,16900.0,2024,Apr,111382
"Dhathutole, Handigaun",2024-04-14,22.54,0.25,35.84,,56.3,105.0,98.8,30.5,26.3,14300.0,2024,Apr,111382
"Dhathutole, Handigaun",2024-04-15,23.71,1.06,36.31,,60.9,109.0,105.0,30.1,27.2,15600.0,2024,Apr,111382
"Dhathutole, Handigaun",2024-04-16,24.43,0.58,40.16,,61.4,111.0,107.0,33.5,26.9,15800.0,2024,Apr,111382
"Dhathutole, Handigaun",2024-04-17,23.6,0.14,40.12,,57.1,98.2,94.0,31.6,26.8,14700.0,2024,Apr,111382
"Dhathutole, Handigaun",2024-04-18,23.94,0.01,33.63,,54.1,94.6,90.8,34.2,27.2,13900.0,2024,Apr,111382
"Dhathutole, Handigaun",2024-04-19,24.47,0.0,30.7,,64.1,111.0,107.0,32.0,28.0,16300.0,2024,Apr,111382
"Dhathutole, Handigaun",2024-04-20,25.59,0.01,25.72,,51.8,86.6,81.7,27.5,27.1,13300.0,2024,Apr,111382
"Dhathutole, Handigaun",2024-04-21,24.59,0.03,24.16,,70.2,115.0,110.0,24.0,26.1,17700.0,2024,Apr,111382
"Dhathutole, Handigaun",2024-04-22,24.85,0.0,27.18,,63.0,106.0,100.0,21.8,28.4,16000.0,2024,Apr,111382
"Dhathutole, Handigaun",2024-04-23,24.46,0.0,27.64,,46.6,77.5,71.3,22.6,27.2,12000.0,2024,Apr,111382
"Dhathutole, Handigaun",2024-04-24,23.55,0.0,29.65,,60.7,99.5,96.0,22.6,27.1,15500.0,2024,Apr,111382
"Dhathutole, Handigaun",2024-04-25,24.27,0.0,24.16,,74.0,127.0,123.0,21.1,26.9,18700.0,2024,Apr,111382
"Dhathutole, Handigaun",2024-04-26,25.23,0.0,21.71,,95.8,173.0,167.0,22.0,27.4,24000.0,2024,Apr,111382
"Dhathutole, Handigaun",2024-04-27,25.85,0.0,26.64,,77.7,140.0,135.0,24.8,27.1,19700.0,2024,Apr,111382
"Dhathutole, Handigaun",2024-04-28,25.89,0.0,28.67,,52.8,91.0,85.8,23.8,28.3,13400.0,2024,Apr,111382
"Dhathutole, Handigaun",2024-04-29,26.15,0.0,24.1,,61.0,101.0,97.4,20.5,28.6,15600.0,2024,Apr,111382
"Dhathutole, Handigaun",2024-04-30,26.64,0.0,22.96,,64.6,109.0,104.0,20.0,28.9,16400.0,2024,Apr,111382
"Dhathutole, Handigaun",2024-05-01,25.02,0.0,20.26,,54.6,93.3,86.9,18.5,27.7,13700.0,2024,May,90205
"Dhathutole, Handigaun",2024-05-02,22.74,0.0,19.16,,50.3,82.6,76.7,17.2,25.2,12800.0,2024,May,90205
"Dhathutole, Handigaun",2024-05-03,24.57,0.0,17.53,,86.6,148.0,143.0,20.6,26.5,21700.0,2024,May,90205
"Dhathutole, Handigaun",2024-05-04,23.81,0.0,21.02,,81.3,145.0,140.0,25.4,25.6,20500.0,2024,May,90205
"Dhathutole, Handigaun",2024-05-05,23.35,0.15,24.59,,74.8,129.0,125.0,33.2,24.0,18900.0,2024,May,90205
"Dhathutole, Handigaun",2024-06-26,22.91,114.32,93.86,,20.7,37.6,33.4,49.6,27.8,4060.0,2024,Jun,76733
"Dhathutole, Handigaun",2024-06-27,23.86,4.26,86.3,,22.1,40.9,35.8,48.0,28.6,4500.0,2024,Jun,76733
"Dhathutole, Handigaun",2024-06-28,23.52,10.96,89.05,,15.2,26.5,24.5,50.4,27.9,2970.0,2024,Jun,76733
"Dhathutole, Handigaun",2024-06-29,23.16,24.29,91.17,,12.2,21.1,19.8,51.4,27.4,2400.0,2024,Jun,76733
"Dhathutole, Handigaun",2024-06-30,22.59,53.49,93.28,,19.1,34.5,31.1,53.1,27.4,3760.0,2024,Jun,76733
"Dhathutole, Handigaun",2024-07-01,23.15,27.3,91.68,,17.8,30.6,28.4,53.1,27.5,3450.0,2024,Jul,64598
"Dhathutole, Handigaun",2024-07-02,23.36,28.31,94.33,,14.2,22.4,21.2,57.3,25.9,2740.0,2024,Jul,64598
"Dhathutole, Handigaun",2024-07-03,22.79,10.5,90.91,,15.9,26.0,23.9,54.5,26.7,3160.0,2024,Jul,64598
"Dhathutole, Handigaun",2024-07-04,23.5,6.21,88.63,,15.2,24.3,23.0,54.2,27.4,2930.0,2024,Jul,64598
"Dhathutole, Handigaun",2024-07-05,22.71,25.86,90.4,,15.5,26.7,24.4,51.9,27.4,3160.0,2024,Jul,64598
"Dhathutole, Handigaun",2024-07-06,22.58,55.36,95.34,,14.5,24.5,22.4,59.6,24.8,2980.0,2024,Jul,64598
"Dhathutole, Handigaun",2024-07-07,22.66,12.97,94.25,,15.5,25.8,23.8,57.3,25.7,3150.0,2024,Jul,64598
"Dhathutole, Handigaun",2024-07-08,23.59,1.73,91.18,,15.7,27.0,25.0,55.2,26.5,3050.0,2024,Jul,64598
"Dhathutole, Handigaun",2024-07-09,23.94,5.52,88.44,,20.4,38.1,33.9,51.2,27.9,4040.0,2024,Jul,64598
"Dhathutole, Handigaun",2024-07-10,22.74,19.2,92.9,,20.5,38.7,33.9,54.2,27.1,4190.0,2024,Jul,64598
"Dhathutole, Handigaun",2024-07-11,22.42,19.74,93.32,,24.7,45.3,39.8,56.6,26.2,5420.0,2024,Jul,64598
"Dhathutole, Handigaun",2024-07-12,22.1,15.38,91.37,,14.1,23.8,22.1,55.4,26.5,2820.0,2024,Jul,64598
"Dhathutole, Handigaun",2024-07-13,22.92,6.83,90.54,,14.8,26.6,24.4,56.6,25.7,2930.0,2024,Jul,64598
"Dhathutole, Handigaun",2024-07-27,25.5,4.02,85.68,,14.1,22.7,21.2,49.7,29.8,2890.0,2024,Jul,64598
"Dhathutole, Handigaun",2024-07-28,24.81,0.44,84.74,,16.4,27.6,24.9,53.4,28.2,3410.0,2024,Jul,64598
"Dhathutole, Handigaun",2024-07-29,24.1,1.79,88.18,,13.9,22.5,21.0,50.8,28.8,2770.0,2024,Jul,64598
"Dhathutole, Handigaun",2024-07-30,24.18,26.08,90.94,,14.4,23.2,22.0,53.8,28.1,2770.0,2024,Jul,64598
"Dhathutole, Handigaun",2024-07-31,23.54,40.67,91.39,,8.75,13.8,12.9,49.3,28.1,1780.0,2024,Jul,64598
"Dhathutole, Handigaun",2024-08-01,24.01,15.3,87.58,,12.4,19.6,18.7,51.4,27.8,2420.0,2024,Aug,72717
"Dhathutole, Handigaun",2024-08-02,23.46,5.54,84.61,,14.1,22.9,21.3,51.4,26.9,2790.0,2024,Aug,72717
"Dhathutole, Handigaun",2024-08-03,22.22,3.35,88.52,,12.3,19.6,18.7,48.1,28.3,2380.0,2024,Aug,72717
"Dhathutole, Handigaun",2024-08-04,22.67,1.39,88.74,,8.47,13.1,12.7,46.7,28.9,1670.0,2024,Aug,72717
"Dhathutole, Handigaun",2024-08-05,22.98,10.23,92.62,,15.3,25.9,23.8,50.6,27.5,3040.0,2024,Aug,72717
"Dhathutole, Handigaun",2024-08-09,21.77,10.99,94.38,,18.2,30.5,27.7,53.4,27.3,3800.0,2024,Aug,72717
"Dhathutole, Handigaun",2024-08-10,22.14,6.82,90.12,,16.3,27.7,25.4,54.3,26.6,3310.0,2024,Aug,72717
"Dhathutole, Handigaun",2024-08-11,22.8,41.16,93.05,,15.5,26.2,24.0,56.2,26.5,3120.0,2024,Aug,72717
"Dhathutole, Handigaun",2024-08-12,23.12,6.46,92.8,,19.5,35.7,31.9,52.4,27.5,4030.0,2024,Aug,72717
"Dhathutole, Handigaun",2024-08-13,22.72,7.34,91.71,,18.1,32.7,29.2,54.5,26.9,3710.0,2024,Aug,72717
"Dhathutole, Handigaun",2024-08-14,22.77,32.44,91.29,,16.5,28.2,25.7,54.0,27.3,3340.0,2024,Aug,72717
"Dhathutole, Handigaun",2024-08-15,23.57,7.69,88.99,,12.5,20.0,19.0,48.5,27.4,2450.0,2024,Aug,72717
"Dhathutole, Handigaun",2024-08-16,23.13,4.15,87.57,,13.1,21.3,20.1,49.9,26.9,2570.0,2024,Aug,72717
"Dhathutole, Handigaun",2024-08-17,23.3,20.49,89.32,,14.2,23.3,22.0,50.1,27.6,2800.0,2024,Aug,72717
"Dhathutole, Handigaun",2024-08-18,23.27,5.77,83.04,,10.7,16.4,15.8,52.0,26.8,2080.0,2024,Aug,72717
"Dhathutole, Handigaun",2024-08-19,22.81,3.27,88.29,,10.3,16.3,15.4,53.5,26.7,2040.0,2024,Aug,72717
"Dhathutole, Handigaun",2024-08-20,22.5,0.44,86.5,,10.1,16.1,15.4,53.5,26.3,1970.0,2024,Aug,72717
"Dhathutole, Handigaun",2024-08-21,22.28,0.56,83.63,,17.2,28.3,26.1,57.2,25.4,3410.0,2024,Aug,72717
"Dhathutole, Handigaun",2024-08-22,22.77,4.57,84.06,,14.8,24.2,22.3,54.4,26.2,2950.0,2024,Aug,72717
"Dhathutole, Handigaun",2024-08-23,22.83,1.65,87.7,,18.1,29.8,27.4,56.8,26.2,3570.0,2024,Aug,72717
"Dhathutole, Handigaun",2024-08-24,23.06,0.25,87.8,,19.8,34.7,31.1,53.2,27.2,4050.0,2024,Aug,72717
"Dhathutole, Handigaun",2024-08-25,23.11,0.25,85.37,,14.5,23.9,21.9,52.3,26.9,2950.0,2024,Aug,72717
"Dhathutole, Handigaun",2024-08-26,22.27,2.65,92.84,,18.6,31.8,28.8,55.6,25.9,3730.0,2024,Aug,72717
"Dhathutole, Handigaun",2024-08-27,21.88,4.76,91.53,,17.8,30.3,27.4,52.5,26.7,3600.0,2024,Aug,72717
"Dhathutole, Handigaun",2024-08-28,22.83,1.93,89.82,,15.3,24.3,23.3,57.4,25.3,2870.0,2024,Aug,72717
"Dhathutole, Handigaun",2024-08-29,23.25,5.57,88.37,,15.8,26.1,24.0,56.1,25.9,3140.0,2024,Aug,72717
"Dhathutole, Handigaun",2024-08-30,23.99,0.99,86.93,,14.2,22.9,21.6,49.1,27.7,2760.0,2024,Aug,72717
"Dhathutole, Handigaun",2024-08-31,23.68,1.82,92.01,,22.3,38.3,34.4,52.0,27.8,4730.0,2024,Aug,72717
"Dhathutole, Handigaun",2024-09-01,22.18,0.27,88.55,,16.1,26.3,24.3,56.8,25.8,3200.0,2024,Sep,96302
"Dhathutole, Handigaun",2024-09-02,23.06,0.13,87.39,,16.4,27.1,24.7,50.3,27.3,3390.0,2024,Sep,96302
"Dhathutole, Handigaun",2024-09-03,22.63,4.84,92.29,,11.1,17.1,16.5,52.5,26.9,2150.0,2024,Sep,96302
"Dhathutole, Handigaun",2024-09-04,21.53,13.17,89.04,,15.3,24.9,23.3,51.3,27.1,3110.0,2024,Sep,96302
"Dhathutole, Handigaun",2024-09-05,22.62,6.05,85.55,,18.4,32.5,28.8,53.5,26.1,3810.0,2024,Sep,96302
"Dhathutole, Handigaun",2024-09-06,22.74,0.06,91.67,,8.47,13.9,13.4,58.5,24.6,1680.0,2024,Sep,96302
"Dhathutole, Handigaun",2024-09-07,23.2,0.99,87.62,,12.3,20.2,19.0,47.9,28.2,2430.0,2024,Sep,96302
"Dhathutole, Handigaun",2024-09-08,23.28,0.48,89.34,,13.5,21.6,20.5,46.9,28.2,2620.0,2024,Sep,96302
"Dhathutole, Handigaun",2024-09-09,23.28,0.22,87.43,,16.2,26.9,24.9,48.6,28.0,3230.0,2024,Sep,96302
"Dhathutole, Handigaun",2024-09-10,23.58,0.11,86.6,,20.2,35.0,31.8,48.1,28.7,3960.0,2024,Sep,96302
"Dhathutole, Handigaun",2024-09-11,22.92,2.15,91.4,,15.2,25.4,23.5,43.2,29.9,2980.0,2024,Sep,96302
"Dhathutole, Handigaun",2024-09-12,22.86,2.2,89.07,,15.0,24.5,23.0,46.2,28.2,2920.0,2024,Sep,96302
"Dhathutole, Handigaun",2024-09-13,22.93,3.12,86.32,,16.7,27.0,24.9,48.9,26.9,3360.0,2024,Sep,96302
"Dhathutole, Handigaun",2024-09-14,22.99,9.41,85.12,,18.7,31.5,28.4,51.3,26.1,3850.0,2024,Sep,96302
"Dhathutole, Handigaun",2024-09-15,22.21,5.98,87.87,,12.1,19.9,18.2,49.8,26.3,2480.0,2024,Sep,96302
"Dhathutole, Handigaun",2024-09-16,22.11,2.73,83.23,,13.5,21.3,20.1,52.0,25.8,2640.0,2024,Sep,96302
"Dhathutole, Handigaun",2024-09-17,21.86,0.05,81.45,,20.8,35.5,31.9,52.5,26.3,4200.0,2024,Sep,96302
"Dhathutole, Handigaun",2024-09-18,23.14,0.0,83.18,,21.1,36.7,32.9,48.8,27.8,4210.0,2024,Sep,96302
"Dhathutole, Handigaun",2024-09-19,23.23,0.07,90.0,,19.5,33.7,30.7,47.3,28.9,3850.0,2024,Sep,96302
"Dhathutole, Handigaun",2024-09-20,23.15,0.39,81.17,,22.4,39.5,34.8,53.4,27.1,4650.0,2024,Sep,96302
"Dhathutole, Handigaun",2024-09-21,24.38,1.14,75.57,,20.8,35.5,32.0,48.9,28.0,4260.0,2024,Sep,96302
"Dhathutole, Handigaun",2024-09-22,24.92,1.11,76.56,,23.9,41.1,36.2,45.3,28.9,5110.0,2024,Sep,96302
"Dhathutole, Handigaun",2024-09-23,24.91,0.58,78.91,,26.0,46.7,40.0,45.7,28.8,5690.0,2024,Sep,96302
"Dhathutole, Handigaun",2024-09-24,22.57,47.54,90.47,,25.6,47.1,40.2,49.2,27.7,5550.0,2024,Sep,96302
"Dhathutole, Handigaun",2024-09-25,20.85,55.89,92.45,,17.6,29.7,27.6,50.9,26.5,3380.0,2024,Sep,96302
"Dhathutole, Handigaun",2024-09-26,20.69,16.56,92.08,,16.3,28.2,25.3,52.1,26.0,3400.0,2024,Sep,96302
"Dhathutole, Handigaun",2024-09-27,19.34,76.28,91.16,,9.66,15.0,14.3,59.7,22.7,1940.0,2024,Sep,96302
"Dhathutole, Handigaun",2024-09-28,19.02,93.26,94.48,,23.8,41.7,36.3,61.4,21.9,5310.0,2024,Sep,96302
"Dhathutole, Handigaun",2024-09-29,21.45,0.43,90.49,,22.4,39.9,34.9,54.9,24.2,5000.0,2024,Sep,96302
"Dhathutole, Handigaun",2024-09-30,21.83,0.07,92.32,,17.4,29.9,26.9,53.4,25.5,3580.0,2024,Sep,96302
"Dhathutole, Handigaun",2024-10-01,22.36,0.87,92.07,,16.0,26.8,24.5,50.9,27.3,3330.0,2024,Oct,124391
"Dhathutole, Handigaun",2024-10-02,22.03,2.29,92.69,,20.4,36.0,32.3,50.6,27.6,4110.0,2024,Oct,124391
"Dhathutole, Handigaun",2024-10-03,21.56,6.95,92.79,,17.9,32.0,29.4,48.8,27.7,3450.0,2024,Oct,124391
"Dhathutole, Handigaun",2024-10-04,21.71,4.24,90.14,,17.5,29.9,28.1,48.3,27.2,3540.0,2024,Oct,124391
"Dhathutole, Handigaun",2024-10-05,21.1,0.39,91.7,,15.2,26.4,24.7,51.1,25.7,2950.0,2024,Oct,124391
"Dhathutole, Handigaun",2024-10-06,21.67,0.55,85.77,,16.4,29.2,26.1,48.9,26.3,3330.0,2024,Oct,124391
"Dhathutole, Handigaun",2024-10-07,20.82,0.29,87.48,,18.3,32.4,29.5,47.9,26.4,3590.0,2024,Oct,124391
"Dhathutole, Handigaun",2024-10-08,20.89,0.07,87.42,,18.1,32.3,29.1,48.8,25.6,3610.0,2024,Oct,124391
"Dhathutole, Handigaun",2024-10-09,21.06,0.2,86.77,,19.7,35.9,31.9,47.1,25.5,4080.0,2024,Oct,124391
"Dhathutole, Handigaun",2024-10-10,20.44,0.02,88.42,,23.6,44.9,38.6,44.6,26.0,4930.0,2024,Oct,124391
"Dhathutole, Handigaun",2024-10-11,20.59,0.0,88.21,,25.7,51.0,43.0,44.3,25.4,5640.0,2024,Oct,124391
"Dhathutole, Handigaun",2024-10-12,20.23,0.0,86.97,,23.7,47.0,39.8,42.4,25.5,5020.0,2024,Oct,124391
"Dhathutole, Handigaun",2024-10-13,19.76,0.0,89.01,,23.9,47.3,39.9,44.4,25.0,4940.0,2024,Oct,124391
"Dhathutole, Handigaun",2024-10-14,19.24,0.0,91.08,,26.6,53.0,44.0,44.5,25.3,5830.0,2024,Oct,124391
"Dhathutole, Handigaun",2024-10-15,18.99,0.01,88.45,,30.2,60.7,51.0,45.5,24.7,7190.0,2024,Oct,124391
"Dhathutole, Handigaun",2024-10-16,18.84,0.36,82.66,,32.4,66.0,56.0,44.7,24.8,8000.0,2024,Oct,124391
"Dhathutole, Handigaun",2024-10-17,19.0,0.56,79.07,,37.5,75.6,68.4,45.8,24.7,9750.0,2024,Oct,124391
"Dhathutole, Handigaun",2024-10-18,18.91,0.08,85.77,,37.7,76.4,68.7,45.5,24.6,9820.0,2024,Oct,124391
"Dhathutole, Handigaun",2024-10-19,18.65,1.28,87.87,,34.8,71.3,62.7,43.7,24.4,8810.0,2024,Oct,124391
"Dhathutole, Handigaun",2024-10-20,18.32,5.26,86.23,,31.8,66.0,55.8,44.1,24.1,7780.0,2024,Oct,124391
"Dhathutole, Handigaun",2024-10-21,18.58,0.29,88.45,,30.9,63.3,53.3,44.0,23.7,7410.0,2024,Oct,124391
"Dhathutole, Handigaun",2024-10-22,19.86,0.0,77.23,,28.0,56.0,47.2,40.0,24.7,6400.0,2024,Oct,124391
"Dhathutole, Handigaun",2024-10-23,20.46,0.0,75.54,,27.8,54.4,45.8,42.0,24.8,6450.0,2024,Oct,124391
"Dhathutole, Handigaun",2024-10-24,19.47,0.01,79.62,,22.1,41.5,36.1,43.4,24.7,4730.0,2024,Oct,124391
"Dhathutole, Handigaun",2024-10-25,18.74,0.27,85.96,,25.6,48.8,41.4,47.0,24.1,5610.0,2024,Oct,124391
"Dhathutole, Handigaun",2024-10-26,19.36,0.0,86.16,,26.1,49.5,42.1,46.6,24.5,5750.0,2024,Oct,124391
"Dhathutole, Handigaun",2024-10-27,19.61,0.0,87.84,,25.3,47.8,40.5,48.3,24.7,5520.0,2024,Oct,124391
"Dhathutole, Handigaun",2024-10-28,19.99,0.0,88.55,,23.9,44.7,38.3,47.0,25.4,5050.0,2024,Oct,124391
"Dhathutole, Handigaun",2024-10-29,19.79,0.01,86.84,,21.0,38.4,33.5,44.8,25.3,4360.0,2024,Oct,124391
"Dhathutole, Handigaun",2024-10-30,19.42,0.06,90.3,,25.6,48.7,41.9,43.3,25.1,5820.0,2024,Oct,124391
"Dhathutole, Handigaun",2024-10-31,19.33,0.01,91.8,,33.7,66.7,58.1,44.8,24.8,8370.0,2024,Oct,124391
"Dhathutole, Handigaun",2024-11-01,19.17,0.0,89.18,,37.3,74.6,66.0,45.2,25.0,9550.0,2024,Nov,114496
"Dhathutole, Handigaun",2024-11-02,18.66,0.0,86.33,,43.1,85.9,80.1,46.2,24.9,11500.0,2024,Nov,114496
"Dhathutole, Handigaun",2024-11-03,18.65,0.03,89.42,,40.9,82.2,74.1,49.3,24.3,10600.0,2024,Nov,114496
"Dhathutole, Handigaun",2024-11-04,17.56,0.3,90.54,,23.4,46.4,39.6,50.7,22.1,5210.0,2024,Nov,114496
"Dhathutole, Handigaun",2024-11-05,17.48,0.0,78.16,,18.9,34.0,29.9,43.7,22.7,3950.0,2024,Nov,114496
"Dhathutole, Handigaun",2024-11-06,17.5,0.0,87.74,,24.3,45.3,39.0,45.1,22.2,5220.0,2024,Nov,114496
"Dhathutole, Handigaun",2024-11-07,17.79,0.02,85.0,,25.9,48.2,41.1,43.3,22.8,5820.0,2024,Nov,114496
"Dhathutole, Handigaun",2024-11-08,17.87,0.22,86.7,,27.9,53.3,44.9,44.8,23.0,6450.0,2024,Nov,114496
"Dhathutole, Handigaun",2024-11-09,17.31,0.01,89.33,,31.2,60.8,51.3,43.5,23.2,7510.0,2024,Nov,114496
"Dhathutole, Handigaun",2024-11-10,17.16,0.0,92.89,,32.8,63.9,53.9,43.7,22.9,8110.0,2024,Nov,114496
"Dhathutole, Handigaun",2024-11-11,17.14,0.01,90.28,,31.8,61.3,52.1,43.6,22.9,7730.0,2024,Nov,114496
"Dhathutole, Handigaun",2024-11-12,16.92,0.02,89.43,,31.9,63.6,55.0,42.5,22.6,7750.0,2024,Nov,114496
"Dhathutole, Handigaun",2024-11-13,16.86,0.0,87.43,,35.1,71.1,62.4,40.2,22.3,8770.0,2024,Nov,114496
"Dhathutole, Handigaun",2024-11-14,16.63,0.0,84.32,,43.1,87.5,80.0,44.6,22.3,11400.0,2024,Nov,114496
"Dhathutole, Handigaun",2024-11-15,16.82,0.0,78.93,,43.2,86.6,78.0,45.0,21.9,11200.0,2024,Nov,114496
"Dhathutole, Handigaun",2024-11-16,15.88,0.0,77.04,,44.2,93.8,85.8,44.7,22.0,11600.0,2024,Nov,114496
"Dhathutole, Handigaun",2024-11-17,15.46,0.0,75.69,,35.7,71.9,62.5,43.1,21.7,9100.0,2024,Nov,114496
"Dhathutole, Handigaun",2024-11-18,15.42,0.0,81.84,,33.2,65.8,56.2,41.5,21.0,8160.0,2024,Nov,114496
"Dhathutole, Handigaun",2024-11-19,15.6,0.0,83.28,,33.9,66.0,56.4,41.7,20.8,8390.0,2024,Nov,114496
"Dhathutole, Handigaun",2024-11-20,14.75,0.0,80.33,,31.0,59.5,50.6,41.4,20.8,7490.0,2024,Nov,114496
"Dhathutole, Handigaun",2024-11-21,14.6,0.0,78.81,,28.1,54.9,45.4,40.2,21.2,6500.0,2024,Nov,114496
"Dhathutole, Handigaun",2024-11-22,13.84,0.06,78.16,,31.5,59.5,51.2,42.9,20.2,7480.0,2024,Nov,114496
"Dhathutole, Handigaun",2024-11-23,13.34,0.0,76.05,,32.7,62.2,53.1,43.8,19.7,7790.0,2024,Nov,114496
"Dhathutole, Handigaun",2024-11-24,13.52,0.0,78.83,,32.2,60.6,52.4,44.2,19.2,7830.0,2024,Nov,114496
"Dhathutole, Handigaun",2024-11-25,13.51,0.0,83.57,,37.2,71.0,63.3,42.2,19.6,9150.0,2024,Nov,114496
"Dhathutole, Handigaun",2024-11-26,13.51,0.0,82.87,,50.1,98.5,91.4,42.6,19.6,12900.0,2024,Nov,114496
"Dhathutole, Handigaun",2024-11-27,13.8,0.0,84.31,,48.6,98.6,90.6,42.1,19.5,12700.0,2024,Nov,114496
"Dhathutole, Handigaun",2024-11-28,13.88,0.0,82.87,,41.1,81.6,73.7,40.9,19.2,10600.0,2024,Nov,114496
"Dhathutole, Handigaun",2024-11-29,14.69,0.0,80.81,,45.9,84.1,77.5,41.8,19.1,11700.0,2024,Nov,114496
"Dhathutole, Handigaun",2024-11-30,14.45,0.0,80.8,,57.9,101.0,94.1,42.6,18.9,14600.0,2024,Nov,114496
"Dhathutole, Handigaun",2024-12-01,14.22,0.0,79.53,,40.6,74.2,66.6,42.3,19.2,10300.0,2024,Dec,92033
"Dhathutole, Handigaun",2024-12-02,13.91,0.0,75.31,,43.7,79.0,71.6,44.0,18.9,11100.0,2024,Dec,92033
"Dhathutole, Handigaun",2024-12-03,14.0,0.0,66.96,,36.9,67.0,59.4,41.4,18.9,9120.0,2024,Dec,92033
"Dhathutole, Handigaun",2024-12-04,14.16,0.0,63.21,,37.0,66.9,59.2,39.2,18.5,8980.0,2024,Dec,92033
"Dhathutole, Handigaun",2024-12-05,12.81,0.0,71.44,,41.0,76.7,68.2,41.8,18.4,10400.0,2024,Dec,92033
"Dhathutole, Handigaun",2024-12-06,11.9,0.0,70.51,,45.0,86.6,78.8,43.5,18.7,11700.0,2024,Dec,92033
"Dhathutole, Handigaun",2024-12-07,11.88,0.0,72.79,,50.3,98.7,91.8,43.1,19.2,13200.0,2024,Dec,92033
"Dhathutole, Handigaun",2024-12-08,11.69,0.0,64.3,,47.4,95.1,87.2,42.1,18.9,12400.0,2024,Dec,92033
"Dhathutole, Handigaun",2024-12-09,10.3,0.0,75.41,,50.4,100.0,92.8,44.6,17.5,13000.0,2024,Dec,92033
"Dhathutole, Handigaun",2024-12-10,9.75,0.0,70.65,,41.0,80.0,72.1,39.3,17.4,10300.0,2024,Dec,92033
"Dhathutole, Handigaun",2024-12-11,10.89,0.0,63.41,,50.9,93.4,86.1,38.6,17.2,12700.0,2024,Dec,92033
"Dhathutole, Handigaun",2024-12-12,11.73,0.0,60.19,,53.2,96.0,88.3,39.7,17.0,13100.0,2024,Dec,92033
"Dhathutole, Handigaun",2024-12-13,11.6,0.0,52.37,,52.3,90.9,84.6,34.8,16.8,12800.0,2024,Dec,92033
"Dhathutole, Handigaun",2024-12-14,11.01,0.0,55.64,,49.7,87.1,79.7,34.7,16.6,12400.0,2024,Dec,92033
"Dhathutole, Handigaun",2024-12-15,11.36,0.0,62.04,,65.2,116.0,109.0,40.3,17.4,16300.0,2024,Dec,92033
"Dhathutole, Handigaun",2024-12-16,13.56,0.0,65.28,,63.3,111.0,105.0,39.4,17.8,15700.0,2024,Dec,92033
"Dhathutole, Handigaun",2024-12-17,13.19,0.0,71.41,,52.4,90.4,84.8,37.3,18.1,13000.0,2024,Dec,92033
"Dhathutole, Handigaun",2024-12-18,12.96,0.0,68.76,,51.5,88.2,82.5,34.6,19.8,12600.0,2024,Dec,92033
"Dhathutole, Handigaun",2024-12-19,13.22,0.0,70.11,,50.8,89.3,82.3,41.3,17.3,12600.0,2024,Dec,92033
"Dhathutole, Handigaun",2024-12-20,12.77,0.0,67.32,,58.3,102.0,95.9,40.6,17.6,14600.0,2024,Dec,92033
"Dhathutole, Handigaun",2024-12-21,11.95,0.0,65.74,,52.8,91.1,85.3,39.4,17.3,13100.0,2024,Dec,92033
"Dhathutole, Handigaun",2024-12-22,11.82,0.0,70.33,,50.5,89.5,82.3,41.3,17.1,12600.0,2024,Dec,92033
"Dhathutole, Handigaun",2024-12-23,11.72,0.0,68.53,,58.2,104.0,96.8,41.2,17.0,14500.0,2024,Dec,92033
"Dhathutole, Handigaun",2024-12-24,12.27,0.0,68.82,,61.1,109.0,103.0,41.7,16.7,15400.0,2024,Dec,92033
"Dhathutole, Handigaun",2024-12-25,12.44,0.0,72.94,,60.3,106.0,101.0,39.6,18.0,15100.0,2024,Dec,92033
"Dhathutole, Handigaun",2024-12-26,12.81,0.0,71.31,,52.1,92.7,86.2,37.8,17.5,13000.0,2024,Dec,92033
"Dhathutole, Handigaun",2024-12-27,13.69,0.0,66.21,,50.8,90.6,83.8,38.5,18.0,12900.0,2024,Dec,92033
"Dhathutole, Handigaun",2024-12-28,12.88,0.0,65.81,,82.8,148.0,140.0,43.1,17.1,20800.0,2024,Dec,92033
"Dhathutole, Handigaun",2024-12-29,13.23,0.0,69.62,,72.9,130.0,123.0,40.2,18.0,18000.0,2024,Dec,92033
"Dhathutole, Handigaun",2024-12-30,12.47,0.0,80.81,,50.4,90.2,82.8,39.5,17.8,12400.0,2024,Dec,92033
"Dhathutole, Handigaun",2024-12-31,11.69,0.0,81.11,,49.5,88.5,81.8,41.5,17.5,12200.0,2024,Dec,92033
"Dhathutole, Handigaun",2025-01-01,11.1,0.0,71.5,,55.4,97.3,90.9,41.6,17.8,13800.0,2025,Jan,79990
"Dhathutole, Handigaun",2025-01-02,11.0,0.0,64.14,,52.9,93.9,87.3,41.7,17.9,13200.0,2025,Jan,79990
"Dhathutole, Handigaun",2025-01-03,11.69,0.0,63.3,,54.5,96.2,89.4,41.1,18.1,13600.0,2025,Jan,79990
"Dhathutole, Handigaun",2025-01-04,11.77,0.0,65.78,,54.8,96.7,90.0,42.1,18.4,13800.0,2025,Jan,79990
"Dhathutole, Handigaun",2025-01-05,12.22,0.0,66.76,,72.6,127.0,121.0,44.3,17.9,18400.0,2025,Jan,79990
"Dhathutole, Handigaun",2025-01-06,13.54,0.0,73.59,,68.2,122.0,114.0,43.1,18.6,17100.0,2025,Jan,79990
"Dhathutole, Handigaun",2025-01-07,11.44,1.2,80.95,,39.6,73.7,65.2,43.2,18.1,9980.0,2025,Jan,79990
"Dhathutole, Handigaun",2025-01-08,9.17,0.22,73.69,,38.9,73.9,64.5,43.5,17.2,9740.0,2025,Jan,79990
"Dhathutole, Handigaun",2025-01-09,9.33,0.0,68.02,,42.4,77.1,69.5,43.3,16.7,10400.0,2025,Jan,79990
"Dhathutole, Handigaun",2025-01-10,10.73,0.0,62.04,,49.1,89.5,81.0,40.4,17.0,12100.0,2025,Jan,79990
"Dhathutole, Handigaun",2025-01-11,12.1,0.0,63.19,,55.0,98.5,91.8,39.9,16.8,13700.0,2025,Jan,79990
"Dhathutole, Handigaun",2025-01-12,12.42,0.0,67.23,,51.4,92.2,87.0,47.5,14.5,12600.0,2025,Jan,79990
"Dhathutole, Handigaun",2025-01-13,11.88,0.0,70.24,,53.4,92.1,87.9,42.4,16.5,13600.0,2025,Jan,79990
"Dhathutole, Handigaun",2025-01-14,11.73,0.0,69.79,,44.5,82.4,74.7,45.2,15.3,11100.0,2025,Jan,79990
"Dabali, Handigaun",2024-05-16,29.53,0.01,42.81,,25.7,49.4,41.4,25.2,31.3,5450.0,2024,May,90205
"Dabali, Handigaun",2024-05-17,29.36,0.0,33.14,,36.4,68.3,59.0,28.4,28.7,8990.0,2024,May,90205
"Dabali, Handigaun",2024-05-18,30.12,0.15,34.65,,44.5,81.0,74.6,28.2,31.0,11300.0,2024,May,90205
"Dabali, Handigaun",2024-05-19,29.0,3.66,44.4,,37.1,73.4,64.4,32.9,29.7,9410.0,2024,May,90205
"Dabali, Handigaun",2024-05-20,27.67,3.03,53.13,,33.6,66.4,57.7,40.5,26.4,8180.0,2024,May,90205
"Dabali, Handigaun",2024-05-21,27.98,0.54,56.51,,26.3,50.4,43.2,36.7,28.2,5810.0,2024,May,90205
"Dabali, Handigaun",2024-05-22,26.84,7.21,63.26,,24.5,46.7,39.5,42.3,27.3,5120.0,2024,May,90205
"Dabali, Handigaun",2024-05-23,28.17,0.37,55.62,,26.0,49.5,42.1,40.1,27.5,5510.0,2024,May,90205
"Dabali, Handigaun",2024-05-24,29.92,0.15,49.19,,27.7,54.2,45.2,37.5,29.5,6160.0,2024,May,90205
"Dabali, Handigaun",2024-05-25,30.42,3.87,50.52,,24.8,47.8,40.3,40.6,29.2,5150.0,2024,May,90205
"Dabali, Handigaun",2024-05-26,31.23,4.96,50.76,,26.5,52.6,43.7,44.0,28.5,5760.0,2024,May,90205
"Dabali, Handigaun",2024-05-27,29.92,7.7,60.46,,27.3,53.3,44.4,41.0,28.9,6040.0,2024,May,90205
"Dabali, Handigaun",2024-05-28,30.46,0.2,48.59,,22.2,42.0,36.0,46.1,28.0,4700.0,2024,May,90205
"Dabali, Handigaun",2024-05-29,32.0,0.11,32.03,,30.9,60.3,50.9,39.1,30.3,7200.0,2024,May,90205
"Dabali, Handigaun",2024-05-30,31.79,0.87,35.21,,27.6,51.9,44.0,36.5,29.8,6330.0,2024,May,90205
"Dabali, Handigaun",2024-05-31,30.39,6.23,52.06,,23.0,43.3,37.0,35.3,30.3,4710.0,2024,May,90205
"Dabali, Handigaun",2024-06-01,29.09,5.65,54.95,,27.0,52.1,43.6,41.1,27.3,5990.0,2024,Jun,76733
"Dabali, Handigaun",2024-06-02,28.89,7.97,53.62,,28.2,54.9,45.7,39.5,28.0,6300.0,2024,Jun,76733
"Dabali, Handigaun",2024-06-03,28.88,1.28,44.65,,27.5,53.7,44.4,38.5,29.0,6070.0,2024,Jun,76733
"Dabali, Handigaun",2024-06-04,29.14,2.15,42.24,,26.3,50.1,42.5,38.8,27.6,6020.0,2024,Jun,76733
"Dabali, Handigaun",2024-06-05,28.29,4.81,50.55,,25.4,48.8,41.0,38.7,28.0,5330.0,2024,Jun,76733
"Dabali, Handigaun",2024-06-06,28.57,8.07,54.17,,18.6,33.4,30.0,39.3,28.8,3610.0,2024,Jun,76733
"Dabali, Handigaun",2024-06-07,29.43,1.9,43.17,,21.1,38.3,33.8,40.0,28.8,4040.0,2024,Jun,76733
"Dabali, Handigaun",2024-06-08,30.35,2.86,42.53,,31.5,60.6,52.3,40.2,29.8,6930.0,2024,Jun,76733
"Dabali, Handigaun",2024-06-09,31.26,1.94,40.11,,29.3,56.8,47.2,37.4,30.7,6740.0,2024,Jun,76733
"Dabali, Handigaun",2024-06-10,31.39,0.86,38.52,,29.5,57.6,47.9,35.3,31.5,6840.0,2024,Jun,76733
"Dabali, Handigaun",2024-06-11,31.32,0.67,34.84,,31.7,64.1,52.5,39.3,30.6,7660.0,2024,Jun,76733
"Dabali, Handigaun",2024-06-12,30.49,2.14,44.89,,31.7,63.7,53.2,36.8,31.7,7760.0,2024,Jun,76733
"Dabali, Handigaun",2024-06-13,30.79,2.13,48.65,,31.8,63.2,52.5,37.4,30.9,7660.0,2024,Jun,76733
"Dabali, Handigaun",2024-06-14,31.45,1.13,43.5,,34.5,69.7,59.2,40.1,30.8,8680.0,2024,Jun,76733
"Dabali, Handigaun",2024-06-15,31.45,0.65,48.45,,32.7,66.0,55.4,38.9,31.5,8070.0,2024,Jun,76733
"Dabali, Handigaun",2024-06-16,31.06,5.1,55.03,,27.4,54.1,44.7,44.1,29.1,6200.0,2024,Jun,76733
"Dabali, Handigaun",2024-06-17,30.97,3.35,54.01,,23.6,43.2,37.4,52.2,27.1,4860.0,2024,Jun,76733
"Dabali, Handigaun",2024-06-18,32.05,15.97,52.26,,30.4,59.9,50.0,49.1,28.8,7120.0,2024,Jun,76733
"Dabali, Handigaun",2024-06-19,31.16,14.59,57.08,,24.2,46.9,39.5,44.5,29.6,5130.0,2024,Jun,76733
"Dabali, Handigaun",2024-06-20,28.57,15.86,69.3,,17.1,30.2,27.1,44.1,28.8,3350.0,2024,Jun,76733
"Dabali, Handigaun",2024-06-21,27.91,3.69,67.5,,16.4,27.5,25.6,43.8,28.0,3040.0,2024,Jun,76733
"Dabali, Handigaun",2024-06-22,28.78,5.99,66.19,,20.2,37.2,33.1,44.1,29.1,3900.0,2024,Jun,76733
"Dabali, Handigaun",2024-06-23,28.66,2.47,68.79,,20.1,37.4,33.3,43.0,29.8,3840.0,2024,Jun,76733
"Dabali, Handigaun",2024-06-24,29.76,5.58,65.12,,17.9,32.0,29.2,40.7,30.4,3370.0,2024,Jun,76733
"Dabali, Handigaun",2024-06-25,28.76,23.39,74.08,,24.2,47.4,40.0,42.5,29.9,4970.0,2024,Jun,76733
"Dabali, Handigaun",2024-06-26,25.92,110.6,90.58,,19.7,36.8,32.5,48.1,27.9,3810.0,2024,Jun,76733
"Dabali, Handigaun",2024-06-27,26.84,4.13,83.42,,20.6,38.2,33.6,46.9,28.6,4030.0,2024,Jun,76733
"Dabali, Handigaun",2024-06-28,26.87,14.6,83.13,,13.8,23.9,22.3,47.9,28.6,2690.0,2024,Jun,76733
"Dabali, Handigaun",2024-06-29,26.16,22.38,88.34,,10.5,17.8,16.9,49.6,27.6,2000.0,2024,Jun,76733
"Dabali, Handigaun",2024-06-30,25.65,21.08,90.87,,17.5,31.5,28.7,51.1,27.9,3310.0,2024,Jun,76733
"Dabali, Handigaun",2024-07-01,26.1,36.59,88.21,,17.5,30.8,28.5,54.6,27.0,3350.0,2024,Jul,64598
"Dabali, Handigaun",2024-07-02,26.17,47.5,90.14,,12.7,20.8,19.5,58.2,25.8,2500.0,2024,Jul,64598
"Dabali, Handigaun",2024-07-03,25.58,19.75,90.2,,15.2,24.7,22.7,52.0,27.4,2950.0,2024,Jul,64598
"Dabali, Handigaun",2024-07-04,26.22,9.46,86.92,,14.0,22.2,21.1,52.9,27.4,2620.0,2024,Jul,64598
"Dabali, Handigaun",2024-07-05,25.36,41.24,90.67,,15.6,26.7,24.3,51.0,27.7,3030.0,2024,Jul,64598
"Dabali, Handigaun",2024-07-06,25.4,69.2,92.09,,11.2,18.8,17.1,60.7,24.3,2290.0,2024,Jul,64598
"Dabali, Handigaun",2024-07-07,25.19,10.18,92.68,,13.7,22.8,21.0,57.0,25.7,2640.0,2024,Jul,64598
"Dabali, Handigaun",2024-07-08,26.26,1.64,87.08,,13.7,23.7,21.8,53.2,27.2,2590.0,2024,Jul,64598
"Dabali, Handigaun",2024-07-09,26.97,6.21,83.63,,19.4,36.6,32.5,49.8,28.1,3720.0,2024,Jul,64598
"Dabali, Handigaun",2024-07-10,25.86,27.97,88.17,,19.5,37.6,32.8,54.9,26.6,3810.0,2024,Jul,64598
"Dabali, Handigaun",2024-07-11,24.92,39.3,93.09,,23.9,44.8,38.8,56.4,26.1,5110.0,2024,Jul,64598
"Dabali, Handigaun",2024-07-12,24.66,31.83,93.04,,13.1,22.6,20.9,53.1,27.1,2560.0,2024,Jul,64598
"Dabali, Handigaun",2024-07-13,25.54,14.39,90.21,,13.3,23.8,22.4,49.0,28.4,2500.0,2024,Jul,64598
"Dabali, Handigaun",2024-07-14,26.66,5.96,88.47,,14.8,26.3,24.4,47.8,29.2,2790.0,2024,Jul,64598
"Dabali, Handigaun",2024-07-15,26.74,1.19,88.23,,18.5,34.2,31.3,47.5,28.8,3500.0,2024,Jul,64598
"Dabali, Handigaun",2024-07-16,26.05,3.56,87.46,,13.5,21.9,21.0,47.6,29.0,2490.0,2024,Jul,64598
"Dabali, Handigaun",2024-07-17,26.69,7.65,88.88,,15.5,25.2,23.4,52.4,27.9,3000.0,2024,Jul,64598
"Dabali, Handigaun",2024-07-18,26.61,4.31,89.58,,13.3,20.2,19.4,50.8,28.6,2450.0,2024,Jul,64598
"Dabali, Handigaun",2024-07-19,26.93,11.49,86.23,,10.9,17.4,16.6,47.0,29.2,2090.0,2024,Jul,64598
"Dabali, Handigaun",2024-07-20,26.47,1.45,89.28,,15.5,25.3,23.7,47.6,29.1,2920.0,2024,Jul,64598
"Dabali, Handigaun",2024-07-21,25.69,5.07,91.06,,14.8,24.0,22.6,55.6,26.6,2760.0,2024,Jul,64598
"Dabali, Handigaun",2024-07-22,26.12,7.82,85.32,,13.9,22.5,20.8,52.7,27.6,2680.0,2024,Jul,64598
"Dabali, Handigaun",2024-07-23,26.17,6.69,84.97,,8.38,12.7,12.1,51.9,27.9,1690.0,2024,Jul,64598
"Dabali, Handigaun",2024-07-24,26.54,7.68,86.91,,11.6,19.1,18.3,53.1,27.6,2390.0,2024,Jul,64598
"Dabali, Handigaun",2024-07-25,26.67,1.12,87.11,,10.2,15.1,14.6,52.3,28.2,1980.0,2024,Jul,64598
"Dabali, Handigaun",2024-07-26,27.13,1.08,85.53,,9.41,14.1,13.6,49.4,29.0,1840.0,2024,Jul,64598
"Dabali, Handigaun",2024-07-27,28.3,1.37,82.44,,10.5,16.3,15.5,49.5,29.1,2050.0,2024,Jul,64598
"Dabali, Handigaun",2024-07-28,27.04,0.11,85.04,,13.5,21.4,20.0,51.5,28.5,2640.0,2024,Jul,64598
"Dabali, Handigaun",2024-07-29,27.02,1.78,84.56,,11.4,17.6,16.7,47.4,29.9,2240.0,2024,Jul,64598
"Dabali, Handigaun",2024-07-30,26.87,23.15,88.68,,13.1,20.8,19.8,50.9,29.0,2520.0,2024,Jul,64598
"Dabali, Handigaun",2024-07-31,26.31,52.46,89.64,,8.27,12.6,11.9,47.2,28.3,1700.0,2024,Jul,64598
"Dabali, Handigaun",2024-08-01,26.89,11.5,86.89,,10.8,16.7,16.0,48.7,28.7,2130.0,2024,Aug,72717
"Dabali, Handigaun",2024-08-02,26.24,7.09,83.47,,12.1,18.9,18.0,49.4,27.5,2340.0,2024,Aug,72717
"Dabali, Handigaun",2024-08-03,24.86,4.09,86.11,,9.73,14.8,14.3,45.9,28.6,1920.0,2024,Aug,72717
"Dabali, Handigaun",2024-08-04,25.25,1.39,86.32,,8.48,13.1,12.5,44.0,29.6,1740.0,2024,Aug,72717
"Dabali, Handigaun",2024-08-05,25.63,11.5,90.77,,13.6,22.5,21.0,49.1,27.9,2620.0,2024,Aug,72717
"Dabali, Handigaun",2024-08-06,25.22,40.94,90.81,,11.1,17.7,16.8,53.5,26.7,2180.0,2024,Aug,72717
"Dabali, Handigaun",2024-08-07,24.96,11.62,90.89,,11.4,18.1,17.2,52.4,27.2,2200.0,2024,Aug,72717
"Dabali, Handigaun",2024-08-08,25.3,7.16,90.72,,14.6,23.2,21.8,53.2,27.2,2790.0,2024,Aug,72717
"Dabali, Handigaun",2024-08-09,24.61,9.12,89.94,,14.2,23.4,21.6,52.4,27.1,2820.0,2024,Aug,72717
"Dabali, Handigaun",2024-08-10,25.1,8.5,86.27,,13.0,21.3,20.0,52.3,27.0,2490.0,2024,Aug,72717
"Dabali, Handigaun",2024-08-11,25.51,47.87,90.29,,14.1,23.7,21.9,54.1,27.0,2730.0,2024,Aug,72717
"Dabali, Handigaun",2024-08-12,25.56,3.64,92.0,,16.3,30.2,27.2,50.7,27.9,3160.0,2024,Aug,72717
"Dabali, Handigaun",2024-08-13,25.52,6.72,88.09,,16.2,29.1,26.2,52.6,27.6,3210.0,2024,Aug,72717
"Dabali, Handigaun",2024-08-14,25.63,26.34,90.5,,14.1,23.4,21.7,52.3,27.7,2720.0,2024,Aug,72717
"Dabali, Handigaun",2024-08-15,26.52,2.77,86.57,,8.98,14.1,13.5,45.8,28.3,1760.0,2024,Aug,72717
"Dabali, Handigaun",2024-08-16,26.22,5.19,83.78,,10.6,17.0,16.2,46.2,28.2,2050.0,2024,Aug,72717
"Dabali, Handigaun",2024-08-17,26.21,30.1,88.01,,13.0,21.0,19.8,49.9,27.8,2520.0,2024,Aug,72717
"Dabali, Handigaun",2024-08-18,26.14,5.76,81.19,,11.3,17.1,16.4,46.9,28.6,2190.0,2024,Aug,72717
"Dabali, Handigaun",2024-08-19,25.19,4.4,89.56,,9.22,14.4,13.7,53.3,26.8,1820.0,2024,Aug,72717
"Dabali, Handigaun",2024-08-20,25.01,1.34,84.73,,8.53,13.6,13.0,55.5,25.4,1690.0,2024,Aug,72717
"Dabali, Handigaun",2024-08-21,24.82,0.49,81.12,,15.5,25.0,23.3,59.6,24.7,2990.0,2024,Aug,72717
"Dabali, Handigaun",2024-08-22,25.64,4.8,81.48,,13.6,21.8,20.3,54.0,26.3,2650.0,2024,Aug,72717
"Dabali, Handigaun",2024-08-23,25.56,1.01,85.37,,15.5,25.0,23.2,55.4,26.4,3010.0,2024,Aug,72717
"Dabali, Handigaun",2024-08-24,25.58,0.04,88.01,,16.2,27.3,25.1,51.3,27.6,3150.0,2024,Aug,72717
"Dabali, Handigaun",2024-08-25,25.67,0.12,85.5,,13.3,21.8,19.9,50.1,27.8,2680.0,2024,Aug,72717
"Dabali, Handigaun",2024-08-26,25.02,3.48,89.62,,16.7,28.3,25.8,55.0,26.1,3240.0,2024,Aug,72717
"Dabali, Handigaun",2024-08-27,24.52,6.8,90.62,,15.5,25.8,23.6,51.7,26.8,3010.0,2024,Aug,72717
"Dabali, Handigaun",2024-08-28,25.57,0.76,86.82,,15.0,23.9,22.7,59.0,24.7,2780.0,2024,Aug,72717
"Dabali, Handigaun",2024-08-29,25.59,3.6,89.6,,14.5,23.5,21.8,54.4,26.5,2800.0,2024,Aug,72717
"Dabali, Handigaun",2024-08-30,26.59,1.1,85.98,,13.2,20.8,19.7,47.4,28.0,2510.0,2024,Aug,72717
"Dabali, Handigaun",2024-08-31,26.05,0.78,90.3,,17.6,29.5,27.0,50.6,28.4,3400.0,2024,Aug,72717
"Dabali, Handigaun",2024-09-01,24.76,0.29,88.78,,14.7,23.6,22.0,58.7,25.0,2870.0,2024,Sep,96302
"Dabali, Handigaun",2024-09-02,25.68,0.09,85.45,,14.8,23.8,22.0,49.8,27.5,2960.0,2024,Sep,96302
"Dabali, Handigaun",2024-09-03,25.28,2.73,90.28,,10.2,15.3,14.8,51.2,27.5,1960.0,2024,Sep,96302
"Dabali, Handigaun",2024-09-04,24.1,23.85,89.97,,12.3,19.7,18.7,51.8,26.7,2330.0,2024,Sep,96302
"Dabali, Handigaun",2024-09-05,25.48,8.5,84.04,,15.7,27.3,24.6,53.7,26.0,3110.0,2024,Sep,96302
"Dabali, Handigaun",2024-09-06,25.39,0.22,87.95,,7.4,12.3,11.7,59.1,24.3,1480.0,2024,Sep,96302
"Dabali, Handigaun",2024-09-07,25.67,0.25,87.59,,10.6,17.2,16.1,46.8,28.4,2110.0,2024,Sep,96302
"Dabali, Handigaun",2024-09-08,26.05,0.12,86.62,,12.4,19.5,18.6,45.3,28.7,2380.0,2024,Sep,96302
"Dabali, Handigaun",2024-09-09,25.95,0.08,87.59,,14.7,23.9,22.3,46.4,28.7,2840.0,2024,Sep,96302
"Dabali, Handigaun",2024-09-10,26.1,0.07,86.49,,18.8,31.7,29.3,47.0,28.9,3550.0,2024,Sep,96302
"Dabali, Handigaun",2024-09-11,25.3,1.67,92.28,,15.7,26.2,24.2,46.1,28.5,3000.0,2024,Sep,96302
"Dabali, Handigaun",2024-09-12,25.42,5.48,89.67,,13.7,21.9,20.8,46.4,27.8,2600.0,2024,Sep,96302
"Dabali, Handigaun",2024-09-13,25.07,3.6,90.76,,15.9,25.3,23.4,48.9,26.9,3070.0,2024,Sep,96302
"Dabali, Handigaun",2024-09-14,24.78,6.17,90.28,,17.4,28.2,25.9,51.4,26.0,3350.0,2024,Sep,96302
"Dabali, Handigaun",2024-09-15,24.52,5.09,87.93,,10.2,16.7,15.3,50.4,25.9,2060.0,2024,Sep,96302
"Dabali, Handigaun",2024-09-16,24.95,4.14,80.9,,12.1,18.9,17.8,51.5,25.9,2320.0,2024,Sep,96302
"Dabali, Handigaun",2024-09-17,24.75,0.12,79.87,,20.0,33.8,30.5,53.3,25.9,3910.0,2024,Sep,96302
"Dabali, Handigaun",2024-09-18,25.65,0.0,82.59,,20.3,35.6,31.8,48.3,28.1,3990.0,2024,Sep,96302
"Dabali, Handigaun",2024-09-19,25.93,0.04,86.5,,18.7,32.1,29.3,46.0,29.3,3630.0,2024,Sep,96302
"Dabali, Handigaun",2024-09-20,25.87,0.36,81.5,,21.5,37.1,33.1,52.8,27.1,4300.0,2024,Sep,96302
"Dabali, Handigaun",2024-09-21,26.47,1.54,79.45,,18.8,31.0,28.3,48.9,27.7,3660.0,2024,Sep,96302
"Dabali, Handigaun",2024-09-22,27.16,0.18,78.28,,22.9,39.1,34.4,45.7,28.4,4720.0,2024,Sep,96302
"Dabali, Handigaun",2024-09-23,27.63,0.09,76.06,,25.7,46.0,39.4,44.5,29.2,5510.0,2024,Sep,96302
"Dabali, Handigaun",2024-09-24,25.66,21.91,86.63,,24.7,45.4,38.7,49.2,27.5,5150.0,2024,Sep,96302
"Dabali, Handigaun",2024-09-25,23.64,50.28,93.14,,16.5,27.9,26.0,50.2,26.6,3080.0,2024,Sep,96302
"Dabali, Handigaun",2024-09-26,23.27,18.67,90.97,,13.6,24.5,21.7,52.3,25.7,2780.0,2024,Sep,96302
"Dabali, Handigaun",2024-09-27,21.78,101.06,91.18,,9.23,14.7,13.8,60.3,22.5,1820.0,2024,Sep,96302
"Dabali, Handigaun",2024-09-28,21.99,108.9,93.92,,17.8,29.2,26.8,61.1,22.0,3430.0,2024,Sep,96302
"Dabali, Handigaun",2024-09-29,23.99,0.72,91.11,,23.2,43.6,37.2,52.7,25.0,5170.0,2024,Sep,96302
"Dabali, Handigaun",2024-09-30,23.86,0.01,93.66,,16.5,28.7,25.6,51.9,26.1,3310.0,2024,Sep,96302
"Dabali, Handigaun",2024-10-01,24.4,0.27,93.06,,15.3,25.5,23.1,50.1,27.5,3080.0,2024,Oct,124391
"Dabali, Handigaun",2024-10-02,24.28,0.85,91.44,,23.2,48.3,40.9,49.1,28.2,5060.0,2024,Oct,124391
"Dabali, Handigaun",2024-10-03,24.39,4.64,90.76,,17.4,32.0,28.9,47.7,28.0,3340.0,2024,Oct,124391
"Dabali, Handigaun",2024-10-04,24.28,3.11,88.82,,17.7,40.4,34.1,46.9,27.6,3830.0,2024,Oct,124391
"Dabali, Handigaun",2024-10-05,23.7,0.88,91.55,,15.6,27.5,25.4,50.2,26.0,3090.0,2024,Oct,124391
"Dabali, Handigaun",2024-10-06,24.27,1.76,88.63,,18.7,34.8,30.5,47.6,26.6,3930.0,2024,Oct,124391
"Dabali, Handigaun",2024-10-07,23.37,0.62,88.34,,20.8,40.0,35.0,47.3,26.5,4240.0,2024,Oct,124391
"Dabali, Handigaun",2024-10-08,23.63,0.19,85.12,,19.9,39.3,34.8,47.9,25.8,4040.0,2024,Oct,124391
"Dabali, Handigaun",2024-10-09,23.88,0.88,84.08,,20.1,38.9,33.8,45.3,26.1,4130.0,2024,Oct,124391
"Dabali, Handigaun",2024-10-10,22.62,0.03,90.13,,22.9,44.4,37.7,42.8,26.7,4670.0,2024,Oct,124391
"Dabali, Handigaun",2024-10-11,22.96,0.0,89.53,,26.3,53.5,44.2,44.2,25.6,5690.0,2024,Oct,124391
"Dabali, Handigaun",2024-10-12,22.17,0.0,89.0,,23.0,46.2,38.8,40.0,26.2,4730.0,2024,Oct,124391
"Dabali, Handigaun",2024-10-13,21.88,0.0,88.56,,23.9,47.9,40.1,41.8,26.0,4870.0,2024,Oct,124391
"Dabali, Handigaun",2024-10-14,21.55,0.0,90.5,,26.2,52.8,43.6,41.8,26.3,5600.0,2024,Oct,124391
"Dabali, Handigaun",2024-10-15,21.34,0.0,88.33,,29.5,60.0,49.5,43.0,25.5,6810.0,2024,Oct,124391
"Dabali, Handigaun",2024-10-16,21.52,3.0,77.85,,30.6,63.7,51.5,49.8,22.3,7160.0,2024,Oct,124391
"Dabali, Handigaun",2024-10-17,21.77,1.95,74.14,,42.1,86.7,78.4,50.7,23.3,10800.0,2024,Oct,124391
"Dabali, Handigaun",2024-10-18,21.83,0.36,81.89,,35.9,75.3,65.9,44.5,25.0,9100.0,2024,Oct,124391
"Dabali, Handigaun",2024-10-19,21.31,2.22,86.2,,35.4,74.3,64.1,41.7,25.0,8680.0,2024,Oct,124391
"Dabali, Handigaun",2024-10-20,21.61,10.96,84.59,,31.7,67.5,56.0,41.7,25.0,7630.0,2024,Oct,124391
"Dabali, Handigaun",2024-10-21,21.55,0.19,86.08,,30.3,63.6,52.3,42.0,24.4,7040.0,2024,Oct,124391
"Dabali, Handigaun",2024-10-22,22.64,0.0,77.49,,27.5,56.1,46.8,37.3,25.7,6170.0,2024,Oct,124391
"Dabali, Handigaun",2024-10-25,21.48,0.13,85.49,,27.6,53.8,44.7,46.2,25.3,6060.0,2024,Oct,124391
"Dabali, Handigaun",2024-10-26,22.04,0.0,83.68,,27.4,53.6,44.6,47.7,23.9,5990.0,2024,Oct,124391
"Dabali, Handigaun",2024-10-27,22.24,0.0,86.38,,28.1,53.7,45.3,45.3,25.7,6240.0,2024,Oct,124391
"Dabali, Handigaun",2024-10-28,22.37,0.0,86.97,,24.8,47.0,39.6,46.9,25.4,5180.0,2024,Oct,124391
"Dabali, Handigaun",2024-10-29,22.19,0.0,85.03,,20.9,38.7,33.3,43.6,25.6,4320.0,2024,Oct,124391
"Dabali, Handigaun",2024-10-30,21.79,0.0,88.59,,25.1,48.4,41.5,42.9,25.1,5550.0,2024,Oct,124391
"Dabali, Handigaun",2024-10-31,21.69,0.0,90.28,,33.0,66.7,57.0,43.6,25.2,7850.0,2024,Oct,124391
"Dabali, Handigaun",2024-11-01,21.71,0.0,84.94,,35.5,73.3,63.0,43.5,25.5,8800.0,2024,Nov,114496
"Dabali, Handigaun",2024-11-02,21.44,0.0,78.33,,40.2,84.7,75.9,44.3,25.5,10500.0,2024,Nov,114496
"Dabali, Handigaun",2024-11-03,21.31,0.01,83.96,,41.1,84.0,73.9,48.0,24.7,10400.0,2024,Nov,114496
"Dabali, Handigaun",2024-11-04,20.24,0.13,88.12,,24.6,50.4,42.2,49.9,22.5,5480.0,2024,Nov,114496
"Dabali, Handigaun",2024-11-05,20.54,0.0,77.52,,18.9,34.5,30.0,42.3,23.3,3970.0,2024,Nov,114496
"Dabali, Handigaun",2024-11-06,20.3,0.0,83.91,,22.7,43.0,36.7,41.8,23.4,4720.0,2024,Nov,114496
"Dabali, Handigaun",2024-11-07,20.55,0.0,80.55,,30.2,56.6,48.6,37.8,25.0,6910.0,2024,Nov,114496
"Dabali, Handigaun",2024-11-08,20.67,0.05,80.25,,33.0,63.9,53.1,44.3,23.0,7950.0,2024,Nov,114496
"Dabali, Handigaun",2024-11-09,20.33,0.0,80.98,,30.5,60.4,50.3,42.1,23.7,7110.0,2024,Nov,114496
"Dabali, Handigaun",2024-11-10,20.17,0.0,85.83,,32.2,64.2,53.5,42.0,23.5,7780.0,2024,Nov,114496
"Dabali, Handigaun",2024-11-11,19.78,0.03,85.6,,30.9,61.3,51.3,42.6,23.1,7290.0,2024,Nov,114496
"Dabali, Handigaun",2024-11-12,19.78,0.12,85.29,,32.7,66.8,56.7,41.6,23.0,7900.0,2024,Nov,114496
"Dabali, Handigaun",2024-11-13,19.23,0.0,86.11,,33.9,72.3,61.5,39.2,22.4,8160.0,2024,Nov,114496
"Dabali, Handigaun",2024-11-14,19.38,0.0,78.89,,44.3,97.6,87.2,47.9,21.1,11600.0,2024,Nov,114496
"Dabali, Handigaun",2024-11-18,18.08,0.0,79.46,,34.5,70.1,58.4,45.1,19.8,8430.0,2024,Nov,114496
"Dabali, Handigaun",2024-11-19,18.0,0.0,79.56,,33.2,66.7,56.0,41.2,21.1,7940.0,2024,Nov,114496
"Dabali, Handigaun",2024-11-20,17.72,0.0,73.49,,30.4,59.6,50.3,40.7,21.0,7100.0,2024,Nov,114496
"Dabali, Handigaun",2024-11-21,16.96,0.0,74.19,,30.4,60.2,49.5,40.5,20.8,7080.0,2024,Nov,114496
"Dabali, Handigaun",2024-11-22,16.21,0.0,71.94,,33.9,65.4,55.3,48.1,17.7,8100.0,2024,Nov,114496
"Dabali, Handigaun",2024-11-23,16.05,0.0,69.25,,32.6,62.6,52.9,42.5,20.0,7590.0,2024,Nov,114496
"Dabali, Handigaun",2024-11-24,16.25,0.0,73.82,,32.5,62.1,53.1,43.5,19.3,7800.0,2024,Nov,114496
"Dabali, Handigaun",2024-11-25,16.21,0.0,76.7,,35.6,70.5,61.4,40.7,20.0,8540.0,2024,Nov,114496
"Dabali, Handigaun",2024-11-26,16.43,0.0,77.54,,50.0,105.0,93.6,41.0,20.2,12600.0,2024,Nov,114496
"Dabali, Handigaun",2024-11-27,16.29,0.0,80.56,,47.9,104.0,91.5,41.3,19.6,12300.0,2024,Nov,114496
"Dabali, Handigaun",2024-11-28,16.52,0.0,80.51,,41.3,86.1,75.4,40.1,19.3,10400.0,2024,Nov,114496
"Dabali, Handigaun",2024-11-29,17.2,0.0,78.97,,45.7,87.8,78.4,41.5,19.1,11400.0,2024,Nov,114496
"Dabali, Handigaun",2024-11-30,17.05,0.0,77.6,,58.7,104.0,95.1,41.8,19.0,14400.0,2024,Nov,114496
"Dabali, Handigaun",2024-12-01,16.69,0.0,75.33,,41.3,76.8,68.1,41.7,19.2,10200.0,2024,Dec,92033
"Dabali, Handigaun",2024-12-02,16.37,0.0,71.65,,45.3,83.4,74.8,44.1,18.7,11300.0,2024,Dec,92033
"Dabali, Handigaun",2024-12-03,16.53,0.0,65.54,,37.4,69.7,60.7,41.1,18.8,9170.0,2024,Dec,92033
"Dabali, Handigaun",2024-12-04,16.24,0.0,64.67,,38.0,70.3,61.3,38.6,18.7,9040.0,2024,Dec,92033
"Dabali, Handigaun",2024-12-05,15.15,0.0,69.94,,42.6,81.9,71.4,41.4,18.3,10600.0,2024,Dec,92033
"Dabali, Handigaun",2024-12-06,13.87,0.0,66.74,,44.7,90.2,79.8,42.7,19.0,11400.0,2024,Dec,92033
"Dabali, Handigaun",2024-12-07,14.36,0.0,67.37,,49.4,103.0,92.0,42.2,19.4,12700.0,2024,Dec,92033
"Dabali, Handigaun",2024-12-08,14.73,0.0,63.29,,46.8,101.0,89.2,41.3,19.2,12100.0,2024,Dec,92033
"Dabali, Handigaun",2024-12-09,13.7,0.0,74.83,,48.8,104.0,92.6,43.7,17.7,12500.0,2024,Dec,92033
"Dabali, Handigaun",2024-12-10,12.67,0.0,65.43,,41.6,85.4,75.1,38.8,17.3,10400.0,2024,Dec,92033
"Dabali, Handigaun",2024-12-11,13.06,0.0,61.81,,52.1,100.0,89.7,38.3,17.1,12900.0,2024,Dec,92033
"Dabali, Handigaun",2024-12-12,13.51,0.0,57.83,,59.9,110.0,100.0,36.2,18.7,14700.0,2024,Dec,92033
"Dabali, Handigaun",2024-12-13,13.06,0.0,55.28,,54.5,97.0,89.0,34.4,16.6,13100.0,2024,Dec,92033
"Dabali, Handigaun",2024-12-14,13.15,0.0,52.9,,51.1,92.7,82.7,34.2,16.4,12300.0,2024,Dec,92033
"Dabali, Handigaun",2024-12-15,14.16,0.0,56.6,,59.0,109.0,99.2,39.5,17.5,14400.0,2024,Dec,92033
"Dabali, Handigaun",2024-12-16,15.74,0.0,61.47,,64.9,118.0,108.0,38.6,18.1,15700.0,2024,Dec,92033
"Dabali, Handigaun",2024-12-17,15.72,0.0,65.82,,55.7,98.2,90.4,37.1,18.1,13500.0,2024,Dec,92033
"Dabali, Handigaun",2024-12-18,15.66,0.0,63.72,,57.2,101.0,93.1,39.3,17.6,13900.0,2024,Dec,92033
"Dabali, Handigaun",2024-12-19,15.91,0.0,65.44,,53.0,95.0,85.8,40.9,17.2,12800.0,2024,Dec,92033
"Dabali, Handigaun",2024-12-20,15.45,0.0,64.28,,57.9,104.0,94.7,40.5,17.4,14100.0,2024,Dec,92033
"Dabali, Handigaun",2024-12-21,15.28,0.0,60.49,,55.3,99.2,90.7,38.7,17.2,13300.0,2024,Dec,92033
"Dabali, Handigaun",2024-12-22,15.24,0.0,60.06,,52.9,96.5,87.0,40.8,17.1,12900.0,2024,Dec,92033
"Dabali, Handigaun",2024-12-23,14.92,0.0,62.23,,61.0,112.0,102.0,41.0,16.8,14800.0,2024,Dec,92033
"Dabali, Handigaun",2024-12-24,15.38,0.0,65.23,,62.3,115.0,105.0,40.7,16.9,15300.0,2024,Dec,92033
"Dabali, Handigaun",2024-12-25,15.65,0.0,71.13,,62.0,113.0,104.0,38.7,18.2,15200.0,2024,Dec,92033
"Dabali, Handigaun",2024-12-26,15.82,0.0,67.57,,53.0,97.4,88.3,37.3,17.5,12800.0,2024,Dec,92033
"Dabali, Handigaun",2024-12-27,16.34,0.0,62.15,,51.7,94.5,85.6,38.4,17.4,12700.0,2024,Dec,92033
"Dabali, Handigaun",2024-12-28,15.02,0.0,68.01,,84.3,155.0,142.0,42.2,17.1,20700.0,2024,Dec,92033
"Dabali, Handigaun",2024-12-29,16.11,0.0,66.37,,74.5,138.0,126.0,39.2,18.2,17900.0,2024,Dec,92033
"Dabali, Handigaun",2024-12-30,14.99,0.0,78.68,,52.4,95.9,85.9,38.5,17.8,12700.0,2024,Dec,92033
"Dabali, Handigaun",2024-12-31,14.18,0.0,75.3,,51.4,94.9,85.4,40.9,17.5,12500.0,2024,Dec,92033
"Dabali, Handigaun",2025-01-01,13.41,0.0,65.87,,58.7,106.0,96.7,40.9,17.9,14400.0,2025,Jan,79990
"Dabali, Handigaun",2025-01-02,13.8,0.0,55.87,,54.8,99.8,90.4,40.9,18.0,13400.0,2025,Jan,79990
"Dabali, Handigaun",2025-01-03,14.25,0.0,55.53,,58.1,105.0,95.7,40.8,18.1,14300.0,2025,Jan,79990
"Dabali, Handigaun",2025-01-04,14.43,0.0,57.47,,56.2,101.0,92.1,41.4,18.5,13900.0,2025,Jan,79990
"Dabali, Handigaun",2025-01-05,14.78,0.0,61.6,,75.8,138.0,127.0,43.6,18.0,18800.0,2025,Jan,79990
"Dabali, Handigaun",2025-01-06,16.32,0.0,68.51,,72.6,133.0,121.0,41.8,19.0,17900.0,2025,Jan,79990
"Dabali, Handigaun",2025-01-07,14.58,0.37,73.63,,39.8,76.5,67.0,42.9,17.9,9760.0,2025,Jan,79990
"Dabali, Handigaun",2025-01-08,11.49,0.06,71.76,,39.4,76.2,66.7,42.8,17.3,9890.0,2025,Jan,79990
"Dabali, Handigaun",2025-01-09,12.12,0.0,57.94,,45.1,83.8,74.5,42.9,16.7,11000.0,2025,Jan,79990
"Dabali, Handigaun",2025-01-10,13.35,0.0,55.57,,50.9,95.5,85.0,39.3,17.2,12500.0,2025,Jan,79990
"Dabali, Handigaun",2025-01-11,14.62,0.0,58.33,,55.3,102.0,93.0,39.2,16.7,13500.0,2025,Jan,79990
"Dabali, Handigaun",2025-01-12,15.11,0.0,64.37,,57.4,107.0,97.8,48.9,13.4,13700.0,2025,Jan,79990
"Dabali, Handigaun",2025-01-13,15.01,0.0,65.83,,59.0,106.0,97.8,42.9,15.8,14700.0,2025,Jan,79990
"Dabali, Handigaun",2025-01-14,14.75,0.0,64.32,,50.1,94.1,84.8,47.1,14.1,12300.0,2025,Jan,79990
"Dabali, Handigaun",2025-03-02,18.69,0.53,48.86,,10.7,,16.7,31.0,21.3,2170.0,2025,Mar,121632
"Dabali, Handigaun",2025-03-03,19.14,0.0,37.99,,11.0,,17.0,34.3,20.3,2190.0,2025,Mar,121632
"Dabali, Handigaun",2025-03-04,19.7,0.0,36.33,,12.8,,19.7,44.6,16.4,2410.0,2025,Mar,121632
"Dabali, Handigaun",2025-05-23,25.32,1.04,69.37,,19.7,,32.0,49.9,27.3,3780.0,2025,May,86216
"Dabali, Handigaun",2025-05-24,25.08,13.13,74.68,,21.3,,34.7,57.3,24.4,4190.0,2025,May,86216
"Dabali, Handigaun",2025-05-25,27.1,0.92,61.59,,16.5,,27.1,39.9,29.1,3270.0,2025,May,86216
"Dabali, Handigaun",2025-05-26,26.04,1.79,70.03,,14.4,,23.4,49.6,26.7,2870.0,2025,May,86216
"Dabali, Handigaun",2025-05-27,26.44,1.72,70.05,,5.12,,7.89,51.4,25.8,1130.0,2025,May,86216
"Dabali, Handigaun",2025-05-28,28.4,3.18,62.68,,12.6,,18.3,47.8,27.9,2410.0,2025,May,86216
"Dabali, Handigaun",2025-05-29,28.33,13.87,69.42,,9.45,,14.2,59.8,24.0,1890.0,2025,May,86216
"Dabali, Handigaun",2025-05-30,27.45,8.48,72.43,,8.43,,12.5,53.3,26.3,1710.0,2025,May,86216
"Dabali, Handigaun",2025-05-31,28.2,8.82,63.69,,17.1,,27.5,48.8,27.6,3360.0,2025,May,86216
"Dabali, Handigaun",2025-06-01,28.76,8.78,53.42,,22.0,,36.2,57.7,23.6,4440.0,2025,Jun,76425
"Dabali, Handigaun",2025-06-02,28.45,0.67,47.96,,22.0,,34.8,32.2,31.2,4490.0,2025,Jun,76425
"Dabali, Handigaun",2025-06-03,28.08,2.61,50.94,,22.9,,36.7,47.2,24.4,4760.0,2025,Jun,76425
"Dabali, Handigaun",2025-06-04,24.42,6.06,68.01,,19.0,,30.3,51.7,23.7,3740.0,2025,Jun,76425
"Dabali, Handigaun",2025-06-05,25.85,0.5,62.04,,19.8,,31.5,47.4,25.6,4040.0,2025,Jun,76425
"Dabali, Handigaun",2025-06-06,26.22,4.84,59.05,,19.1,,30.2,51.6,23.5,3770.0,2025,Jun,76425
"Dabali, Handigaun",2025-06-07,27.25,1.35,54.36,,22.1,,35.1,44.9,26.1,4630.0,2025,Jun,76425
"Dabali, Handigaun",2025-06-08,27.96,0.02,50.95,,21.2,,33.6,45.2,27.4,4260.0,2025,Jun,76425
"Dabali, Handigaun",2025-06-09,29.44,0.03,50.51,,27.0,,43.8,50.3,27.1,6050.0,2025,Jun,76425
"Dabali, Handigaun",2025-06-27,26.8,5.38,80.64,,6.93,,10.3,56.3,26.3,1420.0,2025,Jun,76425
"Dabali, Handigaun",2025-06-28,26.81,2.1,79.04,,9.2,,14.2,57.7,26.5,1860.0,2025,Jun,76425
"Dabali, Handigaun",2025-06-29,26.16,10.59,84.11,,12.2,,18.7,61.0,25.7,2430.0,2025,Jun,76425
"Dabali, Handigaun",2025-06-30,27.11,3.67,78.27,,10.5,,15.7,56.6,26.8,2060.0,2025,Jun,76425
"Dabali, Handigaun",2025-07-01,26.82,4.36,81.15,,11.9,,17.7,58.8,26.4,2350.0,2025,Jul,70193
"Dabali, Handigaun",2025-07-02,26.47,8.49,82.72,,12.4,,18.4,56.9,27.1,2460.0,2025,Jul,70193
"Dabali, Handigaun",2025-07-03,26.62,4.37,81.36,,7.93,,11.5,56.7,26.9,1680.0,2025,Jul,70193
"Dabali, Handigaun",2025-07-04,25.86,7.27,84.49,,6.44,,9.11,59.7,26.1,1360.0,2025,Jul,70193
"Dabali, Handigaun",2025-07-05,26.6,5.11,81.33,,9.58,,14.0,59.3,25.9,1960.0,2025,Jul,70193
"Dabali, Handigaun",2025-07-06,26.76,3.33,78.54,,7.38,,10.7,57.8,26.5,1510.0,2025,Jul,70193
"Dabali, Handigaun",2025-07-07,27.19,8.51,78.56,,7.55,,11.0,55.2,26.6,1560.0,2025,Jul,70193
"Dabali, Handigaun",2025-07-08,26.8,22.61,79.99,,10.6,,15.1,55.9,27.1,2050.0,2025,Jul,70193
"Dabali, Handigaun",2025-07-09,25.04,24.47,87.53,,4.45,,6.42,55.5,26.0,1010.0,2025,Jul,70193
"Dabali, Handigaun",2025-07-10,25.44,7.84,83.9,,11.7,,17.1,56.1,26.7,2350.0,2025,Jul,70193
"Dabali, Handigaun",2025-07-11,26.34,2.03,80.9,,10.7,,15.9,55.6,27.3,2100.0,2025,Jul,70193
"Dabali, Handigaun",2025-07-12,26.55,3.36,81.56,,14.1,,21.3,56.2,27.9,2770.0,2025,Jul,70193
"Dabali, Handigaun",2025-07-13,26.58,6.32,81.27,,14.5,,22.0,56.1,27.4,2780.0,2025,Jul,70193
"Dabali, Handigaun",2025-07-14,25.85,15.74,80.33,,12.3,,18.4,56.4,26.6,2470.0,2025,Jul,70193
"Dabali, Handigaun",2025-07-15,25.53,11.17,84.74,,8.39,,12.3,58.7,25.8,1730.0,2025,Jul,70193
"Dabali, Handigaun",2025-07-16,25.29,4.59,80.16,,9.42,,14.2,50.9,27.8,1940.0,2025,Jul,70193
"Dabali, Handigaun",2025-07-17,25.13,2.18,83.56,,10.8,,16.7,51.6,27.6,2150.0,2025,Jul,70193
"Dabali, Handigaun",2025-07-18,26.55,1.97,81.32,,14.3,,22.9,52.3,28.1,2780.0,2025,Jul,70193
"Dabali, Handigaun",2025-07-19,26.93,1.61,81.51,,14.7,,24.8,52.0,28.6,2800.0,2025,Jul,70193
"Dabali, Handigaun",2025-07-20,24.97,14.69,89.61,,14.0,,23.0,59.3,25.9,2710.0,2025,Jul,70193
"Dabali, Handigaun",2025-07-21,26.32,1.77,83.99,,14.9,,23.2,53.9,27.4,3020.0,2025,Jul,70193
"Dabali, Handigaun",2025-07-22,27.18,8.91,77.03,,11.2,,17.0,52.8,27.8,2220.0,2025,Jul,70193
"Dabali, Handigaun",2025-07-23,28.07,3.66,74.01,,13.4,,20.8,53.0,28.0,2650.0,2025,Jul,70193
"Dabali, Handigaun",2025-07-24,26.78,3.74,84.89,,17.0,,25.6,53.1,28.8,3330.0,2025,Jul,70193
"Dabali, Handigaun",2025-07-25,27.66,0.65,80.61,,14.2,,21.4,54.9,28.2,2890.0,2025,Jul,70193
"Dabali, Handigaun",2025-07-26,26.58,2.59,82.98,,12.4,,18.6,56.1,27.6,2470.0,2025,Jul,70193
"Dabali, Handigaun",2025-07-27,26.49,16.28,83.24,,12.1,,17.5,54.9,27.8,2420.0,2025,Jul,70193
"Dabali, Handigaun",2025-07-28,25.97,19.34,88.5,,15.3,,22.8,63.8,25.3,3140.0,2025,Jul,70193
"Dabali, Handigaun",2025-07-29,25.9,2.78,84.51,,9.34,,13.3,59.7,26.3,1910.0,2025,Jul,70193
"Dabali, Handigaun",2025-07-30,25.97,2.69,86.12,,12.5,,18.5,57.0,27.3,2450.0,2025,Jul,70193
"Dabali, Handigaun",2025-07-31,25.51,3.32,84.85,,7.72,,11.9,58.5,26.3,1600.0,2025,Jul,70193
"Dabali, Handigaun",2025-08-01,26.24,4.46,83.83,,10.4,,15.8,56.6,27.0,2080.0,2025,Aug,88681
"Dabali, Handigaun",2025-08-02,25.75,14.34,89.79,,11.1,,16.9,59.1,26.4,2190.0,2025,Aug,88681
"Dabali, Handigaun",2025-08-03,24.82,37.6,93.14,,9.66,,14.6,60.2,26.1,2000.0,2025,Aug,88681
"Dabali, Handigaun",2025-08-04,24.86,26.63,93.09,,10.4,,16.0,58.0,26.2,2090.0,2025,Aug,88681
"Dabali, Handigaun",2025-08-05,24.32,13.85,92.32,,11.2,,16.7,61.5,24.8,2260.0,2025,Aug,88681
"Dabali, Handigaun",2025-08-06,24.99,0.53,89.51,,14.7,,23.2,56.1,26.6,2990.0,2025,Aug,88681
"Dabali, Handigaun",2025-08-07,25.44,4.54,90.46,,16.3,,25.6,55.8,27.7,3250.0,2025,Aug,88681
"Dabali, Handigaun",2025-08-08,25.05,13.83,91.44,,11.1,,17.1,57.7,27.1,2310.0,2025,Aug,88681
"Dabali, Handigaun",2025-08-09,24.76,8.18,89.81,,13.0,,20.7,59.0,26.3,2540.0,2025,Aug,88681
"Dabali, Handigaun",2025-08-10,24.88,5.45,91.62,,12.4,,20.7,58.2,26.5,2450.0,2025,Aug,88681
"Dabali, Handigaun",2025-08-11,25.15,16.79,91.64,,11.8,,19.4,61.0,25.5,2360.0,2025,Aug,88681
"Dabali, Handigaun",2025-08-12,26.07,11.7,91.69,,10.6,,16.7,57.4,26.9,2110.0,2025,Aug,88681
"Dabali, Handigaun",2025-08-13,24.98,24.41,95.0,,10.8,,16.8,61.2,25.8,2160.0,2025,Aug,88681
"Dabali, Handigaun",2025-08-14,24.4,3.74,87.48,,11.2,,18.0,61.3,24.9,2280.0,2025,Aug,88681
"Dabali, Handigaun",2025-08-15,24.85,0.71,87.62,,9.88,,15.0,60.3,25.3,1980.0,2025,Aug,88681
"Dabali, Handigaun",2025-08-16,25.79,3.86,86.06,,13.5,,20.2,61.1,26.0,2770.0,2025,Aug,88681
"Dabali, Handigaun",2025-08-17,26.08,3.55,87.15,,14.2,,21.2,57.4,26.9,2840.0,2025,Aug,88681
"Dabali, Handigaun",2025-08-18,26.01,7.06,83.24,,13.5,,20.2,56.8,26.6,2660.0,2025,Aug,88681
"Dabali, Handigaun",2025-08-19,25.67,1.87,85.85,,11.7,,17.4,57.1,26.6,2290.0,2025,Aug,88681
"Dabali, Handigaun",2025-08-20,24.91,2.87,89.16,,11.9,,18.2,64.7,24.9,2300.0,2025,Aug,88681
"Dabali, Handigaun",2025-08-21,24.84,21.02,89.71,,11.4,,16.6,56.9,26.6,2280.0,2025,Aug,88681
"Dabali, Handigaun",2025-08-22,24.99,10.54,89.34,,7.82,,11.1,59.5,26.3,1600.0,2025,Aug,88681
"Dabali, Handigaun",2025-08-23,25.29,4.81,86.29,,6.11,,8.76,58.0,25.9,1310.0,2025,Aug,88681
"Dabali, Handigaun",2025-08-24,24.66,0.69,90.17,,9.73,,14.3,52.7,28.2,1940.0,2025,Aug,88681
"Dabali, Handigaun",2025-08-25,24.96,0.24,86.85,,11.7,,17.4,54.8,27.1,2320.0,2025,Aug,88681
"Dabali, Handigaun",2025-08-26,25.11,0.27,88.48,,12.7,,19.3,57.9,26.2,2490.0,2025,Aug,88681
"Dabali, Handigaun",2025-08-27,23.81,24.13,94.49,,16.3,,25.1,58.9,26.0,3300.0,2025,Aug,88681
"Dabali, Handigaun",2025-08-28,24.59,16.25,87.29,,11.4,,16.9,60.2,25.3,2250.0,2025,Aug,88681
"Dabali, Handigaun",2025-08-29,24.02,9.19,92.35,,11.5,,16.9,59.9,25.3,2280.0,2025,Aug,88681
"Dabali, Handigaun",2025-08-30,24.23,9.21,90.1,,10.8,,15.9,58.3,25.8,2150.0,2025,Aug,88681
"Dabali, Handigaun",2025-08-31,24.64,10.53,88.13,,12.1,,18.7,58.1,25.8,2360.0,2025,Aug,88681
"Dabali, Handigaun",2025-09-01,25.13,1.32,89.42,,15.8,,24.6,53.0,27.3,3120.0,2025,Sep,79981
"Dabali, Handigaun",2025-09-02,26.13,0.72,82.86,,14.9,,22.4,53.9,26.8,3140.0,2025,Sep,79981
"Dabali, Handigaun",2025-09-03,25.49,0.27,83.25,,14.3,,20.9,54.8,26.7,2960.0,2025,Sep,79981
"Dabali, Handigaun",2025-09-04,24.58,2.25,88.57,,13.7,,20.2,56.8,26.6,2670.0,2025,Sep,79981
"Dabali, Handigaun",2025-09-05,24.87,2.98,87.41,,14.4,,21.2,55.7,26.8,2850.0,2025,Sep,79981
"Dabali, Handigaun",2025-09-06,24.52,21.56,91.62,,13.4,,20.4,59.1,25.7,2640.0,2025,Sep,79981
"Dabali, Handigaun",2025-09-07,24.97,11.06,88.31,,15.7,,25.3,57.2,26.3,3120.0,2025,Sep,79981
"Dabali, Handigaun",2025-09-08,24.93,2.48,90.82,,19.8,,32.8,54.5,26.5,3990.0,2025,Sep,79981
"Dabali, Handigaun",2025-09-09,24.76,7.57,94.22,,20.2,,34.0,55.6,26.8,3970.0,2025,Sep,79981
"Dabali, Handigaun",2025-09-10,24.79,19.47,93.67,,27.5,,46.9,57.6,26.6,6420.0,2025,Sep,79981
"Dabali, Handigaun",2025-09-11,24.74,14.76,89.66,,15.4,,24.0,62.7,24.8,3160.0,2025,Sep,79981
"Dabali, Handigaun",2025-09-12,24.56,13.07,91.73,,18.4,,27.9,57.6,26.4,3690.0,2025,Sep,79981
"Dabali, Handigaun",2025-09-13,24.17,9.27,93.82,,12.7,,19.4,58.9,25.9,2540.0,2025,Sep,79981
"Dabali, Handigaun",2025-09-14,24.8,19.78,91.67,,17.8,,28.1,59.1,25.4,3600.0,2025,Sep,79981
"Dabali, Handigaun",2025-09-15,22.94,22.9,93.34,,11.5,,17.3,60.5,25.3,2320.0,2025,Sep,79981
"Dabali, Handigaun",2025-09-16,23.51,8.99,91.37,,13.8,,20.5,65.7,23.7,2850.0,2025,Sep,79981
"Dabali, Handigaun",2025-09-17,23.59,5.99,91.47,,11.4,,17.4,62.5,24.5,2260.0,2025,Sep,79981
"Dabali, Handigaun",2025-09-18,22.86,10.52,93.05,,11.3,,17.3,61.6,24.8,2310.0,2025,Sep,79981
"Dabali, Handigaun",2025-09-19,23.67,42.01,88.04,,13.4,,20.7,63.1,23.8,2670.0,2025,Sep,79981
"Dabali, Handigaun",2025-09-20,23.51,1.38,90.85,,16.0,,25.2,57.1,25.4,3270.0,2025,Sep,79981
"Dabali, Handigaun",2025-09-21,23.82,0.14,90.77,,12.0,,18.5,57.0,25.8,2380.0,2025,Sep,79981
"Dabali, Handigaun",2025-09-22,24.6,0.19,88.89,,17.4,,27.2,54.1,27.5,3480.0,2025,Sep,79981
"Dabali, Handigaun",2025-09-23,25.09,0.09,85.9,,14.3,,22.4,55.9,26.7,2870.0,2025,Sep,79981
"Dabali, Handigaun",2025-09-24,24.88,0.09,88.24,,16.1,,25.0,59.2,25.8,3210.0,2025,Sep,79981
"Dabali, Handigaun",2025-09-25,24.58,0.02,88.81,,16.3,,24.7,55.1,25.7,3320.0,2025,Sep,79981
"Dabali, Handigaun",2025-09-26,25.87,0.06,82.34,,18.0,,26.5,55.1,26.8,3720.0,2025,Sep,79981
"Dabali, Handigaun",2025-09-27,25.09,0.15,88.37,,12.5,,18.1,54.8,26.1,2580.0,2025,Sep,79981
"Dabali, Handigaun",2025-09-28,24.2,0.6,88.65,,16.3,,24.5,57.1,25.9,3190.0,2025,Sep,79981
"Dabali, Handigaun",2025-09-29,24.16,0.73,86.36,,18.8,,29.1,57.7,25.5,3820.0,2025,Sep,79981
"Dabali, Handigaun",2025-09-30,24.62,6.82,82.38,,18.8,,28.6,54.3,26.2,3990.0,2025,Sep,79981
"Dabali, Handigaun",2025-10-01,24.56,18.0,85.69,,10.7,,16.0,56.4,24.5,2160.0,2025,Oct,128443
"Dabali, Handigaun",2025-10-02,22.8,23.75,93.94,,12.6,,19.4,64.5,22.5,2520.0,2025,Oct,128443
"Dabali, Handigaun",2025-10-03,22.87,49.6,86.44,,19.3,,29.1,60.9,23.9,3960.0,2025,Oct,128443
"Dabali, Handigaun",2025-10-04,21.95,84.69,93.09,,6.98,,10.1,69.7,20.3,1490.0,2025,Oct,128443
"Dabali, Handigaun",2025-10-05,23.25,3.55,91.16,,5.56,,7.96,60.4,23.2,1230.0,2025,Oct,128443
"Dabali, Handigaun",2025-10-06,22.6,0.29,89.37,,8.2,,13.0,58.8,23.9,1700.0,2025,Oct,128443
"Dabali, Handigaun",2025-10-07,22.49,0.06,90.86,,14.9,,23.7,60.7,23.3,2940.0,2025,Oct,128443
"Dabali, Handigaun",2025-10-08,22.99,0.35,87.26,,17.5,,27.7,57.8,24.0,3460.0,2025,Oct,128443
"Dabali, Handigaun",2025-10-09,22.99,0.27,85.8,,16.4,,26.0,55.4,23.8,3330.0,2025,Oct,128443
"Dabali, Handigaun",2025-10-10,22.33,0.0,81.69,,17.0,,26.6,53.2,23.4,3430.0,2025,Oct,128443
"Dabali, Handigaun",2025-10-11,21.83,0.0,84.99,,20.9,,33.0,51.1,22.4,4550.0,2025,Oct,128443
"Dabali, Handigaun",2025-10-12,21.52,0.0,84.48,,23.9,,38.9,50.8,22.3,5160.0,2025,Oct,128443
"Dabali, Handigaun",2025-10-13,20.7,0.0,81.37,,23.2,,37.6,48.3,21.8,4990.0,2025,Oct,128443
"Dabali, Handigaun",2025-10-14,21.33,0.0,75.08,,27.6,,44.5,48.3,22.3,6200.0,2025,Oct,128443
"Dabali, Handigaun",2025-10-15,21.74,0.0,81.07,,27.5,,44.3,49.5,22.4,6280.0,2025,Oct,128443
"Dabali, Handigaun",2025-10-16,22.3,0.0,81.31,,27.5,,43.3,50.2,22.4,6200.0,2025,Oct,128443
"Dabali, Handigaun",2025-10-17,22.6,0.0,81.69,,30.1,,47.4,54.3,23.0,6920.0,2025,Oct,128443
"Dabali, Handigaun",2025-10-18,22.07,0.0,85.89,,28.1,,44.2,53.9,23.9,6420.0,2025,Oct,128443
"Dabali, Handigaun",2025-10-19,21.93,0.0,82.09,,26.7,,42.3,52.8,23.4,5950.0,2025,Oct,128443
"Dabali, Handigaun",2025-10-20,21.77,0.0,84.38,,30.2,,47.8,57.5,20.1,7120.0,2025,Oct,128443
"Dabali, Handigaun",2025-10-22,23.13,0.0,78.47,,27.0,,41.8,47.0,24.7,6250.0,2025,Oct,128443
"Dabali, Handigaun",2025-10-23,22.9,0.0,83.96,,22.6,,35.3,51.5,22.6,4960.0,2025,Oct,128443
"Dabali, Handigaun",2025-10-24,22.27,0.0,86.59,,22.2,,35.2,52.5,22.4,4610.0,2025,Oct,128443
"Dabali, Handigaun",2025-10-25,22.26,0.0,72.65,,23.6,,38.0,50.9,22.1,5000.0,2025,Oct,128443
"Dabali, Handigaun",2025-10-26,22.31,0.0,60.9,,25.7,,41.3,43.9,21.7,5880.0,2025,Oct,128443
"Dabali, Handigaun",2025-10-27,22.36,0.03,63.11,,28.7,,45.0,42.9,21.0,6750.0,2025,Oct,128443
"Dabali, Handigaun",2025-10-28,21.11,1.93,72.2,,37.2,,57.6,56.1,19.3,9250.0,2025,Oct,128443
"Dabali, Handigaun",2025-10-29,21.65,0.16,78.9,,36.1,,56.7,54.7,21.1,9170.0,2025,Oct,128443
"Dabali, Handigaun",2025-10-30,20.18,27.94,89.18,,24.3,,37.4,65.2,19.8,5600.0,2025,Oct,128443
"Dabali, Handigaun",2025-10-31,19.77,27.55,92.08,,16.0,,23.1,66.1,20.8,3280.0,2025,Oct,128443
"Dabali, Handigaun",2025-11-01,20.8,6.74,91.35,,5.3,,7.43,65.7,21.1,1170.0,2025,Nov,116552
"Dabali, Handigaun",2025-11-02,19.95,0.79,88.99,,11.2,,17.1,60.7,21.4,2210.0,2025,Nov,116552
"Dabali, Handigaun",2025-11-03,20.42,0.15,80.31,,19.7,,30.7,54.2,22.6,4110.0,2025,Nov,116552
"Dabali, Handigaun",2025-11-04,21.29,0.06,75.67,,29.0,,48.0,53.8,23.6,6860.0,2025,Nov,116552
"Dabali, Handigaun",2025-11-05,21.03,0.0,77.42,,25.7,,42.1,52.1,22.2,5770.0,2025,Nov,116552
"Dabali, Handigaun",2025-11-06,21.09,0.0,74.44,,20.4,,32.0,53.2,21.2,4310.0,2025,Nov,116552
"Dabali, Handigaun",2025-11-07,19.79,0.0,80.38,,21.4,,32.7,52.9,20.8,4460.0,2025,Nov,116552
"Dabali, Handigaun",2025-11-08,19.36,0.0,78.63,,24.8,,38.4,51.9,20.5,5380.0,2025,Nov,116552
"Dabali, Handigaun",2025-11-09,19.26,0.0,77.32,,25.8,,39.8,51.7,20.3,5730.0,2025,Nov,116552
"Dabali, Handigaun",2025-11-10,17.99,0.0,78.49,,27.9,,43.2,52.1,19.8,6270.0,2025,Nov,116552
"Dabali, Handigaun",2025-11-11,17.36,0.0,79.38,,27.8,,43.0,52.6,19.1,6340.0,2025,Nov,116552
"Dabali, Handigaun",2025-11-12,17.34,0.0,78.19,,28.6,,44.7,55.4,17.9,6590.0,2025,Nov,116552
"Dabali, Handigaun",2025-11-13,17.14,0.0,76.34,,30.8,,48.3,51.2,19.5,7450.0,2025,Nov,116552
"Dabali, Handigaun",2025-11-14,17.23,0.0,71.59,,31.5,,49.5,56.6,17.3,7650.0,2025,Nov,116552
"Dabali, Handigaun",2025-11-15,17.24,0.0,74.29,,31.5,,49.4,50.8,18.7,7510.0,2025,Nov,116552
"Dabali, Handigaun",2025-11-16,17.51,0.0,70.44,,31.5,,49.6,50.7,18.6,7480.0,2025,Nov,116552
"Dabali, Handigaun",2025-11-17,16.94,0.0,71.39,,35.0,,55.0,52.4,17.9,8400.0,2025,Nov,116552
"Dabali, Handigaun",2025-11-18,17.25,0.0,71.82,,33.6,,52.2,53.1,18.1,7950.0,2025,Nov,116552
"Dabali, Handigaun",2025-11-19,17.49,0.0,81.01,,33.4,,51.8,53.1,18.3,7950.0,2025,Nov,116552
"Dabali, Handigaun",2025-11-20,17.43,0.0,82.81,,30.8,,47.3,53.2,18.3,7080.0,2025,Nov,116552
"Dabali, Handigaun",2025-11-21,17.26,0.0,82.89,,28.8,,44.1,52.8,18.4,6710.0,2025,Nov,116552
"Dabali, Handigaun",2025-11-22,16.72,0.0,84.6,,30.0,,46.3,52.0,17.5,6810.0,2025,Nov,116552
"Dabali, Handigaun",2025-11-23,16.13,0.0,81.08,,36.6,,57.5,52.6,17.0,8710.0,2025,Nov,116552
"Dabali, Handigaun",2025-11-24,15.06,0.0,78.48,,38.7,,63.3,51.4,17.8,9910.0,2025,Nov,116552
"Dabali, Handigaun",2025-11-25,15.6,0.0,75.33,,40.3,,64.7,48.3,17.0,9990.0,2025,Nov,116552
"Dabali, Handigaun",2025-11-26,16.08,0.0,75.38,,36.6,,56.8,47.6,16.7,8860.0,2025,Nov,116552
"Dabali, Handigaun",2025-11-27,17.27,0.0,72.76,,40.3,,62.1,47.6,17.1,9960.0,2025,Nov,116552
"Dabali, Handigaun",2025-11-28,17.21,0.0,70.96,,38.1,,58.2,48.5,16.8,9260.0,2025,Nov,116552
"Dabali, Handigaun",2025-11-29,16.32,0.0,75.51,,33.1,,49.8,49.4,16.4,7840.0,2025,Nov,116552
"Dabali, Handigaun",2025-11-30,15.7,0.0,74.13,,36.1,,54.8,49.0,16.9,8640.0,2025,Nov,116552
"Dabali, Handigaun",2025-12-01,15.1,0.0,76.66,,44.9,,69.3,52.7,17.2,11300.0,2025,Dec,98180
"Dabali, Handigaun",2025-12-02,14.26,0.0,67.48,,49.7,,79.9,54.0,16.9,12600.0,2025,Dec,98180
"Dabali, Handigaun",2025-12-03,14.74,0.0,66.95,,45.5,,74.0,53.6,17.4,11600.0,2025,Dec,98180
"Dabali, Handigaun",2025-12-04,14.68,0.0,65.29,,34.7,,55.9,48.3,17.9,8750.0,2025,Dec,98180
"Dabali, Handigaun",2025-12-05,14.45,0.0,67.58,,33.0,,52.6,48.2,17.6,8220.0,2025,Dec,98180
"Dabali, Handigaun",2025-12-06,13.84,0.0,67.39,,40.4,,64.0,49.4,16.4,9980.0,2025,Dec,98180
"Dabali, Handigaun",2025-12-07,13.91,0.0,70.27,,41.8,,65.4,52.8,15.4,10500.0,2025,Dec,98180
"Dabali, Handigaun",2025-12-08,14.56,0.0,72.41,,44.7,,70.0,50.7,16.5,11000.0,2025,Dec,98180
"Dabali, Handigaun",2025-12-09,14.79,0.0,70.79,,42.1,,65.2,51.5,16.0,10300.0,2025,Dec,98180
"Dabali, Handigaun",2025-12-10,14.39,0.0,66.17,,44.9,,69.3,50.4,15.9,11100.0,2025,Dec,98180
"Dabali, Handigaun",2025-12-11,14.73,0.0,67.47,,44.4,,68.0,49.1,16.0,10900.0,2025,Dec,98180
"Dabali, Handigaun",2025-12-12,14.89,0.0,74.38,,44.7,,68.7,49.4,15.8,10900.0,2025,Dec,98180
"Dabali, Handigaun",2025-12-13,15.45,0.0,73.89,,48.2,,74.0,48.7,15.9,11900.0,2025,Dec,98180
"Dabali, Handigaun",2025-12-14,15.69,0.0,76.52,,45.2,,68.9,48.3,16.1,11100.0,2025,Dec,98180
"Dabali, Handigaun",2025-12-15,14.88,0.0,79.46,,45.1,,68.5,49.6,15.4,11000.0,2025,Dec,98180
"Dabali, Handigaun",2025-12-16,14.33,0.0,76.23,,42.8,,65.9,48.8,15.4,10400.0,2025,Dec,98180
"Dabali, Handigaun",2025-12-17,13.21,0.0,76.65,,51.8,,78.9,50.4,15.8,12900.0,2025,Dec,98180
"Dabali, Handigaun",2025-12-18,14.21,0.0,68.99,,55.8,,85.6,48.1,16.0,13600.0,2025,Dec,98180
"Dabali, Handigaun",2025-12-19,13.61,0.0,69.95,,48.7,,74.7,49.9,15.4,12000.0,2025,Dec,98180
"Dabali, Handigaun",2025-12-20,11.98,0.0,68.85,,44.5,,68.9,49.9,15.9,11000.0,2025,Dec,98180
"Dabali, Handigaun",2025-12-21,12.39,0.0,72.08,,49.6,,76.6,50.6,16.2,12500.0,2025,Dec,98180
"Dabali, Handigaun",2025-12-22,13.43,0.0,74.89,,44.5,,68.9,50.3,16.1,10900.0,2025,Dec,98180
"Dabali, Handigaun",2025-12-23,12.22,0.0,78.07,,43.8,,67.4,48.4,15.7,10600.0,2025,Dec,98180
"Dabali, Handigaun",2025-12-24,12.0,0.0,77.9,,51.7,,80.5,49.7,15.9,12700.0,2025,Dec,98180
"Dabali, Handigaun",2025-12-25,11.9,0.0,75.7,,43.8,,68.5,48.9,16.0,11000.0,2025,Dec,98180
"Dabali, Handigaun",2025-12-26,12.48,0.0,73.76,,51.5,,81.5,50.4,15.4,12700.0,2025,Dec,98180
"Dabali, Handigaun",2025-12-27,12.74,0.0,72.46,,50.8,,81.0,50.3,15.7,12500.0,2025,Dec,98180
"Dabali, Handigaun",2025-12-28,11.74,0.0,76.27,,49.1,,78.1,51.0,15.5,12100.0,2025,Dec,98180
"Dabali, Handigaun",2025-12-29,11.01,0.04,73.62,,48.2,,76.2,51.4,15.2,11900.0,2025,Dec,98180
"Dabali, Handigaun",2025-12-30,9.9,0.0,70.04,,55.2,,87.1,52.7,14.7,13500.0,2025,Dec,98180
"Dabali, Handigaun",2025-12-31,10.81,0.0,63.1,,58.4,,93.1,50.0,15.4,14400.0,2025,Dec,98180
Gaushala Chowk (SC-01) - GD Labs,2025-09-19,21.22,22.54,88.39,,26.8,,41.0,48.9,28.2,1850.0,2025,Sep,79981
Gaushala Chowk (SC-01) - GD Labs,2025-09-20,21.26,0.45,90.48,,21.0,,33.1,46.9,28.3,1360.0,2025,Sep,79981
Gaushala Chowk (SC-01) - GD Labs,2025-09-21,21.28,0.28,90.61,,15.4,,25.1,46.4,29.0,1030.0,2025,Sep,79981
Gaushala Chowk (SC-01) - GD Labs,2025-09-22,21.89,0.43,92.08,,25.5,,39.1,46.7,29.6,1680.0,2025,Sep,79981
Gaushala Chowk (SC-01) - GD Labs,2025-09-23,22.35,0.04,88.97,,22.9,,36.2,46.3,29.9,1520.0,2025,Sep,79981
Gaushala Chowk (SC-01) - GD Labs,2025-09-24,22.61,0.02,86.87,,27.0,,41.2,47.8,29.3,1820.0,2025,Sep,79981
Gaushala Chowk (SC-01) - GD Labs,2025-09-25,22.09,0.01,90.65,,26.5,,40.6,44.6,29.3,1920.0,2025,Sep,79981
Gaushala Chowk (SC-01) - GD Labs,2025-09-26,23.18,0.02,84.65,,27.1,,40.3,45.1,30.0,1900.0,2025,Sep,79981
Gaushala Chowk (SC-01) - GD Labs,2025-09-27,22.6,0.29,87.71,,23.3,,34.6,43.9,29.4,1550.0,2025,Sep,79981
Gaushala Chowk (SC-01) - GD Labs,2025-09-28,21.6,1.16,88.34,,28.3,,42.7,46.5,29.3,1890.0,2025,Sep,79981
Gaushala Chowk (SC-01) - GD Labs,2025-09-29,21.41,1.17,87.67,,27.3,,41.8,47.3,28.9,1870.0,2025,Sep,79981
Gaushala Chowk (SC-01) - GD Labs,2025-09-30,22.12,5.3,80.18,,23.4,,36.9,45.4,29.3,1640.0,2025,Sep,79981
Gaushala Chowk (SC-01) - GD Labs,2025-10-01,21.64,12.24,84.98,,11.0,,19.3,42.5,28.7,782.0,2025,Oct,128443
Gaushala Chowk (SC-01) - GD Labs,2025-10-02,20.0,19.7,91.42,,11.8,,19.9,47.7,27.2,815.0,2025,Oct,128443
Gaushala Chowk (SC-01) - GD Labs,2025-10-03,20.09,30.14,86.24,,24.7,,37.8,48.4,27.1,1640.0,2025,Oct,128443
Gaushala Chowk (SC-01) - GD Labs,2025-10-04,19.59,69.53,91.67,,10.3,,17.0,52.0,25.4,759.0,2025,Oct,128443
Gaushala Chowk (SC-01) - GD Labs,2025-10-05,20.8,7.43,93.0,,7.57,,12.8,49.3,26.1,615.0,2025,Oct,128443
Gaushala Chowk (SC-01) - GD Labs,2025-10-06,19.8,0.37,90.92,,8.51,,15.2,46.9,27.3,665.0,2025,Oct,128443
Gaushala Chowk (SC-01) - GD Labs,2025-10-07,19.63,0.2,91.78,,19.2,,31.4,47.1,27.1,1250.0,2025,Oct,128443
Gaushala Chowk (SC-01) - GD Labs,2025-10-08,20.24,0.54,86.83,,21.9,,34.6,45.1,27.6,1380.0,2025,Oct,128443
Gaushala Chowk (SC-01) - GD Labs,2025-10-09,20.47,0.29,83.37,,24.0,,39.1,43.0,27.8,1640.0,2025,Oct,128443
Gaushala Chowk (SC-01) - GD Labs,2025-10-10,20.17,0.0,76.25,,24.2,,38.9,39.7,27.4,1730.0,2025,Oct,128443
Gaushala Chowk (SC-01) - GD Labs,2025-10-11,19.5,0.0,78.89,,26.4,,42.2,35.8,27.0,1890.0,2025,Oct,128443
Gaushala Chowk (SC-01) - GD Labs,2025-10-12,19.39,0.0,82.78,,33.0,,53.3,36.8,26.6,2350.0,2025,Oct,128443
Gaushala Chowk (SC-01) - GD Labs,2025-10-13,18.49,0.0,82.48,,31.0,,49.4,36.6,26.5,2170.0,2025,Oct,128443
Gaushala Chowk (SC-01) - GD Labs,2025-10-14,18.84,0.0,77.23,,33.0,,53.0,37.5,26.3,2350.0,2025,Oct,128443
Gaushala Chowk (SC-01) - GD Labs,2025-10-15,19.4,0.0,81.77,,34.8,,56.3,38.1,26.5,2520.0,2025,Oct,128443
Gaushala Chowk (SC-01) - GD Labs,2025-10-16,19.86,0.0,82.46,,34.4,,54.1,39.0,26.5,2460.0,2025,Oct,128443
Gaushala Chowk (SC-01) - GD Labs,2025-10-17,19.8,0.0,86.34,,35.8,,56.3,45.5,26.4,2570.0,2025,Oct,128443
Gaushala Chowk (SC-01) - GD Labs,2025-10-18,19.5,0.0,84.16,,35.3,,56.4,42.8,26.9,2600.0,2025,Oct,128443
Gaushala Chowk (SC-01) - GD Labs,2025-10-19,19.3,0.0,79.76,,30.9,,48.6,40.6,26.9,2210.0,2025,Oct,128443
Gaushala Chowk (SC-01) - GD Labs,2025-10-20,19.36,0.0,84.37,,36.4,,58.8,37.3,26.3,2700.0,2025,Oct,128443
Gaushala Chowk (SC-01) - GD Labs,2025-10-21,20.35,0.0,78.44,,32.0,,51.0,36.4,26.4,2290.0,2025,Oct,128443
Gaushala Chowk (SC-01) - GD Labs,2025-10-22,20.17,0.0,77.14,,32.2,,50.7,38.8,26.3,2320.0,2025,Oct,128443
Gaushala Chowk (SC-01) - GD Labs,2025-10-23,20.07,0.0,83.29,,28.8,,46.6,39.6,26.3,2030.0,2025,Oct,128443
Gaushala Chowk (SC-01) - GD Labs,2025-10-24,19.45,0.0,86.59,,25.5,,41.6,39.1,26.2,1710.0,2025,Oct,128443
Gaushala Chowk (SC-01) - GD Labs,2025-10-25,19.38,0.0,76.66,,30.7,,50.0,38.8,25.9,2130.0,2025,Oct,128443
Gaushala Chowk (SC-01) - GD Labs,2025-10-26,19.25,0.0,63.25,,33.9,,55.6,33.3,25.8,2540.0,2025,Oct,128443
Gaushala Chowk (SC-01) - GD Labs,2025-10-27,19.2,0.0,66.13,,36.1,,57.4,32.6,24.8,2610.0,2025,Oct,128443
Gaushala Chowk (SC-01) - GD Labs,2025-10-28,18.31,1.01,72.87,,45.3,,72.5,41.0,24.0,3420.0,2025,Oct,128443
Gaushala Chowk (SC-01) - GD Labs,2025-10-29,18.35,0.22,82.47,,55.9,,91.5,45.4,24.1,4270.0,2025,Oct,128443
Gaushala Chowk (SC-01) - GD Labs,2025-10-30,17.46,31.88,88.48,,36.7,,56.7,51.2,23.7,2710.0,2025,Oct,128443
Gaushala Chowk (SC-01) - GD Labs,2025-10-31,16.87,29.18,93.3,,25.0,,36.7,53.3,24.0,1710.0,2025,Oct,128443
Gaushala Chowk (SC-01) - GD Labs,2025-11-01,17.89,7.76,93.37,,10.7,,18.0,53.0,24.4,771.0,2025,Nov,116552
Gaushala Chowk (SC-01) - GD Labs,2025-11-02,17.42,1.01,90.22,,17.7,,28.4,49.2,24.7,1270.0,2025,Nov,116552
Gaushala Chowk (SC-01) - GD Labs,2025-11-03,17.65,0.65,84.17,,28.0,,43.7,46.2,25.2,1910.0,2025,Nov,116552
Gaushala Chowk (SC-01) - GD Labs,2025-11-04,18.63,0.14,81.45,,36.8,,61.9,44.1,25.9,2740.0,2025,Nov,116552
Gaushala Chowk (SC-01) - GD Labs,2025-11-05,18.34,0.0,80.04,,35.8,,59.7,42.8,25.7,2590.0,2025,Nov,116552
Gaushala Chowk (SC-01) - GD Labs,2025-11-06,18.03,0.0,75.37,,32.2,,51.8,41.3,25.5,2380.0,2025,Nov,116552
Gaushala Chowk (SC-01) - GD Labs,2025-11-07,17.35,0.0,79.89,,34.0,,52.8,40.9,25.1,2440.0,2025,Nov,116552
Gaushala Chowk (SC-01) - GD Labs,2025-11-08,17.09,0.0,79.39,,32.5,,50.7,39.1,24.7,2360.0,2025,Nov,116552
Gaushala Chowk (SC-01) - GD Labs,2025-11-09,17.09,0.0,75.24,,42.1,,68.1,40.2,24.1,3120.0,2025,Nov,116552
Gaushala Chowk (SC-01) - GD Labs,2025-11-10,16.19,0.0,73.07,,38.2,,59.1,40.5,23.7,2770.0,2025,Nov,116552
Gaushala Chowk (SC-01) - GD Labs,2025-11-11,15.76,0.0,73.9,,39.2,,61.2,40.3,23.1,2900.0,2025,Nov,116552
Gaushala Chowk (SC-01) - GD Labs,2025-11-12,15.45,0.0,74.36,,48.1,,77.0,41.5,22.0,3620.0,2025,Nov,116552
Gaushala Chowk (SC-01) - GD Labs,2025-11-13,15.0,0.0,75.51,,45.7,,74.6,40.1,22.8,3430.0,2025,Nov,116552
Gaushala Chowk (SC-01) - GD Labs,2025-11-14,14.58,0.0,70.83,,44.2,,71.3,41.5,21.9,3360.0,2025,Nov,116552
Gaushala Chowk (SC-01) - GD Labs,2025-11-15,14.78,0.0,75.93,,41.5,,65.8,40.0,22.0,3100.0,2025,Nov,116552
Gaushala Chowk (SC-01) - GD Labs,2025-11-16,14.88,0.0,74.77,,43.6,,69.6,40.7,21.9,3260.0,2025,Nov,116552
Gaushala Chowk (SC-01) - GD Labs,2025-11-17,14.51,0.0,72.26,,51.5,,82.2,41.7,21.6,3860.0,2025,Nov,116552
Gaushala Chowk (SC-01) - GD Labs,2025-11-18,15.55,0.0,67.09,,51.8,,81.8,42.1,21.8,3880.0,2025,Nov,116552
Gaushala Chowk (SC-01) - GD Labs,2025-11-19,15.23,0.0,81.7,,52.2,,82.4,41.9,21.9,3890.0,2025,Nov,116552
Gaushala Chowk (SC-01) - GD Labs,2025-11-20,14.72,0.0,88.0,,50.4,,80.9,42.5,21.9,3750.0,2025,Nov,116552
Gaushala Chowk (SC-01) - GD Labs,2025-11-21,14.48,0.0,87.79,,38.8,,60.9,42.2,22.0,2850.0,2025,Nov,116552
Gaushala Chowk (SC-01) - GD Labs,2025-11-22,14.11,0.0,88.76,,41.6,,64.1,40.9,21.4,3070.0,2025,Nov,116552
Gaushala Chowk (SC-01) - GD Labs,2025-11-23,13.52,0.0,85.05,,57.9,,95.5,41.5,20.9,4390.0,2025,Nov,116552
Gaushala Chowk (SC-01) - GD Labs,2025-11-24,12.56,0.0,79.1,,54.6,,93.1,41.2,21.0,4150.0,2025,Nov,116552
Gaushala Chowk (SC-01) - GD Labs,2025-11-25,13.19,0.0,70.19,,55.9,,93.7,39.4,20.6,4240.0,2025,Nov,116552
Gaushala Chowk (SC-01) - GD Labs,2025-11-26,13.76,0.0,76.11,,61.0,,100.0,38.2,20.4,4580.0,2025,Nov,116552
Gaushala Chowk (SC-01) - GD Labs,2025-11-27,15.24,0.0,72.73,,69.7,,113.0,39.4,20.6,5270.0,2025,Nov,116552
Gaushala Chowk (SC-01) - GD Labs,2025-11-28,14.73,0.0,74.04,,70.8,,117.0,38.8,20.5,5280.0,2025,Nov,116552
Gaushala Chowk (SC-01) - GD Labs,2025-11-29,14.01,0.0,76.82,,55.4,,89.1,37.0,20.4,4200.0,2025,Nov,116552
Gaushala Chowk (SC-01) - GD Labs,2025-11-30,13.6,0.0,75.06,,54.9,,86.0,39.5,20.3,4100.0,2025,Nov,116552
Gaushala Chowk (SC-01) - GD Labs,2025-12-01,13.22,0.0,77.38,,65.8,,106.0,42.8,20.5,5000.0,2025,Dec,98180
Gaushala Chowk (SC-01) - GD Labs,2025-12-02,13.09,0.0,66.35,,76.6,,127.0,44.0,20.4,5780.0,2025,Dec,98180
Gaushala Chowk (SC-01) - GD Labs,2025-12-03,12.94,0.0,65.61,,62.4,,106.0,43.6,20.6,4760.0,2025,Dec,98180
Gaushala Chowk (SC-01) - GD Labs,2025-12-04,12.94,0.0,59.29,,47.6,,79.7,39.4,20.5,3600.0,2025,Dec,98180
Gaushala Chowk (SC-01) - GD Labs,2025-12-05,12.66,0.0,65.81,,52.6,,87.3,40.1,20.1,3980.0,2025,Dec,98180
Gaushala Chowk (SC-01) - GD Labs,2025-12-06,12.34,0.0,63.16,,59.6,,98.8,39.8,19.7,4500.0,2025,Dec,98180
Gaushala Chowk (SC-01) - GD Labs,2025-12-07,12.55,0.0,68.9,,66.7,,112.0,41.9,19.6,5060.0,2025,Dec,98180
Gaushala Chowk (SC-01) - GD Labs,2025-12-08,13.05,0.0,70.87,,68.9,,114.0,41.9,19.8,5190.0,2025,Dec,98180
Gaushala Chowk (SC-01) - GD Labs,2025-12-09,12.43,0.0,71.63,,58.9,,95.0,40.6,19.6,4440.0,2025,Dec,98180
Gaushala Chowk (SC-01) - GD Labs,2025-12-10,12.29,0.0,65.67,,56.9,,91.0,40.3,19.4,4260.0,2025,Dec,98180
Gaushala Chowk (SC-01) - GD Labs,2025-12-11,12.7,0.0,64.78,,59.1,,93.8,39.5,19.6,4450.0,2025,Dec,98180
Gaushala Chowk (SC-01) - GD Labs,2025-12-12,12.55,0.0,74.27,,66.5,,107.0,39.3,19.8,5010.0,2025,Dec,98180
Gaushala Chowk (SC-01) - GD Labs,2025-12-13,13.0,0.0,73.7,,84.2,,140.0,38.9,19.8,6350.0,2025,Dec,98180
Gaushala Chowk (SC-01) - GD Labs,2025-12-14,13.45,0.0,75.69,,76.7,,123.0,38.6,19.9,5770.0,2025,Dec,98180
Gaushala Chowk (SC-01) - GD Labs,2025-12-15,12.67,0.0,81.06,,64.3,,101.0,38.0,19.7,4820.0,2025,Dec,98180
Gaushala Chowk (SC-01) - GD Labs,2025-12-16,11.97,0.0,78.57,,63.9,,101.0,38.5,19.5,4800.0,2025,Dec,98180
Gaushala Chowk (SC-01) - GD Labs,2025-12-17,11.15,0.0,75.72,,72.4,,115.0,40.2,19.6,5460.0,2025,Dec,98180
Gaushala Chowk (SC-01) - GD Labs,2025-12-18,12.32,0.0,68.39,,78.9,,130.0,38.4,19.8,5950.0,2025,Dec,98180
Gaushala Chowk (SC-01) - GD Labs,2025-12-19,11.73,0.0,71.31,,71.5,,114.0,38.8,19.8,5340.0,2025,Dec,98180
Gaushala Chowk (SC-01) - GD Labs,2025-12-20,10.4,0.0,69.77,,62.9,,99.9,39.5,19.6,4730.0,2025,Dec,98180
Gaushala Chowk (SC-01) - GD Labs,2025-12-21,10.47,0.0,74.81,,73.6,,118.0,40.9,19.8,5550.0,2025,Dec,98180
Gaushala Chowk (SC-01) - GD Labs,2025-12-22,11.72,0.0,75.07,,70.0,,113.0,40.5,20.1,5230.0,2025,Dec,98180
Gaushala Chowk (SC-01) - GD Labs,2025-12-23,11.39,0.0,75.35,,73.0,,117.0,38.9,19.7,5480.0,2025,Dec,98180
Gaushala Chowk (SC-01) - GD Labs,2025-12-24,10.34,0.0,77.25,,89.1,,144.0,42.1,18.4,6730.0,2025,Dec,98180
Gaushala Chowk (SC-01) - GD Labs,2025-12-28,10.68,0.0,74.18,,62.4,,107.0,44.4,19.6,4720.0,2025,Dec,98180
Gaushala Chowk (SC-01) - GD Labs,2025-12-29,9.68,0.0,72.77,,71.4,,119.0,41.9,19.2,5420.0,2025,Dec,98180
Gaushala Chowk (SC-01) - GD Labs,2025-12-30,8.5,0.0,70.64,,65.3,,109.0,41.1,19.1,4960.0,2025,Dec,98180
Gaushala Chowk (SC-01) - GD Labs,2025-12-31,9.21,0.0,63.44,,76.7,,126.0,41.4,18.8,5800.0,2025,Dec,98180
Baluwatar (SC-02) - GD Labs,2025-09-25,22.09,0.01,90.65,,9.94,,15.6,48.2,28.2,696.0,2025,Sep,79981
Baluwatar (SC-02) - GD Labs,2025-09-26,23.18,0.02,84.65,,12.1,,19.1,51.3,27.5,852.0,2025,Sep,79981
Baluwatar (SC-02) - GD Labs,2025-09-27,22.6,0.29,87.71,,9.64,,15.0,50.5,26.8,686.0,2025,Sep,79981
Baluwatar (SC-02) - GD Labs,2025-09-28,21.6,1.16,88.34,,15.3,,24.2,54.6,26.5,898.0,2025,Sep,79981
Baluwatar (SC-02) - GD Labs,2025-09-29,21.41,1.17,87.67,,16.5,,25.7,56.3,26.0,983.0,2025,Sep,79981
Baluwatar (SC-02) - GD Labs,2025-09-30,22.12,5.3,80.18,,17.5,,26.7,53.0,26.6,1120.0,2025,Sep,79981
Baluwatar (SC-02) - GD Labs,2025-10-01,21.64,12.24,84.98,,4.84,,9.12,50.6,25.8,472.0,2025,Oct,128443
Baluwatar (SC-02) - GD Labs,2025-10-02,20.0,19.7,91.42,,4.99,,10.0,57.9,23.9,492.0,2025,Oct,128443
Baluwatar (SC-02) - GD Labs,2025-10-03,20.09,30.14,86.24,,12.4,,19.6,56.3,24.5,824.0,2025,Oct,128443
Baluwatar (SC-02) - GD Labs,2025-10-04,19.59,69.53,91.67,,2.81,,5.26,62.9,22.3,386.0,2025,Oct,128443
Baluwatar (SC-02) - GD Labs,2025-10-05,20.8,7.43,93.0,,2.42,,4.21,56.2,24.1,312.0,2025,Oct,128443
Baluwatar (SC-02) - GD Labs,2025-10-06,19.8,0.37,90.92,,3.92,,7.73,52.7,25.4,436.0,2025,Oct,128443
Baluwatar (SC-02) - GD Labs,2025-10-07,19.63,0.2,91.78,,13.3,,21.7,53.2,25.1,858.0,2025,Oct,128443
Baluwatar (SC-02) - GD Labs,2025-10-08,20.24,0.54,86.83,,15.2,,24.8,51.5,25.4,895.0,2025,Oct,128443
Baluwatar (SC-02) - GD Labs,2025-10-09,20.47,0.29,83.37,,16.2,,25.9,49.6,25.3,965.0,2025,Oct,128443
Baluwatar (SC-02) - GD Labs,2025-10-10,20.17,0.0,76.25,,14.4,,23.4,45.3,24.9,929.0,2025,Oct,128443
Baluwatar (SC-02) - GD Labs,2025-10-11,19.5,0.0,78.89,,17.1,,27.4,41.0,24.4,1100.0,2025,Oct,128443
Baluwatar (SC-02) - GD Labs,2025-10-12,19.39,0.0,82.78,,21.7,,34.4,42.3,24.1,1320.0,2025,Oct,128443
Baluwatar (SC-02) - GD Labs,2025-10-13,18.49,0.0,82.48,,21.2,,34.5,40.3,24.2,1280.0,2025,Oct,128443
Baluwatar (SC-02) - GD Labs,2025-10-14,18.84,0.0,77.23,,37.8,,59.1,41.1,24.6,2540.0,2025,Oct,128443
Baluwatar (SC-02) - GD Labs,2025-10-15,19.4,0.0,81.77,,26.3,,41.3,40.9,25.4,1690.0,2025,Oct,128443
Baluwatar (SC-02) - GD Labs,2025-10-16,19.86,0.0,82.46,,26.7,,40.3,40.8,25.8,1680.0,2025,Oct,128443
Baluwatar (SC-02) - GD Labs,2025-10-17,19.8,0.0,86.34,,28.5,,43.4,46.4,25.1,1840.0,2025,Oct,128443
Baluwatar (SC-02) - GD Labs,2025-10-18,19.5,0.0,84.16,,33.4,,51.3,52.2,23.4,2310.0,2025,Oct,128443
Baluwatar (SC-02) - GD Labs,2025-11-02,17.42,1.01,90.22,,16.9,,28.2,57.1,22.2,1010.0,2025,Nov,116552
Baluwatar (SC-02) - GD Labs,2025-11-03,17.65,0.65,84.17,,20.8,,32.7,51.3,23.6,1240.0,2025,Nov,116552
Baluwatar (SC-02) - GD Labs,2025-11-04,18.63,0.14,81.45,,29.5,,48.7,48.5,24.4,1990.0,2025,Nov,116552
Baluwatar (SC-02) - GD Labs,2025-11-05,18.34,0.0,80.04,,29.7,,49.1,47.8,23.9,2010.0,2025,Nov,116552
Baluwatar (SC-02) - GD Labs,2025-11-06,18.03,0.0,75.37,,18.2,,29.7,45.2,23.7,1190.0,2025,Nov,116552
Baluwatar (SC-02) - GD Labs,2025-11-07,17.35,0.0,79.89,,22.8,,35.2,46.2,23.1,1430.0,2025,Nov,116552
Baluwatar (SC-02) - GD Labs,2025-11-08,17.09,0.0,79.39,,23.3,,36.3,43.3,22.9,1510.0,2025,Nov,116552
Baluwatar (SC-02) - GD Labs,2025-11-09,17.09,0.0,75.24,,26.4,,40.1,43.3,22.7,1700.0,2025,Nov,116552
Baluwatar (SC-02) - GD Labs,2025-11-10,16.19,0.0,73.07,,27.8,,41.7,43.8,22.2,1770.0,2025,Nov,116552
Baluwatar (SC-02) - GD Labs,2025-11-11,15.76,0.0,73.9,,29.6,,44.7,44.5,21.5,1950.0,2025,Nov,116552
Baluwatar (SC-02) - GD Labs,2025-11-12,15.45,0.0,74.36,,31.6,,49.2,48.3,19.7,2160.0,2025,Nov,116552
Baluwatar (SC-02) - GD Labs,2025-11-13,15.0,0.0,75.51,,30.4,,47.3,43.7,21.2,2100.0,2025,Nov,116552
Baluwatar (SC-02) - GD Labs,2025-11-14,14.58,0.0,70.83,,31.9,,49.6,47.2,19.8,2210.0,2025,Nov,116552
Baluwatar (SC-02) - GD Labs,2025-11-15,14.78,0.0,75.93,,32.4,,50.3,44.3,20.4,2240.0,2025,Nov,116552
Baluwatar (SC-02) - GD Labs,2025-11-16,14.88,0.0,74.77,,36.7,,57.6,50.9,18.2,2630.0,2025,Nov,116552
Baluwatar (SC-02) - GD Labs,2025-11-27,15.24,0.0,72.73,,69.4,,107.0,37.1,22.4,5000.0,2025,Nov,116552
Baluwatar (SC-02) - GD Labs,2025-11-28,14.73,0.0,74.04,,54.1,,82.3,39.3,20.9,3860.0,2025,Nov,116552
Baluwatar (SC-02) - GD Labs,2025-11-29,14.01,0.0,76.82,,39.1,,59.3,37.4,20.7,2890.0,2025,Nov,116552
Baluwatar (SC-02) - GD Labs,2025-11-30,13.6,0.0,75.06,,37.4,,55.5,38.8,20.6,2640.0,2025,Nov,116552
Baluwatar (SC-02) - GD Labs,2025-12-01,13.22,0.0,77.38,,47.7,,72.8,43.0,20.7,3480.0,2025,Dec,98180
Baluwatar (SC-02) - GD Labs,2025-12-02,13.09,0.0,66.35,,58.8,,93.9,44.5,20.6,4300.0,2025,Dec,98180
Baluwatar (SC-02) - GD Labs,2025-12-03,12.94,0.0,65.61,,48.3,,79.2,43.7,20.6,3560.0,2025,Dec,98180
Baluwatar (SC-02) - GD Labs,2025-12-04,12.94,0.0,59.29,,38.1,,61.9,39.5,20.5,2770.0,2025,Dec,98180
Baluwatar (SC-02) - GD Labs,2025-12-05,12.66,0.0,65.81,,41.1,,66.1,40.4,20.1,2980.0,2025,Dec,98180
Baluwatar (SC-02) - GD Labs,2025-12-06,12.34,0.0,63.16,,44.2,,70.4,39.9,19.8,3180.0,2025,Dec,98180
Baluwatar (SC-02) - GD Labs,2025-12-07,12.55,0.0,68.9,,48.9,,77.8,41.7,19.8,3580.0,2025,Dec,98180
Baluwatar (SC-02) - GD Labs,2025-12-08,13.05,0.0,70.87,,51.9,,81.7,43.2,19.2,3660.0,2025,Dec,98180
Baluwatar (SC-02) - GD Labs,2025-12-09,12.43,0.0,71.63,,47.8,,74.2,43.0,18.7,3270.0,2025,Dec,98180
Baluwatar (SC-02) - GD Labs,2025-12-10,12.29,0.0,65.67,,43.5,,66.2,42.0,18.6,2970.0,2025,Dec,98180
Baluwatar (SC-02) - GD Labs,2025-12-11,12.7,0.0,64.78,,50.5,,76.6,41.4,18.8,3450.0,2025,Dec,98180
Baluwatar (SC-02) - GD Labs,2025-12-12,12.55,0.0,74.27,,52.4,,79.2,42.0,18.7,3560.0,2025,Dec,98180
Baluwatar (SC-02) - GD Labs,2025-12-13,13.0,0.0,73.7,,62.4,,95.5,43.2,18.4,4280.0,2025,Dec,98180
Baluwatar (SC-02) - GD Labs,2025-12-14,13.45,0.0,75.69,,62.3,,94.8,40.8,19.1,4280.0,2025,Dec,98180
Baluwatar (SC-02) - GD Labs,2025-12-15,12.67,0.0,81.06,,58.0,,87.7,39.7,19.0,3960.0,2025,Dec,98180
Baluwatar (SC-02) - GD Labs,2025-12-16,11.97,0.0,78.57,,52.0,,78.3,41.4,18.2,3530.0,2025,Dec,98180
Baluwatar (SC-02) - GD Labs,2025-12-17,11.15,0.0,75.72,,52.6,,79.0,43.4,18.3,3600.0,2025,Dec,98180
Baluwatar (SC-02) - GD Labs,2025-12-18,12.32,0.0,68.39,,64.5,,98.6,41.2,18.7,4420.0,2025,Dec,98180
Baluwatar (SC-02) - GD Labs,2025-12-19,11.73,0.0,71.31,,67.0,,103.0,41.8,18.5,4520.0,2025,Dec,98180
Baluwatar (SC-02) - GD Labs,2025-12-20,10.4,0.0,69.77,,54.6,,83.3,43.9,18.1,3700.0,2025,Dec,98180
Baluwatar (SC-02) - GD Labs,2025-12-21,10.47,0.0,74.81,,60.0,,93.3,43.5,19.1,4220.0,2025,Dec,98180
Baluwatar (SC-02) - GD Labs,2025-12-22,11.72,0.0,75.07,,64.4,,99.9,41.1,19.9,4490.0,2025,Dec,98180
Baluwatar (SC-02) - GD Labs,2025-12-23,11.39,0.0,75.35,,58.9,,89.3,40.8,19.1,4060.0,2025,Dec,98180
Baluwatar (SC-02) - GD Labs,2025-12-24,10.34,0.0,77.25,,60.9,,94.1,48.4,16.1,4070.0,2025,Dec,98180
Baluwatar (SC-02) - GD Labs,2025-12-28,10.68,0.0,74.18,,53.6,,86.1,44.0,19.4,3760.0,2025,Dec,98180
Baluwatar (SC-02) - GD Labs,2025-12-29,9.68,0.0,72.77,,58.2,,92.2,46.0,17.7,3980.0,2025,Dec,98180
Baluwatar (SC-02) - GD Labs,2025-12-30,8.5,0.0,70.64,,55.3,,87.8,46.1,17.4,3750.0,2025,Dec,98180
Baluwatar (SC-02) - GD Labs,2025-12-31,9.21,0.0,63.44,,54.2,,86.1,44.8,17.6,3810.0,2025,Dec,98180
Lagankhel (SC - 05) - GD Labs,2025-10-03,20.09,30.14,86.24,,18.1,,28.7,58.0,24.4,1130.0,2025,Oct,128443
Lagankhel (SC - 05) - GD Labs,2025-10-04,19.59,69.53,91.67,,2.41,,4.7,61.5,22.3,346.0,2025,Oct,128443
Lagankhel (SC - 05) - GD Labs,2025-10-05,20.8,7.43,93.0,,1.81,,3.62,57.3,23.5,271.0,2025,Oct,128443
Lagankhel (SC - 05) - GD Labs,2025-10-06,19.8,0.37,90.92,,0.0,,0.0,59.8,22.8,75.2,2025,Oct,128443
Lagankhel (SC - 05) - GD Labs,2025-10-08,20.24,0.54,86.83,,12.2,,22.5,51.9,26.0,798.0,2025,Oct,128443
Lagankhel (SC - 05) - GD Labs,2025-10-09,20.47,0.29,83.37,,16.4,,27.5,51.8,25.2,985.0,2025,Oct,128443
Lagankhel (SC - 05) - GD Labs,2025-10-10,20.17,0.0,76.25,,14.4,,24.6,48.6,24.7,955.0,2025,Oct,128443
Lagankhel (SC - 05) - GD Labs,2025-10-11,19.5,0.0,78.89,,14.8,,25.8,43.0,25.3,964.0,2025,Oct,128443
Lagankhel (SC - 05) - GD Labs,2025-10-12,19.39,0.0,82.78,,20.2,,33.9,42.5,25.5,1270.0,2025,Oct,128443
Lagankhel (SC - 05) - GD Labs,2025-10-13,18.49,0.0,82.48,,17.3,,30.7,40.2,25.2,1100.0,2025,Oct,128443
Lagankhel (SC - 05) - GD Labs,2025-10-14,18.84,0.0,77.23,,22.3,,37.1,41.4,25.2,1360.0,2025,Oct,128443
Lagankhel (SC - 05) - GD Labs,2025-10-15,19.4,0.0,81.77,,24.6,,41.0,42.3,25.4,1620.0,2025,Oct,128443
Lagankhel (SC - 05) - GD Labs,2025-10-16,19.86,0.0,82.46,,22.4,,36.7,42.7,25.4,1440.0,2025,Oct,128443
Lagankhel (SC - 05) - GD Labs,2025-10-17,19.8,0.0,86.34,,22.8,,36.0,46.5,25.9,1390.0,2025,Oct,128443
Lagankhel (SC - 05) - GD Labs,2025-10-18,19.5,0.0,84.16,,21.8,,34.8,45.5,26.3,1370.0,2025,Oct,128443
Lagankhel (SC - 05) - GD Labs,2025-10-19,19.3,0.0,79.76,,19.7,,32.0,44.1,25.8,1200.0,2025,Oct,128443
Lagankhel (SC - 05) - GD Labs,2025-10-20,19.36,0.0,84.37,,20.4,,33.4,40.7,25.3,1330.0,2025,Oct,128443
Lagankhel (SC - 05) - GD Labs,2025-10-21,20.35,0.0,78.44,,16.3,,27.3,38.7,25.7,1080.0,2025,Oct,128443
Lagankhel (SC - 05) - GD Labs,2025-10-22,20.17,0.0,77.14,,18.4,,30.7,41.9,25.6,1210.0,2025,Oct,128443
Lagankhel (SC - 05) - GD Labs,2025-10-23,20.07,0.0,83.29,,17.5,,28.6,44.0,25.3,1090.0,2025,Oct,128443
Lagankhel (SC - 05) - GD Labs,2025-10-24,19.45,0.0,86.59,,18.1,,31.1,44.2,25.2,1150.0,2025,Oct,128443
Lagankhel (SC - 05) - GD Labs,2025-10-25,19.38,0.0,76.66,,20.5,,35.7,42.7,24.8,1300.0,2025,Oct,128443
Lagankhel (SC - 05) - GD Labs,2025-10-26,19.25,0.0,63.25,,22.0,,37.9,37.5,25.0,1440.0,2025,Oct,128443
Lagankhel (SC - 05) - GD Labs,2025-10-27,19.2,0.0,66.13,,23.1,,38.2,36.9,23.7,1510.0,2025,Oct,128443
Lagankhel (SC - 05) - GD Labs,2025-10-28,18.31,1.01,72.87,,26.2,,41.7,43.0,23.0,1660.0,2025,Oct,128443
Lagankhel (SC - 05) - GD Labs,2025-10-30,17.46,31.88,88.48,,23.6,,33.7,58.5,21.9,1380.0,2025,Oct,128443
Lagankhel (SC - 05) - GD Labs,2025-10-31,16.87,29.18,93.3,,15.7,,23.3,63.4,21.6,960.0,2025,Oct,128443
Lagankhel (SC - 05) - GD Labs,2025-11-01,17.89,7.76,93.37,,2.68,,4.84,63.0,21.7,372.0,2025,Nov,116552
Lagankhel (SC - 05) - GD Labs,2025-11-02,17.42,1.01,90.22,,8.78,,14.7,57.7,22.0,640.0,2025,Nov,116552
Lagankhel (SC - 05) - GD Labs,2025-11-03,17.65,0.65,84.17,,20.5,,34.8,53.1,23.0,1350.0,2025,Nov,116552
Lagankhel (SC - 05) - GD Labs,2025-11-04,18.63,0.14,81.45,,30.2,,52.3,50.7,23.7,2100.0,2025,Nov,116552
Lagankhel (SC - 05) - GD Labs,2025-11-05,18.34,0.0,80.04,,25.1,,43.0,48.5,23.5,1680.0,2025,Nov,116552
Lagankhel (SC - 05) - GD Labs,2025-11-06,18.03,0.0,75.37,,15.4,,26.8,48.0,23.1,1060.0,2025,Nov,116552
Lagankhel (SC - 05) - GD Labs,2025-11-07,17.35,0.0,79.89,,16.6,,27.2,48.0,22.6,1070.0,2025,Nov,116552
Lagankhel (SC - 05) - GD Labs,2025-11-08,17.09,0.0,79.39,,20.9,,35.7,44.6,22.7,1510.0,2025,Nov,116552
Lagankhel (SC - 05) - GD Labs,2025-11-09,17.09,0.0,75.24,,25.4,,39.9,42.8,23.4,1640.0,2025,Nov,116552
Lagankhel (SC - 05) - GD Labs,2025-11-10,16.19,0.0,73.07,,22.7,,36.0,42.8,22.9,1450.0,2025,Nov,116552
Lagankhel (SC - 05) - GD Labs,2025-11-11,15.76,0.0,73.9,,28.6,,45.3,44.0,22.3,1870.0,2025,Nov,116552
Lagankhel (SC - 05) - GD Labs,2025-11-12,15.45,0.0,74.36,,28.9,,46.2,45.7,20.7,1990.0,2025,Nov,116552
Lagankhel (SC - 05) - GD Labs,2025-11-13,15.0,0.0,75.51,,26.6,,42.9,42.6,21.9,1780.0,2025,Nov,116552
Lagankhel (SC - 05) - GD Labs,2025-11-14,14.58,0.0,70.83,,29.5,,46.6,45.4,20.7,1950.0,2025,Nov,116552
Lagankhel (SC - 05) - GD Labs,2025-11-15,14.78,0.0,75.93,,28.2,,44.7,43.6,21.4,1850.0,2025,Nov,116552
Lagankhel (SC - 05) - GD Labs,2025-11-16,14.88,0.0,74.77,,27.7,,43.8,43.3,21.2,1790.0,2025,Nov,116552
Lagankhel (SC - 05) - GD Labs,2025-11-17,14.51,0.0,72.26,,29.9,,46.9,43.7,20.9,1980.0,2025,Nov,116552
Lagankhel (SC - 05) - GD Labs,2025-11-18,15.55,0.0,67.09,,30.2,,47.2,44.6,21.3,2000.0,2025,Nov,116552
Lagankhel (SC - 05) - GD Labs,2025-11-19,15.23,0.0,81.7,,27.4,,42.0,44.4,21.1,1760.0,2025,Nov,116552
Lagankhel (SC - 05) - GD Labs,2025-11-20,14.72,0.0,88.0,,25.1,,38.3,44.7,21.0,1600.0,2025,Nov,116552
Lagankhel (SC - 05) - GD Labs,2025-11-21,14.48,0.0,87.79,,26.4,,39.9,44.9,21.0,1690.0,2025,Nov,116552
Lagankhel (SC - 05) - GD Labs,2025-11-22,14.11,0.0,88.76,,28.7,,43.7,44.6,20.6,1880.0,2025,Nov,116552
Lagankhel (SC - 05) - GD Labs,2025-11-23,13.52,0.0,85.05,,34.8,,58.8,44.8,20.1,2450.0,2025,Nov,116552
Lagankhel (SC - 05) - GD Labs,2025-11-24,12.56,0.0,79.1,,35.4,,61.5,43.6,20.4,2590.0,2025,Nov,116552
Lagankhel (SC - 05) - GD Labs,2025-11-25,13.19,0.0,70.19,,42.1,,72.8,41.6,20.0,3100.0,2025,Nov,116552
Lagankhel (SC - 05) - GD Labs,2025-11-26,13.76,0.0,76.11,,39.2,,63.2,40.8,19.8,2810.0,2025,Nov,116552
Lagankhel (SC - 05) - GD Labs,2025-11-27,15.24,0.0,72.73,,45.1,,71.4,42.8,20.1,3260.0,2025,Nov,116552
Lagankhel (SC - 05) - GD Labs,2025-11-28,14.73,0.0,74.04,,38.9,,60.4,41.0,20.1,2770.0,2025,Nov,116552
Lagankhel (SC - 05) - GD Labs,2025-11-29,14.01,0.0,76.82,,30.9,,47.2,40.3,19.9,2160.0,2025,Nov,116552
Lagankhel (SC - 05) - GD Labs,2025-11-30,13.6,0.0,75.06,,30.5,,47.5,41.4,19.8,2080.0,2025,Nov,116552
Lagankhel (SC - 05) - GD Labs,2025-12-01,13.22,0.0,77.38,,40.0,,63.2,45.2,19.8,2860.0,2025,Dec,98180
Lagankhel (SC - 05) - GD Labs,2025-12-02,13.09,0.0,66.35,,48.7,,80.9,46.4,19.8,3640.0,2025,Dec,98180
Lagankhel (SC - 05) - GD Labs,2025-12-03,12.94,0.0,65.61,,48.5,,82.4,46.1,20.0,3640.0,2025,Dec,98180
Lagankhel (SC - 05) - GD Labs,2025-12-04,12.94,0.0,59.29,,35.1,,58.4,42.4,19.9,2560.0,2025,Dec,98180
Lagankhel (SC - 05) - GD Labs,2025-12-05,12.66,0.0,65.81,,34.6,,57.1,42.4,19.6,2480.0,2025,Dec,98180
Lagankhel (SC - 05) - GD Labs,2025-12-06,12.34,0.0,63.16,,36.7,,59.8,42.7,19.1,2640.0,2025,Dec,98180
Lagankhel (SC - 05) - GD Labs,2025-12-07,12.55,0.0,68.9,,38.6,,62.3,43.9,18.9,2820.0,2025,Dec,98180
Lagankhel (SC - 05) - GD Labs,2025-12-08,13.05,0.0,70.87,,41.9,,66.8,43.5,19.1,3030.0,2025,Dec,98180
Lagankhel (SC - 05) - GD Labs,2025-12-09,12.43,0.0,71.63,,40.9,,64.6,44.2,19.0,2880.0,2025,Dec,98180
Lagankhel (SC - 05) - GD Labs,2025-12-10,12.29,0.0,65.67,,35.4,,55.2,42.7,18.8,2450.0,2025,Dec,98180
Lagankhel (SC - 05) - GD Labs,2025-12-11,12.7,0.0,64.78,,39.2,,60.4,42.1,18.9,2780.0,2025,Dec,98180
Lagankhel (SC - 05) - GD Labs,2025-12-12,12.55,0.0,74.27,,39.7,,60.7,43.5,18.1,2800.0,2025,Dec,98180
Lagankhel (SC - 05) - GD Labs,2025-12-13,13.0,0.0,73.7,,47.0,,71.8,48.1,16.1,3410.0,2025,Dec,98180
Lagankhel (SC - 05) - GD Labs,2025-12-14,13.45,0.0,75.69,,48.6,,74.8,44.6,17.7,3570.0,2025,Dec,98180
Lagankhel (SC - 05) - GD Labs,2025-12-15,12.67,0.0,81.06,,40.0,,60.7,44.4,17.7,2880.0,2025,Dec,98180
Lagankhel (SC - 05) - GD Labs,2025-12-16,11.97,0.0,78.57,,37.6,,57.3,44.7,17.3,2660.0,2025,Dec,98180
Lagankhel (SC - 05) - GD Labs,2025-12-17,11.15,0.0,75.72,,45.1,,69.0,46.8,17.4,3270.0,2025,Dec,98180
Lagankhel (SC - 05) - GD Labs,2025-12-18,12.32,0.0,68.39,,54.0,,84.5,43.6,17.7,3970.0,2025,Dec,98180
Lagankhel (SC - 05) - GD Labs,2025-12-19,11.73,0.0,71.31,,43.5,,67.0,44.7,17.6,3120.0,2025,Dec,98180
Lagankhel (SC - 05) - GD Labs,2025-12-20,10.4,0.0,69.77,,39.8,,62.5,44.6,18.2,2840.0,2025,Dec,98180
Lagankhel (SC - 05) - GD Labs,2025-12-21,10.47,0.0,74.81,,44.8,,71.3,43.8,18.9,3290.0,2025,Dec,98180
Lagankhel (SC - 05) - GD Labs,2025-12-22,11.72,0.0,75.07,,44.5,,69.3,42.2,19.1,3210.0,2025,Dec,98180
Lagankhel (SC - 05) - GD Labs,2025-12-23,11.39,0.0,75.35,,39.9,,61.9,41.6,18.9,2880.0,2025,Dec,98180
Lagankhel (SC - 05) - GD Labs,2025-12-24,10.34,0.0,77.25,,34.5,,53.7,42.3,18.5,2370.0,2025,Dec,98180
Lagankhel (SC - 05) - GD Labs,2025-12-25,9.77,0.0,76.42,,36.5,,58.6,42.5,18.4,2630.0,2025,Dec,98180
Lagankhel (SC - 05) - GD Labs,2025-12-26,10.48,0.0,76.76,,46.7,,76.6,43.8,18.1,3390.0,2025,Dec,98180
Lagankhel (SC - 05) - GD Labs,2025-12-27,11.1,0.0,72.48,,47.5,,78.7,44.1,18.3,3540.0,2025,Dec,98180
Lagankhel (SC - 05) - GD Labs,2025-12-28,10.68,0.0,74.18,,44.9,,74.1,44.3,18.4,3350.0,2025,Dec,98180
Lagankhel (SC - 05) - GD Labs,2025-12-29,9.68,0.0,72.77,,38.8,,62.7,44.2,18.2,2810.0,2025,Dec,98180
Lagankhel (SC - 05) - GD Labs,2025-12-30,8.5,0.0,70.64,,41.3,,67.0,44.5,17.9,3020.0,2025,Dec,98180
Lagankhel (SC - 05) - GD Labs,2025-12-31,9.21,0.0,63.44,,44.6,,72.8,43.7,18.1,3250.0,2025,Dec,98180
Lamtangil (SC-04)- GD Labs,2025-12-24,10.34,0.0,77.25,,49.8,,79.7,41.8,19.6,3600.0,2025,Dec,98180
Lamtangil (SC-04)- GD Labs,2025-12-25,9.77,0.0,76.42,,52.1,,83.9,41.4,18.7,3710.0,2025,Dec,98180
Lamtangil (SC-04)- GD Labs,2025-12-26,10.48,0.0,76.76,,59.6,,96.7,41.9,18.9,4320.0,2025,Dec,98180
Lamtangil (SC-04)- GD Labs,2025-12-27,11.1,0.0,72.48,,69.6,,114.0,45.7,17.3,5060.0,2025,Dec,98180
Lamtangil (SC-04)- GD Labs,2025-12-28,10.68,0.0,74.18,,57.3,,94.5,43.5,19.6,4160.0,2025,Dec,98180
Lamtangil (SC-04)- GD Labs,2025-12-29,9.68,0.0,72.77,,58.4,,94.5,44.4,18.4,4230.0,2025,Dec,98180
Lamtangil (SC-04)- GD Labs,2025-12-30,8.5,0.0,70.64,,72.9,,118.0,50.6,16.0,5120.0,2025,Dec,98180
Lamtangil (SC-04)- GD Labs,2025-12-31,9.21,0.0,63.44,,64.3,,105.0,42.3,19.1,4660.0,2025,Dec,98180
Pulchowk (SC-44) - GD Labs,2025-09-19,21.22,22.54,88.39,,11.3,,19.5,53.4,27.2,753.0,2025,Sep,79981
Pulchowk (SC-44) - GD Labs,2025-09-20,21.26,0.45,90.48,,6.89,,13.6,51.3,27.2,600.0,2025,Sep,79981
Pulchowk (SC-44) - GD Labs,2025-09-21,21.28,0.28,90.61,,5.8,,12.2,52.0,27.6,527.0,2025,Sep,79981
Pulchowk (SC-44) - GD Labs,2025-09-22,21.89,0.43,92.08,,10.7,,21.5,51.9,28.4,774.0,2025,Sep,79981
Pulchowk (SC-44) - GD Labs,2025-09-23,22.35,0.04,88.97,,8.67,,17.1,52.9,28.3,641.0,2025,Sep,79981
Pulchowk (SC-44) - GD Labs,2025-09-24,22.61,0.02,86.87,,9.98,,18.5,51.7,28.6,698.0,2025,Sep,79981
Pulchowk (SC-44) - GD Labs,2025-09-25,22.09,0.01,90.65,,10.1,,16.6,48.2,28.7,686.0,2025,Sep,79981
Pulchowk (SC-44) - GD Labs,2025-09-26,23.18,0.02,84.65,,10.1,,16.5,49.6,29.0,765.0,2025,Sep,79981
Pulchowk (SC-44) - GD Labs,2025-09-27,22.6,0.29,87.71,,0.0278,,0.309,50.5,29.2,192.0,2025,Sep,79981
Pulchowk (SC-44) - GD Labs,2025-10-08,20.24,0.54,86.83,,11.4,,21.4,48.6,27.5,760.0,2025,Oct,128443
Pulchowk (SC-44) - GD Labs,2025-10-09,20.47,0.29,83.37,,14.0,,23.9,48.3,27.0,848.0,2025,Oct,128443
Pulchowk (SC-44) - GD Labs,2025-10-10,20.17,0.0,76.25,,12.4,,21.3,44.9,26.8,821.0,2025,Oct,128443
Pulchowk (SC-44) - GD Labs,2025-10-11,19.5,0.0,78.89,,14.3,,26.1,43.7,25.8,943.0,2025,Oct,128443
Pulchowk (SC-44) - GD Labs,2025-10-12,19.39,0.0,82.78,,20.2,,34.7,42.4,26.0,1270.0,2025,Oct,128443
Pulchowk (SC-44) - GD Labs,2025-10-13,18.49,0.0,82.48,,14.0,,27.1,40.2,25.7,910.0,2025,Oct,128443
Pulchowk (SC-44) - GD Labs,2025-10-27,19.2,0.0,66.13,,26.7,,43.2,36.3,26.3,1710.0,2025,Oct,128443
Pulchowk (SC-44) - GD Labs,2025-10-28,18.31,1.01,72.87,,29.6,,46.6,42.0,25.5,1980.0,2025,Oct,128443
Pulchowk (SC-44) - GD Labs,2025-10-29,18.35,0.22,82.47,,38.0,,60.4,45.7,25.2,2750.0,2025,Oct,128443
Pulchowk (SC-44) - GD Labs,2025-10-30,17.46,31.88,88.48,,21.9,,33.9,50.0,24.7,1360.0,2025,Oct,128443
Pulchowk (SC-44) - GD Labs,2025-10-31,16.87,29.18,93.3,,9.32,,13.9,52.0,24.9,641.0,2025,Oct,128443
Pulchowk (SC-44) - GD Labs,2025-11-01,17.89,7.76,93.37,,1.09,,2.33,54.2,24.4,265.0,2025,Nov,116552
Pulchowk (SC-44) - GD Labs,2025-11-02,17.42,1.01,90.22,,7.41,,12.4,52.0,24.4,539.0,2025,Nov,116552
Pulchowk (SC-44) - GD Labs,2025-11-03,17.65,0.65,84.17,,16.4,,29.0,48.8,25.1,1050.0,2025,Nov,116552
Pulchowk (SC-44) - GD Labs,2025-11-04,18.63,0.14,81.45,,28.3,,48.9,47.2,25.6,1890.0,2025,Nov,116552
Pulchowk (SC-44) - GD Labs,2025-11-05,18.34,0.0,80.04,,24.7,,41.8,45.6,25.5,1570.0,2025,Nov,116552
Pulchowk (SC-44) - GD Labs,2025-11-06,18.03,0.0,75.37,,13.2,,24.0,44.0,25.6,910.0,2025,Nov,116552
Pulchowk (SC-44) - GD Labs,2025-11-07,17.35,0.0,79.89,,16.2,,26.9,43.3,25.4,1050.0,2025,Nov,116552
Pulchowk (SC-44) - GD Labs,2025-11-08,17.09,0.0,79.39,,19.5,,32.4,41.2,25.2,1290.0,2025,Nov,116552
Pulchowk (SC-44) - GD Labs,2025-11-09,17.09,0.0,75.24,,21.8,,34.9,41.7,24.7,1370.0,2025,Nov,116552
Pulchowk (SC-44) - GD Labs,2025-11-10,16.19,0.0,73.07,,21.0,,33.2,41.3,24.5,1280.0,2025,Nov,116552
Pulchowk (SC-44) - GD Labs,2025-11-11,15.76,0.0,73.9,,25.5,,40.2,41.3,24.1,1610.0,2025,Nov,116552
Pulchowk (SC-44) - GD Labs,2025-11-12,15.45,0.0,74.36,,28.0,,44.6,41.3,23.4,1890.0,2025,Nov,116552
Pulchowk (SC-44) - GD Labs,2025-11-13,15.0,0.0,75.51,,35.2,,56.9,42.2,22.9,2440.0,2025,Nov,116552
Pulchowk (SC-44) - GD Labs,2025-11-14,14.58,0.0,70.83,,34.6,,55.5,45.3,22.6,2560.0,2025,Nov,116552
Pulchowk (SC-44) - GD Labs,2025-11-24,12.56,0.0,79.1,,37.7,,68.1,42.8,22.3,2810.0,2025,Nov,116552
Pulchowk (SC-44) - GD Labs,2025-11-25,13.19,0.0,70.19,,35.0,,59.1,38.6,22.6,2490.0,2025,Nov,116552
Pulchowk (SC-44) - GD Labs,2025-11-26,13.76,0.0,76.11,,32.9,,53.2,37.9,22.4,2260.0,2025,Nov,116552
Pulchowk (SC-44) - GD Labs,2025-11-27,15.24,0.0,72.73,,40.3,,63.1,40.4,22.2,2870.0,2025,Nov,116552
Pulchowk (SC-44) - GD Labs,2025-11-28,14.73,0.0,74.04,,32.1,,49.4,39.0,22.2,2200.0,2025,Nov,116552
Pulchowk (SC-44) - GD Labs,2025-11-29,14.01,0.0,76.82,,33.4,,55.9,38.2,21.8,2360.0,2025,Nov,116552
Pulchowk (SC-44) - GD Labs,2025-11-30,13.6,0.0,75.06,,27.3,,41.5,39.2,21.3,1760.0,2025,Nov,116552
Pulchowk (SC-44) - GD Labs,2025-12-01,13.22,0.0,77.38,,38.0,,59.8,42.0,21.8,2640.0,2025,Dec,98180
Pulchowk (SC-44) - GD Labs,2025-12-02,13.09,0.0,66.35,,44.0,,71.9,42.8,21.8,3220.0,2025,Dec,98180
Pulchowk (SC-44) - GD Labs,2025-12-03,12.94,0.0,65.61,,45.4,,76.7,43.0,21.9,3360.0,2025,Dec,98180
Pulchowk (SC-44) - GD Labs,2025-12-04,12.94,0.0,59.29,,35.4,,58.8,40.3,21.6,2550.0,2025,Dec,98180
Pulchowk (SC-44) - GD Labs,2025-12-05,12.66,0.0,65.81,,32.6,,53.7,39.3,21.7,2280.0,2025,Dec,98180
Pulchowk (SC-44) - GD Labs,2025-12-06,12.34,0.0,63.16,,34.8,,55.8,39.2,21.3,2420.0,2025,Dec,98180
Pulchowk (SC-44) - GD Labs,2025-12-07,12.55,0.0,68.9,,39.0,,62.5,40.8,20.9,2810.0,2025,Dec,98180
Pulchowk (SC-44) - GD Labs,2025-12-08,13.05,0.0,70.87,,36.5,,58.1,41.1,20.9,2550.0,2025,Dec,98180
Pulchowk (SC-44) - GD Labs,2025-12-09,12.43,0.0,71.63,,38.0,,59.4,39.9,21.6,2580.0,2025,Dec,98180
Pulchowk (SC-44) - GD Labs,2025-12-10,12.29,0.0,65.67,,34.5,,52.8,39.1,21.3,2320.0,2025,Dec,98180
Pulchowk (SC-44) - GD Labs,2025-12-11,12.7,0.0,64.78,,36.2,,55.0,38.1,21.6,2480.0,2025,Dec,98180
Pulchowk (SC-44) - GD Labs,2025-12-12,12.55,0.0,74.27,,35.5,,53.3,38.2,21.4,2430.0,2025,Dec,98180
Pulchowk (SC-44) - GD Labs,2025-12-13,13.0,0.0,73.7,,43.8,,66.3,38.8,20.9,3060.0,2025,Dec,98180
Pulchowk (SC-44) - GD Labs,2025-12-14,13.45,0.0,75.69,,42.9,,64.4,39.0,20.7,3040.0,2025,Dec,98180
Pulchowk (SC-44) - GD Labs,2025-12-15,12.67,0.0,81.06,,37.0,,55.6,38.5,21.1,2560.0,2025,Dec,98180
Pulchowk (SC-44) - GD Labs,2025-12-16,11.97,0.0,78.57,,37.2,,55.7,38.0,21.1,2560.0,2025,Dec,98180
Pulchowk (SC-44) - GD Labs,2025-12-17,11.15,0.0,75.72,,41.6,,62.9,39.8,21.1,2930.0,2025,Dec,98180
Pulchowk (SC-44) - GD Labs,2025-12-18,12.32,0.0,68.39,,49.2,,75.0,38.0,21.3,3540.0,2025,Dec,98180
Pulchowk (SC-44) - GD Labs,2025-12-19,11.73,0.0,71.31,,40.0,,61.2,37.6,21.4,2810.0,2025,Dec,98180
Pulchowk (SC-44) - GD Labs,2025-12-20,10.4,0.0,69.77,,37.4,,57.8,39.2,21.2,2600.0,2025,Dec,98180
Pulchowk (SC-44) - GD Labs,2025-12-21,10.47,0.0,74.81,,42.4,,65.4,40.3,21.1,3060.0,2025,Dec,98180
Pulchowk (SC-44) - GD Labs,2025-12-22,11.72,0.0,75.07,,42.3,,64.9,39.4,21.5,2980.0,2025,Dec,98180
Pulchowk (SC-44) - GD Labs,2025-12-23,11.39,0.0,75.35,,37.4,,56.7,38.3,21.2,2640.0,2025,Dec,98180
Pulchowk (SC-44) - GD Labs,2025-12-24,10.34,0.0,77.25,,32.0,,49.0,38.6,21.1,2150.0,2025,Dec,98180
Pulchowk (SC-44) - GD Labs,2025-12-25,9.77,0.0,76.42,,35.1,,55.1,38.6,20.9,2470.0,2025,Dec,98180
Pulchowk (SC-44) - GD Labs,2025-12-26,10.48,0.0,76.76,,44.8,,71.8,39.4,20.7,3210.0,2025,Dec,98180
Pulchowk (SC-44) - GD Labs,2025-12-27,11.1,0.0,72.48,,47.1,,77.3,40.2,20.5,3460.0,2025,Dec,98180
Pulchowk (SC-44) - GD Labs,2025-12-28,10.68,0.0,74.18,,42.6,,69.0,41.3,20.4,3130.0,2025,Dec,98180
Pulchowk (SC-44) - GD Labs,2025-12-29,9.68,0.0,72.77,,38.2,,60.5,40.1,20.9,2730.0,2025,Dec,98180
Pulchowk (SC-44) - GD Labs,2025-12-30,8.5,0.0,70.64,,40.2,,64.2,40.1,20.6,2910.0,2025,Dec,98180
Pulchowk (SC-44) - GD Labs,2025-12-31,9.21,0.0,63.44,,45.6,,74.0,39.7,20.6,3260.0,2025,Dec,98180
Nakhipot (SC-08) - GD Labs,2025-09-19,21.22,22.54,88.39,,10.9,,19.1,53.9,25.6,743.0,2025,Sep,79981
Nakhipot (SC-08) - GD Labs,2025-09-20,21.26,0.45,90.48,,7.15,,14.3,50.2,27.0,595.0,2025,Sep,79981
Nakhipot (SC-08) - GD Labs,2025-09-21,21.28,0.28,90.61,,7.9,,16.0,51.9,26.9,612.0,2025,Sep,79981
Nakhipot (SC-08) - GD Labs,2025-09-22,21.89,0.43,92.08,,13.9,,26.3,52.6,27.3,901.0,2025,Sep,79981
Nakhipot (SC-08) - GD Labs,2025-09-23,22.35,0.04,88.97,,11.5,,21.7,51.6,28.1,762.0,2025,Sep,79981
Nakhipot (SC-08) - GD Labs,2025-09-24,22.61,0.02,86.87,,11.3,,21.6,52.1,27.5,781.0,2025,Sep,79981
Nakhipot (SC-08) - GD Labs,2025-09-25,22.09,0.01,90.65,,10.1,,17.2,47.6,27.8,704.0,2025,Sep,79981
Nakhipot (SC-08) - GD Labs,2025-09-26,23.18,0.02,84.65,,11.3,,18.3,47.8,28.2,827.0,2025,Sep,79981
Nakhipot (SC-08) - GD Labs,2025-09-27,22.6,0.29,87.71,,10.5,,17.2,49.4,27.5,715.0,2025,Sep,79981
Nakhipot (SC-08) - GD Labs,2025-09-28,21.6,1.16,88.34,,12.7,,22.3,52.4,26.5,811.0,2025,Sep,79981
Nakhipot (SC-08) - GD Labs,2025-09-29,21.41,1.17,87.67,,14.9,,25.5,51.7,26.7,939.0,2025,Sep,79981
Nakhipot (SC-08) - GD Labs,2025-10-15,19.4,0.0,81.77,,20.0,,33.4,33.8,27.6,1270.0,2025,Oct,128443
Nakhipot (SC-08) - GD Labs,2025-10-16,19.86,0.0,82.46,,18.9,,31.6,37.1,25.7,1160.0,2025,Oct,128443
Nakhipot (SC-08) - GD Labs,2025-10-17,19.8,0.0,86.34,,23.9,,37.7,45.8,25.4,1480.0,2025,Oct,128443
Nakhipot (SC-08) - GD Labs,2025-10-18,19.5,0.0,84.16,,24.1,,38.1,49.0,23.9,1510.0,2025,Oct,128443
Nakhipot (SC-08) - GD Labs,2025-10-19,19.3,0.0,79.76,,21.6,,35.2,43.1,25.0,1370.0,2025,Oct,128443
Nakhipot (SC-08) - GD Labs,2025-10-20,19.36,0.0,84.37,,21.0,,34.4,41.1,23.9,1320.0,2025,Oct,128443
Nakhipot (SC-08) - GD Labs,2025-10-21,20.35,0.0,78.44,,17.7,,29.0,36.9,25.9,1110.0,2025,Oct,128443
Nakhipot (SC-08) - GD Labs,2025-10-22,20.17,0.0,77.14,,18.9,,31.3,40.6,24.5,1220.0,2025,Oct,128443
Nakhipot (SC-08) - GD Labs,2025-10-23,20.07,0.0,83.29,,15.8,,26.9,45.3,24.8,954.0,2025,Oct,128443
Nakhipot (SC-08) - GD Labs,2025-10-24,19.45,0.0,86.59,,19.5,,32.4,44.7,24.2,1170.0,2025,Oct,128443
Nakhipot (SC-08) - GD Labs,2025-10-25,19.38,0.0,76.66,,26.6,,44.0,44.7,24.7,1670.0,2025,Oct,128443
Nakhipot (SC-08) - GD Labs,2025-10-26,19.25,0.0,63.25,,23.0,,39.2,37.2,24.5,1470.0,2025,Oct,128443
Nakhipot (SC-08) - GD Labs,2025-10-27,19.2,0.0,66.13,,28.0,,44.7,37.7,23.4,1820.0,2025,Oct,128443
Nakhipot (SC-08) - GD Labs,2025-10-28,18.31,1.01,72.87,,39.2,,62.9,46.4,21.6,2740.0,2025,Oct,128443
Nakhipot (SC-08) - GD Labs,2025-10-29,18.35,0.22,82.47,,43.3,,70.3,50.8,21.8,3200.0,2025,Oct,128443
Nakhipot (SC-08) - GD Labs,2025-10-30,17.46,31.88,88.48,,23.8,,36.7,58.6,21.2,1480.0,2025,Oct,128443
Nakhipot (SC-08) - GD Labs,2025-10-31,16.87,29.18,93.3,,17.2,,25.7,61.4,21.5,1030.0,2025,Oct,128443
Nakhipot (SC-08) - GD Labs,2025-11-01,17.89,7.76,93.37,,5.38,,9.57,62.5,21.6,483.0,2025,Nov,116552
Nakhipot (SC-08) - GD Labs,2025-11-02,17.42,1.01,90.22,,11.3,,18.3,57.3,22.0,745.0,2025,Nov,116552
Nakhipot (SC-08) - GD Labs,2025-11-03,17.65,0.65,84.17,,24.0,,39.3,52.1,22.9,1520.0,2025,Nov,116552
Nakhipot (SC-08) - GD Labs,2025-11-04,18.63,0.14,81.45,,30.2,,52.8,48.9,23.8,2080.0,2025,Nov,116552
Nakhipot (SC-08) - GD Labs,2025-11-05,18.34,0.0,80.04,,25.3,,43.6,50.2,22.2,1700.0,2025,Nov,116552
Nakhipot (SC-08) - GD Labs,2025-11-06,18.03,0.0,75.37,,15.2,,27.1,45.3,23.1,1060.0,2025,Nov,116552
Sunakothi (SC - 06) - GD Labs,2025-09-19,21.22,22.54,88.39,,6.17,,13.0,50.1,27.0,567.0,2025,Sep,79981
Sunakothi (SC - 06) - GD Labs,2025-09-20,21.26,0.45,90.48,,4.64,,9.38,45.8,28.4,467.0,2025,Sep,79981
Sunakothi (SC - 06) - GD Labs,2025-09-21,21.28,0.28,90.61,,5.83,,13.3,45.4,29.1,542.0,2025,Sep,79981
Sunakothi (SC - 06) - GD Labs,2025-09-22,21.89,0.43,92.08,,9.75,,20.6,46.4,29.5,731.0,2025,Sep,79981
Sunakothi (SC - 06) - GD Labs,2025-09-23,22.35,0.04,88.97,,8.72,,18.9,45.7,30.2,677.0,2025,Sep,79981
Sunakothi (SC - 06) - GD Labs,2025-09-24,22.61,0.02,86.87,,8.91,,17.8,46.7,29.3,688.0,2025,Sep,79981
Sunakothi (SC - 06) - GD Labs,2025-09-25,22.09,0.01,90.65,,8.52,,15.5,43.2,29.8,647.0,2025,Sep,79981
Sunakothi (SC - 06) - GD Labs,2025-09-26,23.18,0.02,84.65,,7.35,,12.0,41.7,30.7,590.0,2025,Sep,79981
Sunakothi (SC - 06) - GD Labs,2025-09-27,22.6,0.29,87.71,,8.88,,15.6,45.0,29.2,678.0,2025,Sep,79981
Sunakothi (SC - 06) - GD Labs,2025-09-28,21.6,1.16,88.34,,9.46,,17.3,45.5,28.8,705.0,2025,Sep,79981
Sunakothi (SC - 06) - GD Labs,2025-09-29,21.41,1.17,87.67,,12.3,,21.0,45.7,28.7,823.0,2025,Sep,79981
Sunakothi (SC - 06) - GD Labs,2025-09-30,22.12,5.3,80.18,,12.7,,22.1,45.9,28.6,848.0,2025,Sep,79981
Sunakothi (SC - 06) - GD Labs,2025-10-01,21.64,12.24,84.98,,3.98,,8.34,45.7,27.5,444.0,2025,Oct,128443
Sunakothi (SC - 06) - GD Labs,2025-10-02,20.0,19.7,91.42,,6.59,,12.1,50.6,25.9,555.0,2025,Oct,128443
Sunakothi (SC - 06) - GD Labs,2025-10-03,20.09,30.14,86.24,,14.6,,24.1,51.8,25.7,957.0,2025,Oct,128443
Sunakothi (SC - 06) - GD Labs,2025-10-04,19.59,69.53,91.67,,2.66,,5.21,54.6,23.6,360.0,2025,Oct,128443
Sunakothi (SC - 06) - GD Labs,2025-10-05,20.8,7.43,93.0,,0.527,,1.23,49.1,25.8,185.0,2025,Oct,128443
Sunakothi (SC - 06) - GD Labs,2025-10-06,19.8,0.37,90.92,,1.56,,3.81,45.9,27.3,294.0,2025,Oct,128443
Sunakothi (SC - 06) - GD Labs,2025-10-07,19.63,0.2,91.78,,6.84,,13.8,45.7,27.2,588.0,2025,Oct,128443
Sunakothi (SC - 06) - GD Labs,2025-10-08,20.24,0.54,86.83,,10.1,,20.0,43.1,28.4,730.0,2025,Oct,128443
Sunakothi (SC - 06) - GD Labs,2025-10-09,20.47,0.29,83.37,,14.8,,26.2,42.3,28.0,925.0,2025,Oct,128443
Sunakothi (SC - 06) - GD Labs,2025-10-10,20.17,0.0,76.25,,10.9,,20.4,39.7,27.6,754.0,2025,Oct,128443
Sunakothi (SC - 06) - GD Labs,2025-10-11,19.5,0.0,78.89,,11.9,,21.5,36.2,27.1,818.0,2025,Oct,128443
Sunakothi (SC - 06) - GD Labs,2025-10-12,19.39,0.0,82.78,,16.6,,30.6,35.9,27.3,1060.0,2025,Oct,128443
Sunakothi (SC - 06) - GD Labs,2025-10-13,18.49,0.0,82.48,,17.9,,32.6,34.1,26.9,1160.0,2025,Oct,128443
Sunakothi (SC - 06) - GD Labs,2025-10-14,18.84,0.0,77.23,,21.2,,36.5,36.5,26.3,1290.0,2025,Oct,128443
Sunakothi (SC - 06) - GD Labs,2025-10-15,19.4,0.0,81.77,,20.8,,34.9,36.0,27.0,1300.0,2025,Oct,128443
Sunakothi (SC - 06) - GD Labs,2025-10-16,19.86,0.0,82.46,,19.1,,31.8,36.0,27.3,1190.0,2025,Oct,128443
Sunakothi (SC - 06) - GD Labs,2025-10-17,19.8,0.0,86.34,,21.2,,34.8,40.2,27.7,1330.0,2025,Oct,128443
Sunakothi (SC - 06) - GD Labs,2025-10-18,19.5,0.0,84.16,,20.0,,33.4,40.7,27.6,1280.0,2025,Oct,128443
Sunakothi (SC - 06) - GD Labs,2025-10-19,19.3,0.0,79.76,,20.9,,35.3,38.2,27.8,1340.0,2025,Oct,128443
Sunakothi (SC - 06) - GD Labs,2025-10-20,19.36,0.0,84.37,,19.4,,32.1,36.2,26.4,1210.0,2025,Oct,128443
Sunakothi (SC - 06) - GD Labs,2025-10-21,20.35,0.0,78.44,,15.4,,26.7,32.1,27.7,1010.0,2025,Oct,128443
Sunakothi (SC - 06) - GD Labs,2025-10-22,20.17,0.0,77.14,,15.9,,26.9,34.7,29.2,1040.0,2025,Oct,128443
Sunakothi (SC - 06) - GD Labs,2025-10-23,20.07,0.0,83.29,,16.1,,27.8,39.6,26.8,1060.0,2025,Oct,128443
Sunakothi (SC - 06) - GD Labs,2025-10-24,19.45,0.0,86.59,,16.9,,29.4,39.4,26.3,1060.0,2025,Oct,128443
Sunakothi (SC - 06) - GD Labs,2025-10-25,19.38,0.0,76.66,,20.3,,35.6,37.8,26.4,1260.0,2025,Oct,128443
Sunakothi (SC - 06) - GD Labs,2025-10-26,19.25,0.0,63.25,,23.0,,40.5,32.7,26.4,1520.0,2025,Oct,128443
Sunakothi (SC - 06) - GD Labs,2025-10-27,19.2,0.0,66.13,,22.1,,36.5,33.4,24.2,1360.0,2025,Oct,128443
Sunakothi (SC - 06) - GD Labs,2025-10-28,18.31,1.01,72.87,,31.7,,50.9,42.8,22.5,2200.0,2025,Oct,128443
Sunakothi (SC - 06) - GD Labs,2025-10-29,18.35,0.22,82.47,,38.2,,62.7,45.9,23.0,2820.0,2025,Oct,128443
Sunakothi (SC - 06) - GD Labs,2025-10-30,17.46,31.88,88.48,,21.3,,34.6,52.9,22.2,1370.0,2025,Oct,128443
Sunakothi (SC - 06) - GD Labs,2025-10-31,16.87,29.18,93.3,,11.7,,19.6,54.8,22.7,803.0,2025,Oct,128443
Sunakothi (SC - 06) - GD Labs,2025-11-01,17.89,7.76,93.37,,2.63,,5.35,55.2,23.1,369.0,2025,Nov,116552
Sunakothi (SC - 06) - GD Labs,2025-11-02,17.42,1.01,90.22,,8.06,,14.3,50.2,23.5,613.0,2025,Nov,116552
Sunakothi (SC - 06) - GD Labs,2025-11-03,17.65,0.65,84.17,,18.4,,32.9,46.4,24.6,1180.0,2025,Nov,116552
Sunakothi (SC - 06) - GD Labs,2025-11-04,18.63,0.14,81.45,,28.4,,48.6,43.5,25.4,1900.0,2025,Nov,116552
Sunakothi (SC - 06) - GD Labs,2025-11-05,18.34,0.0,80.04,,20.9,,36.9,40.6,25.5,1470.0,2025,Nov,116552
Sunakothi (SC - 06) - GD Labs,2025-11-06,18.03,0.0,75.37,,10.9,,20.2,39.9,25.5,789.0,2025,Nov,116552
Sunakothi (SC - 06) - GD Labs,2025-11-07,17.35,0.0,79.89,,14.6,,25.2,39.9,24.9,988.0,2025,Nov,116552
Sunakothi (SC - 06) - GD Labs,2025-11-08,17.09,0.0,79.39,,23.9,,39.6,38.7,24.5,1590.0,2025,Nov,116552
Sunakothi (SC - 06) - GD Labs,2025-11-09,17.09,0.0,75.24,,20.3,,33.0,38.0,24.3,1270.0,2025,Nov,116552
Sunakothi (SC - 06) - GD Labs,2025-11-10,16.19,0.0,73.07,,23.9,,38.0,39.0,23.7,1520.0,2025,Nov,116552
Sunakothi (SC - 06) - GD Labs,2025-11-11,15.76,0.0,73.9,,27.1,,43.0,40.5,23.1,1760.0,2025,Nov,116552
Sunakothi (SC - 06) - GD Labs,2025-11-12,15.45,0.0,74.36,,28.9,,46.3,43.5,20.9,1960.0,2025,Nov,116552
Sunakothi (SC - 06) - GD Labs,2025-11-13,15.0,0.0,75.51,,27.8,,46.3,39.4,22.5,1970.0,2025,Nov,116552
Sunakothi (SC - 06) - GD Labs,2025-11-14,14.58,0.0,70.83,,29.4,,47.3,43.2,20.8,1970.0,2025,Nov,116552
Sunakothi (SC - 06) - GD Labs,2025-11-15,14.78,0.0,75.93,,28.3,,45.4,40.8,21.6,1850.0,2025,Nov,116552
Sunakothi (SC - 06) - GD Labs,2025-11-16,14.88,0.0,74.77,,26.3,,42.8,39.1,21.8,1670.0,2025,Nov,116552
Sunakothi (SC - 06) - GD Labs,2025-11-17,14.51,0.0,72.26,,27.4,,44.5,39.8,21.3,1790.0,2025,Nov,116552
Sunakothi (SC - 06) - GD Labs,2025-11-18,15.55,0.0,67.09,,24.1,,39.2,40.4,22.2,1550.0,2025,Nov,116552
Sunakothi (SC - 06) - GD Labs,2025-11-19,15.23,0.0,81.7,,25.4,,39.7,40.3,21.8,1600.0,2025,Nov,116552
Sunakothi (SC - 06) - GD Labs,2025-11-20,14.72,0.0,88.0,,23.5,,36.5,40.7,21.7,1510.0,2025,Nov,116552
Sunakothi (SC - 06) - GD Labs,2025-11-21,14.48,0.0,87.79,,28.0,,42.6,41.3,21.7,1840.0,2025,Nov,116552
Sunakothi (SC - 06) - GD Labs,2025-11-22,14.11,0.0,88.76,,25.9,,40.0,40.9,21.2,1630.0,2025,Nov,116552
Sunakothi (SC - 06) - GD Labs,2025-11-23,13.52,0.0,85.05,,31.2,,53.6,41.5,20.6,2130.0,2025,Nov,116552
Sunakothi (SC - 06) - GD Labs,2025-11-24,12.56,0.0,79.1,,33.9,,59.7,40.8,20.6,2440.0,2025,Nov,116552
Sunakothi (SC - 06) - GD Labs,2025-11-25,13.19,0.0,70.19,,36.2,,65.1,38.3,20.5,2600.0,2025,Nov,116552
Sunakothi (SC - 06) - GD Labs,2025-11-26,13.76,0.0,76.11,,30.0,,48.9,36.8,20.5,2010.0,2025,Nov,116552
Sunakothi (SC - 06) - GD Labs,2025-11-27,15.24,0.0,72.73,,32.8,,53.9,38.4,20.9,2320.0,2025,Nov,116552
Sunakothi (SC - 06) - GD Labs,2025-11-28,14.73,0.0,74.04,,31.5,,49.5,35.9,20.9,2110.0,2025,Nov,116552
Sunakothi (SC - 06) - GD Labs,2025-11-29,14.01,0.0,76.82,,27.4,,43.6,35.7,20.5,1890.0,2025,Nov,116552
Sunakothi (SC - 06) - GD Labs,2025-11-30,13.6,0.0,75.06,,22.5,,34.8,38.1,20.1,1430.0,2025,Nov,116552
Sunakothi (SC - 06) - GD Labs,2025-12-01,13.22,0.0,77.38,,36.8,,58.8,42.1,20.1,2620.0,2025,Dec,98180
Sunakothi (SC - 06) - GD Labs,2025-12-02,13.09,0.0,66.35,,41.5,,70.7,43.6,20.3,3080.0,2025,Dec,98180
Sunakothi (SC - 06) - GD Labs,2025-12-03,12.94,0.0,65.61,,43.9,,75.1,42.2,20.4,3270.0,2025,Dec,98180
Sunakothi (SC - 06) - GD Labs,2025-12-04,12.94,0.0,59.29,,33.7,,56.7,40.8,20.2,2370.0,2025,Dec,98180
Sunakothi (SC - 06) - GD Labs,2025-12-05,12.66,0.0,65.81,,35.3,,58.8,39.1,20.1,2470.0,2025,Dec,98180
Sunakothi (SC - 06) - GD Labs,2025-12-06,12.34,0.0,63.16,,31.9,,52.7,39.6,19.6,2130.0,2025,Dec,98180
Sunakothi (SC - 06) - GD Labs,2025-12-07,12.55,0.0,68.9,,32.8,,53.5,39.6,19.3,2170.0,2025,Dec,98180
Sunakothi (SC - 06) - GD Labs,2025-12-08,13.05,0.0,70.87,,36.0,,60.4,38.8,19.9,2480.0,2025,Dec,98180
Sunakothi (SC - 06) - GD Labs,2025-12-09,12.43,0.0,71.63,,30.1,,49.3,40.6,19.7,2010.0,2025,Dec,98180
Sunakothi (SC - 06) - GD Labs,2025-12-10,12.29,0.0,65.67,,28.6,,48.1,38.1,19.4,1900.0,2025,Dec,98180
Sunakothi (SC - 06) - GD Labs,2025-12-11,12.7,0.0,64.78,,34.1,,53.3,38.2,19.7,2350.0,2025,Dec,98180
Sunakothi (SC - 06) - GD Labs,2025-12-12,12.55,0.0,74.27,,37.1,,59.6,37.6,19.7,2540.0,2025,Dec,98180
Sunakothi (SC - 06) - GD Labs,2025-12-13,13.0,0.0,73.7,,38.9,,59.9,36.5,19.8,2730.0,2025,Dec,98180
Sunakothi (SC - 06) - GD Labs,2025-12-14,13.45,0.0,75.69,,40.7,,62.5,37.0,19.9,2870.0,2025,Dec,98180
Sunakothi (SC - 06) - GD Labs,2025-12-15,12.67,0.0,81.06,,29.9,,45.8,36.8,19.6,1970.0,2025,Dec,98180
Sunakothi (SC - 06) - GD Labs,2025-12-16,11.97,0.0,78.57,,27.1,,42.4,37.8,19.4,1760.0,2025,Dec,98180
Sunakothi (SC - 06) - GD Labs,2025-12-17,11.15,0.0,75.72,,36.3,,57.0,38.9,19.3,2490.0,2025,Dec,98180
Sunakothi (SC - 06) - GD Labs,2025-12-18,12.32,0.0,68.39,,38.9,,60.7,35.6,19.9,2750.0,2025,Dec,98180
Sunakothi (SC - 06) - GD Labs,2025-12-19,11.73,0.0,71.31,,33.5,,52.8,37.4,19.7,2250.0,2025,Dec,98180
Sunakothi (SC - 06) - GD Labs,2025-12-20,10.4,0.0,69.77,,38.8,,60.7,39.7,19.3,2730.0,2025,Dec,98180
Sunakothi (SC - 06) - GD Labs,2025-12-21,10.47,0.0,74.81,,39.3,,62.3,40.0,19.5,2730.0,2025,Dec,98180
Sunakothi (SC - 06) - GD Labs,2025-12-22,11.72,0.0,75.07,,37.3,,59.3,37.5,19.8,2670.0,2025,Dec,98180
Sunakothi (SC - 06) - GD Labs,2025-12-23,11.39,0.0,75.35,,35.6,,57.8,36.6,20.2,2400.0,2025,Dec,98180
Sunakothi (SC - 06) - GD Labs,2025-12-24,10.34,0.0,77.25,,34.2,,55.3,38.7,18.8,2210.0,2025,Dec,98180
Sunakothi (SC - 06) - GD Labs,2025-12-25,9.77,0.0,76.42,,34.4,,55.4,39.7,18.5,2350.0,2025,Dec,98180
Sunakothi (SC - 06) - GD Labs,2025-12-26,10.48,0.0,76.76,,46.5,,76.8,40.0,18.9,3260.0,2025,Dec,98180
Sunakothi (SC - 06) - GD Labs,2025-12-27,11.1,0.0,72.48,,39.5,,64.9,39.9,19.1,2740.0,2025,Dec,98180
Sunakothi (SC - 06) - GD Labs,2025-12-28,10.68,0.0,74.18,,36.3,,59.5,39.6,19.3,2470.0,2025,Dec,98180
Sunakothi (SC - 06) - GD Labs,2025-12-29,9.68,0.0,72.77,,32.6,,53.2,39.5,18.9,2150.0,2025,Dec,98180
Sunakothi (SC - 06) - GD Labs,2025-12-30,8.5,0.0,70.64,,34.0,,55.5,40.7,18.2,2190.0,2025,Dec,98180
Sunakothi (SC - 06) - GD Labs,2025-12-31,9.21,0.0,63.44,,42.6,,70.8,39.6,18.7,2920.0,2025,Dec,98180
Chovar (SC - 07) - GD Labs,2025-09-19,23.67,42.01,88.04,,8.74,,16.7,56.9,25.9,670.0,2025,Sep,79981
Chovar (SC - 07) - GD Labs,2025-09-20,23.51,1.38,90.85,,4.53,,10.2,52.3,26.9,483.0,2025,Sep,79981
Chovar (SC - 07) - GD Labs,2025-09-21,23.82,0.14,90.77,,4.69,,10.6,52.1,27.5,477.0,2025,Sep,79981
Chovar (SC - 07) - GD Labs,2025-09-22,24.6,0.19,88.89,,9.6,,20.0,51.2,28.7,729.0,2025,Sep,79981
Chovar (SC - 07) - GD Labs,2025-09-23,25.09,0.09,85.9,,7.03,,15.2,52.2,28.4,589.0,2025,Sep,79981
Chovar (SC - 07) - GD Labs,2025-09-24,24.88,0.09,88.24,,8.18,,16.6,55.9,26.9,645.0,2025,Sep,79981
Chovar (SC - 07) - GD Labs,2025-09-25,24.58,0.02,88.81,,9.27,,16.8,51.4,27.2,690.0,2025,Sep,79981
Chovar (SC - 07) - GD Labs,2025-09-26,25.87,0.06,82.34,,10.7,,18.0,51.1,28.1,790.0,2025,Sep,79981
Chovar (SC - 07) - GD Labs,2025-09-27,25.09,0.15,88.37,,4.71,,9.07,50.2,27.8,478.0,2025,Sep,79981
Chovar (SC - 07) - GD Labs,2025-09-28,24.2,0.6,88.65,,9.12,,17.6,53.6,27.1,690.0,2025,Sep,79981
Chovar (SC - 07) - GD Labs,2025-09-29,24.16,0.73,86.36,,13.2,,23.1,53.9,26.9,881.0,2025,Sep,79981
Chovar (SC - 07) - GD Labs,2025-09-30,24.62,6.82,82.38,,12.2,,20.6,52.5,27.1,791.0,2025,Sep,79981
Chovar (SC - 07) - GD Labs,2025-10-01,24.56,18.0,85.69,,4.35,,8.56,50.7,26.6,443.0,2025,Oct,128443
Chovar (SC - 07) - GD Labs,2025-10-02,22.8,23.75,93.94,,2.6,,5.97,56.0,24.8,375.0,2025,Oct,128443
Chovar (SC - 07) - GD Labs,2025-10-03,22.87,49.6,86.44,,11.8,,19.9,56.6,24.9,816.0,2025,Oct,128443
Chovar (SC - 07) - GD Labs,2025-10-04,21.95,84.69,93.09,,1.49,,3.14,60.4,22.7,247.0,2025,Oct,128443
Chovar (SC - 07) - GD Labs,2025-10-05,23.25,3.55,91.16,,0.953,,1.81,58.2,23.5,194.0,2025,Oct,128443
Chovar (SC - 07) - GD Labs,2025-10-06,22.6,0.29,89.37,,1.7,,4.26,54.9,25.1,315.0,2025,Oct,128443
Chovar (SC - 07) - GD Labs,2025-10-07,22.49,0.06,90.86,,5.45,,12.1,55.5,24.9,530.0,2025,Oct,128443
Chovar (SC - 07) - GD Labs,2025-10-08,22.99,0.35,87.26,,10.2,,21.0,54.1,25.3,734.0,2025,Oct,128443
Chovar (SC - 07) - GD Labs,2025-10-09,22.99,0.27,85.8,,9.35,,19.7,51.9,25.2,698.0,2025,Oct,128443
Chovar (SC - 07) - GD Labs,2025-10-10,22.33,0.0,81.69,,8.89,,18.5,48.5,24.9,683.0,2025,Oct,128443
Chovar (SC - 07) - GD Labs,2025-10-11,21.83,0.0,84.99,,12.6,,23.9,46.1,23.9,823.0,2025,Oct,128443
Chovar (SC - 07) - GD Labs,2025-10-12,21.52,0.0,84.48,,16.1,,29.3,44.6,24.4,1010.0,2025,Oct,128443
Chovar (SC - 07) - GD Labs,2025-10-13,20.7,0.0,81.37,,15.1,,28.3,42.8,24.1,923.0,2025,Oct,128443
Chovar (SC - 07) - GD Labs,2025-10-14,21.33,0.0,75.08,,19.5,,33.8,43.0,24.3,1130.0,2025,Oct,128443
Chovar (SC - 07) - GD Labs,2025-10-15,21.74,0.0,81.07,,20.1,,34.2,43.8,24.4,1240.0,2025,Oct,128443
Chovar (SC - 07) - GD Labs,2025-10-16,22.3,0.0,81.31,,17.2,,29.4,44.2,24.6,1020.0,2025,Oct,128443
Chovar (SC - 07) - GD Labs,2025-10-17,22.6,0.0,81.69,,21.0,,33.1,48.7,25.0,1190.0,2025,Oct,128443
Chovar (SC - 07) - GD Labs,2025-10-18,22.07,0.0,85.89,,19.6,,31.9,47.5,25.5,1230.0,2025,Oct,128443
Chovar (SC - 07) - GD Labs,2025-10-19,21.93,0.0,82.09,,19.1,,31.5,47.5,25.1,1130.0,2025,Oct,128443
Chovar (SC - 07) - GD Labs,2025-10-20,21.77,0.0,84.38,,18.7,,31.1,43.3,24.3,1110.0,2025,Oct,128443
Chovar (SC - 07) - GD Labs,2025-10-21,22.9,0.0,77.61,,11.8,,22.6,41.9,23.7,810.0,2025,Oct,128443
Chovar (SC - 07) - GD Labs,2025-10-22,23.13,0.0,78.47,,17.1,,28.3,44.0,24.4,1030.0,2025,Oct,128443
Chovar (SC - 07) - GD Labs,2025-10-23,22.9,0.0,83.96,,15.5,,26.8,45.9,24.3,979.0,2025,Oct,128443
Chovar (SC - 07) - GD Labs,2025-10-24,22.27,0.0,86.59,,17.7,,32.0,47.9,23.9,1130.0,2025,Oct,128443
Chovar (SC - 07) - GD Labs,2025-10-25,22.26,0.0,72.65,,20.3,,35.2,45.8,23.9,1230.0,2025,Oct,128443
Chovar (SC - 07) - GD Labs,2025-10-26,22.31,0.0,60.9,,18.4,,32.7,38.8,23.9,1140.0,2025,Oct,128443
Chovar (SC - 07) - GD Labs,2025-10-27,22.36,0.03,63.11,,20.9,,34.7,36.6,23.3,1250.0,2025,Oct,128443
Chovar (SC - 07) - GD Labs,2025-10-28,21.11,1.93,72.2,,29.0,,46.0,48.6,21.5,1910.0,2025,Oct,128443
Chovar (SC - 07) - GD Labs,2025-10-29,21.65,0.16,78.9,,38.2,,62.6,52.1,22.1,2810.0,2025,Oct,128443
Chovar (SC - 07) - GD Labs,2025-10-30,20.18,27.94,89.18,,20.8,,33.9,58.0,21.7,1410.0,2025,Oct,128443
Chovar (SC - 07) - GD Labs,2025-10-31,19.77,27.55,92.08,,7.56,,13.0,61.0,21.9,591.0,2025,Oct,128443
Chovar (SC - 07) - GD Labs,2025-11-01,20.8,6.74,91.35,,0.501,,1.54,62.1,22.1,224.0,2025,Nov,116552
Chovar (SC - 07) - GD Labs,2025-11-02,19.95,0.79,88.99,,9.07,,17.9,55.5,23.1,663.0,2025,Nov,116552
Chovar (SC - 07) - GD Labs,2025-11-03,20.42,0.15,80.31,,14.3,,26.8,50.4,24.3,938.0,2025,Nov,116552
Chovar (SC - 07) - GD Labs,2025-11-04,21.29,0.06,75.67,,28.1,,49.2,48.2,25.2,1880.0,2025,Nov,116552
Chovar (SC - 07) - GD Labs,2025-11-05,21.03,0.0,77.42,,22.2,,39.3,46.4,24.4,1490.0,2025,Nov,116552
Chovar (SC - 07) - GD Labs,2025-11-06,21.09,0.0,74.44,,11.7,,22.9,47.0,23.7,811.0,2025,Nov,116552
Chovar (SC - 07) - GD Labs,2025-11-07,19.79,0.0,80.38,,13.3,,24.7,47.5,23.1,893.0,2025,Nov,116552
Chovar (SC - 07) - GD Labs,2025-11-08,19.36,0.0,78.63,,17.0,,30.1,44.5,22.7,1150.0,2025,Nov,116552
Chovar (SC - 07) - GD Labs,2025-11-09,19.26,0.0,77.32,,20.4,,32.9,45.0,22.5,1210.0,2025,Nov,116552
Chovar (SC - 07) - GD Labs,2025-11-10,17.99,0.0,78.49,,20.6,,33.6,44.8,22.2,1280.0,2025,Nov,116552
Chovar (SC - 07) - GD Labs,2025-11-11,17.36,0.0,79.38,,24.3,,38.3,45.9,21.8,1500.0,2025,Nov,116552
Chovar (SC - 07) - GD Labs,2025-11-12,17.34,0.0,78.19,,27.6,,43.7,47.5,20.7,1790.0,2025,Nov,116552
Chovar (SC - 07) - GD Labs,2025-11-13,17.14,0.0,76.34,,24.5,,39.8,44.3,21.5,1560.0,2025,Nov,116552
Chovar (SC - 07) - GD Labs,2025-11-14,17.23,0.0,71.59,,27.2,,43.4,46.6,20.6,1730.0,2025,Nov,116552
Chovar (SC - 07) - GD Labs,2025-11-15,17.24,0.0,74.29,,25.6,,40.8,45.1,20.7,1580.0,2025,Nov,116552
Chovar (SC - 07) - GD Labs,2025-11-16,17.51,0.0,70.44,,25.4,,40.7,44.8,20.6,1560.0,2025,Nov,116552
Chovar (SC - 07) - GD Labs,2025-11-17,16.94,0.0,71.39,,26.2,,41.7,45.1,20.4,1630.0,2025,Nov,116552
Chovar (SC - 07) - GD Labs,2025-11-18,17.25,0.0,71.82,,25.5,,40.7,45.7,20.9,1620.0,2025,Nov,116552
Chovar (SC - 07) - GD Labs,2025-11-19,17.49,0.0,81.01,,25.5,,39.9,47.3,20.3,1590.0,2025,Nov,116552
Chovar (SC - 07) - GD Labs,2025-11-20,17.43,0.0,82.81,,22.4,,34.9,46.9,20.5,1350.0,2025,Nov,116552
Chovar (SC - 07) - GD Labs,2025-11-21,17.26,0.0,82.89,,23.5,,36.5,45.9,20.9,1440.0,2025,Nov,116552
Chovar (SC - 07) - GD Labs,2025-11-22,16.72,0.0,84.6,,25.5,,39.2,45.2,20.4,1570.0,2025,Nov,116552
Chovar (SC - 07) - GD Labs,2025-11-23,16.13,0.0,81.08,,26.8,,43.7,45.4,19.9,1740.0,2025,Nov,116552
Chovar (SC - 07) - GD Labs,2025-11-24,15.06,0.0,78.48,,32.4,,56.7,46.8,19.4,2330.0,2025,Nov,116552
Chovar (SC - 07) - GD Labs,2025-11-25,15.6,0.0,75.33,,31.7,,54.6,43.3,19.4,2220.0,2025,Nov,116552
Chovar (SC - 07) - GD Labs,2025-11-26,16.08,0.0,75.38,,30.4,,48.9,42.5,19.1,2060.0,2025,Nov,116552
Chovar (SC - 07) - GD Labs,2025-11-27,17.27,0.0,72.76,,35.5,,56.5,43.9,19.6,2530.0,2025,Nov,116552
Chovar (SC - 07) - GD Labs,2025-11-28,17.21,0.0,70.96,,30.6,,47.8,41.4,19.7,2150.0,2025,Nov,116552
Chovar (SC - 07) - GD Labs,2025-11-29,16.32,0.0,75.51,,25.0,,38.4,42.3,19.2,1700.0,2025,Nov,116552
Chovar (SC - 07) - GD Labs,2025-11-30,15.7,0.0,74.13,,24.9,,38.5,43.2,18.9,1630.0,2025,Nov,116552
Chovar (SC - 07) - GD Labs,2025-12-01,15.1,0.0,76.66,,33.8,,54.0,47.9,19.1,2400.0,2025,Dec,98180
Chovar (SC - 07) - GD Labs,2025-12-02,14.26,0.0,67.48,,41.3,,69.7,48.5,19.2,3050.0,2025,Dec,98180
Chovar (SC - 07) - GD Labs,2025-12-03,14.74,0.0,66.95,,41.0,,71.3,47.8,19.6,3080.0,2025,Dec,98180
Chovar (SC - 07) - GD Labs,2025-12-04,14.68,0.0,65.29,,33.3,,55.8,42.7,19.7,2380.0,2025,Dec,98180
Chovar (SC - 07) - GD Labs,2025-12-05,14.45,0.0,67.58,,29.4,,48.3,42.2,19.6,1970.0,2025,Dec,98180
Chovar (SC - 07) - GD Labs,2025-12-06,13.84,0.0,67.39,,30.0,,49.3,41.2,19.6,2050.0,2025,Dec,98180
Chovar (SC - 07) - GD Labs,2025-12-07,13.91,0.0,70.27,,33.9,,55.3,42.9,19.5,2440.0,2025,Dec,98180
Chovar (SC - 07) - GD Labs,2025-12-08,14.56,0.0,72.41,,34.1,,56.0,44.9,18.8,2360.0,2025,Dec,98180
Chovar (SC - 07) - GD Labs,2025-12-09,14.79,0.0,70.79,,34.0,,54.5,45.5,18.7,2400.0,2025,Dec,98180
Chovar (SC - 07) - GD Labs,2025-12-10,14.39,0.0,66.17,,30.6,,48.0,43.2,18.8,2080.0,2025,Dec,98180
Chovar (SC - 07) - GD Labs,2025-12-11,14.73,0.0,67.47,,32.8,,52.6,43.8,18.4,2310.0,2025,Dec,98180
Chovar (SC - 07) - GD Labs,2025-12-12,14.89,0.0,74.38,,31.0,,47.6,42.1,18.8,2130.0,2025,Dec,98180
Chovar (SC - 07) - GD Labs,2025-12-13,15.45,0.0,73.89,,35.0,,53.7,40.0,19.4,2480.0,2025,Dec,98180
Chovar (SC - 07) - GD Labs,2025-12-14,15.69,0.0,76.52,,37.7,,58.2,42.2,18.8,2650.0,2025,Dec,98180
Chovar (SC - 07) - GD Labs,2025-12-15,14.88,0.0,79.46,,32.9,,50.8,43.1,18.2,2300.0,2025,Dec,98180
Chovar (SC - 07) - GD Labs,2025-12-16,14.33,0.0,76.23,,28.6,,43.5,42.5,18.0,1910.0,2025,Dec,98180
Chovar (SC - 07) - GD Labs,2025-12-17,13.21,0.0,76.65,,38.3,,59.3,45.2,18.1,2740.0,2025,Dec,98180
Chovar (SC - 07) - GD Labs,2025-12-18,14.21,0.0,68.99,,39.7,,61.3,41.3,18.6,2850.0,2025,Dec,98180
Chovar (SC - 07) - GD Labs,2025-12-19,13.61,0.0,69.95,,37.1,,57.5,42.7,18.2,2670.0,2025,Dec,98180
Chovar (SC - 07) - GD Labs,2025-12-20,11.98,0.0,68.85,,34.7,,54.2,45.3,17.9,2480.0,2025,Dec,98180
Chovar (SC - 07) - GD Labs,2025-12-21,12.39,0.0,72.08,,39.4,,62.5,45.7,18.4,2860.0,2025,Dec,98180
Chovar (SC - 07) - GD Labs,2025-12-22,13.43,0.0,74.89,,35.9,,57.0,44.8,18.5,2590.0,2025,Dec,98180
Chovar (SC - 07) - GD Labs,2025-12-23,12.22,0.0,78.07,,36.4,,56.9,43.2,18.0,2600.0,2025,Dec,98180
Chovar (SC - 07) - GD Labs,2025-12-24,12.0,0.0,77.9,,35.8,,56.8,44.9,17.8,2560.0,2025,Dec,98180
Chovar (SC - 07) - GD Labs,2025-12-25,11.9,0.0,75.7,,36.4,,58.9,44.6,17.6,2630.0,2025,Dec,98180
Chovar (SC - 07) - GD Labs,2025-12-26,12.48,0.0,73.76,,39.4,,65.2,45.7,17.4,2880.0,2025,Dec,98180
Chovar (SC - 07) - GD Labs,2025-12-27,12.74,0.0,72.46,,38.7,,64.8,46.7,17.3,2830.0,2025,Dec,98180
Chovar (SC - 07) - GD Labs,2025-12-28,11.74,0.0,76.27,,40.2,,67.3,46.4,17.7,2930.0,2025,Dec,98180
Chovar (SC - 07) - GD Labs,2025-12-29,11.01,0.04,73.62,,36.2,,59.5,45.8,17.8,2610.0,2025,Dec,98180
Chovar (SC - 07) - GD Labs,2025-12-30,9.9,0.0,70.04,,42.1,,69.9,46.7,17.4,3110.0,2025,Dec,98180
Chovar (SC - 07) - GD Labs,2025-12-31,10.81,0.0,63.1,,41.2,,67.7,46.3,17.3,3010.0,2025,Dec,98180
Taudaha (SC - 09) - GD Labs,2025-09-19,23.67,42.01,88.04,,13.1,,23.7,58.0,25.5,903.0,2025,Sep,79981
Taudaha (SC - 09) - GD Labs,2025-09-20,23.51,1.38,90.85,,10.4,,20.1,53.2,26.4,753.0,2025,Sep,79981
Taudaha (SC - 09) - GD Labs,2025-09-21,23.82,0.14,90.77,,8.41,,17.8,52.1,27.1,696.0,2025,Sep,79981
Taudaha (SC - 09) - GD Labs,2025-09-22,24.6,0.19,88.89,,18.3,,30.9,52.1,28.7,1140.0,2025,Sep,79981
Taudaha (SC - 09) - GD Labs,2025-09-23,25.09,0.09,85.9,,13.9,,25.6,51.4,28.8,949.0,2025,Sep,79981
Taudaha (SC - 09) - GD Labs,2025-09-24,24.88,0.09,88.24,,11.5,,21.8,47.6,29.7,795.0,2025,Sep,79981
Taudaha (SC - 09) - GD Labs,2025-09-25,24.58,0.02,88.81,,12.4,,20.8,47.4,28.7,842.0,2025,Sep,79981
Taudaha (SC - 09) - GD Labs,2025-09-26,25.87,0.06,82.34,,13.2,,22.6,45.9,29.9,883.0,2025,Sep,79981
Taudaha (SC - 09) - GD Labs,2025-09-27,25.09,0.15,88.37,,10.9,,17.5,45.4,29.5,756.0,2025,Sep,79981
Taudaha (SC - 09) - GD Labs,2025-09-28,24.2,0.6,88.65,,12.4,,23.4,48.0,28.8,826.0,2025,Sep,79981
Taudaha (SC - 09) - GD Labs,2025-09-29,24.16,0.73,86.36,,16.6,,28.3,51.5,27.6,1020.0,2025,Sep,79981
Taudaha (SC - 09) - GD Labs,2025-09-30,24.62,6.82,82.38,,15.2,,25.3,49.6,28.1,941.0,2025,Sep,79981
Taudaha (SC - 09) - GD Labs,2025-10-01,24.56,18.0,85.69,,6.7,,13.6,48.6,27.1,577.0,2025,Oct,128443
Taudaha (SC - 09) - GD Labs,2025-10-02,22.8,23.75,93.94,,6.12,,12.7,52.8,25.9,550.0,2025,Oct,128443
Taudaha (SC - 09) - GD Labs,2025-10-03,22.87,49.6,86.44,,14.8,,25.1,54.3,25.8,970.0,2025,Oct,128443
Taudaha (SC - 09) - GD Labs,2025-10-04,21.95,84.69,93.09,,2.8,,5.69,58.0,23.2,342.0,2025,Oct,128443
Taudaha (SC - 09) - GD Labs,2025-10-05,23.25,3.55,91.16,,1.81,,3.95,54.2,24.7,291.0,2025,Oct,128443
Taudaha (SC - 09) - GD Labs,2025-10-06,22.6,0.29,89.37,,4.01,,9.08,52.5,25.7,434.0,2025,Oct,128443
Taudaha (SC - 09) - GD Labs,2025-10-07,22.49,0.06,90.86,,10.8,,20.4,54.0,25.1,781.0,2025,Oct,128443
Taudaha (SC - 09) - GD Labs,2025-10-08,22.99,0.35,87.26,,15.2,,27.2,52.6,25.7,934.0,2025,Oct,128443
Taudaha (SC - 09) - GD Labs,2025-10-09,22.99,0.27,85.8,,15.0,,27.4,49.0,26.1,942.0,2025,Oct,128443
Taudaha (SC - 09) - GD Labs,2025-10-10,22.33,0.0,81.69,,20.3,,33.4,48.5,24.8,1290.0,2025,Oct,128443
Taudaha (SC - 09) - GD Labs,2025-10-11,21.83,0.0,84.99,,18.4,,30.9,44.3,24.3,1220.0,2025,Oct,128443
Taudaha (SC - 09) - GD Labs,2025-10-12,21.52,0.0,84.48,,21.8,,36.1,44.4,24.3,1360.0,2025,Oct,128443
Taudaha (SC - 09) - GD Labs,2025-10-13,20.7,0.0,81.37,,23.7,,40.3,43.0,24.0,1580.0,2025,Oct,128443
Taudaha (SC - 09) - GD Labs,2025-10-14,21.33,0.0,75.08,,24.8,,41.5,41.1,25.1,1600.0,2025,Oct,128443
Taudaha (SC - 09) - GD Labs,2025-10-15,21.74,0.0,81.07,,25.8,,42.5,44.4,24.0,1750.0,2025,Oct,128443
Taudaha (SC - 09) - GD Labs,2025-10-16,22.3,0.0,81.31,,24.3,,38.5,44.5,24.4,1530.0,2025,Oct,128443
Taudaha (SC - 09) - GD Labs,2025-10-17,22.6,0.0,81.69,,26.3,,41.2,45.4,25.7,1710.0,2025,Oct,128443
Taudaha (SC - 09) - GD Labs,2025-10-18,22.07,0.0,85.89,,22.8,,36.6,42.2,26.5,1500.0,2025,Oct,128443
Taudaha (SC - 09) - GD Labs,2025-10-19,21.93,0.0,82.09,,23.2,,37.0,43.7,25.7,1460.0,2025,Oct,128443
Taudaha (SC - 09) - GD Labs,2025-10-20,21.77,0.0,84.38,,26.3,,42.8,42.3,24.3,1800.0,2025,Oct,128443
Taudaha (SC - 09) - GD Labs,2025-10-21,22.9,0.0,77.61,,21.9,,35.7,40.2,24.5,1430.0,2025,Oct,128443
Taudaha (SC - 09) - GD Labs,2025-10-22,23.13,0.0,78.47,,25.6,,40.5,44.1,23.8,1700.0,2025,Oct,128443
Taudaha (SC - 09) - GD Labs,2025-10-23,22.9,0.0,83.96,,23.5,,37.3,47.1,23.5,1500.0,2025,Oct,128443
Taudaha (SC - 09) - GD Labs,2025-10-24,22.27,0.0,86.59,,23.6,,37.5,46.9,23.6,1440.0,2025,Oct,128443
Taudaha (SC - 09) - GD Labs,2025-10-25,22.26,0.0,72.65,,25.3,,41.5,44.1,23.9,1630.0,2025,Oct,128443
Taudaha (SC - 09) - GD Labs,2025-10-26,22.31,0.0,60.9,,25.6,,42.8,41.8,22.9,1720.0,2025,Oct,128443
Taudaha (SC - 09) - GD Labs,2025-10-27,22.36,0.03,63.11,,27.6,,44.5,43.8,20.1,1740.0,2025,Oct,128443
"CEN-SR-25: Patako Chowk, Patan Durbar Square",2025-09-19,21.22,22.54,88.39,,9.47,,17.5,55.1,25.9,868.0,2025,Sep,79981
"CEN-SR-25: Patako Chowk, Patan Durbar Square",2025-09-20,21.26,0.45,90.48,,6.96,,12.8,51.7,26.6,719.0,2025,Sep,79981
"CEN-SR-25: Patako Chowk, Patan Durbar Square",2025-09-21,21.28,0.28,90.61,,8.67,,16.1,51.2,27.4,787.0,2025,Sep,79981
"CEN-SR-25: Patako Chowk, Patan Durbar Square",2025-09-22,21.89,0.43,92.08,,14.0,,24.8,53.0,27.5,1100.0,2025,Sep,79981
"CEN-SR-25: Patako Chowk, Patan Durbar Square",2025-09-23,22.35,0.04,88.97,,12.3,,21.8,51.7,28.4,987.0,2025,Sep,79981
"CEN-SR-25: Patako Chowk, Patan Durbar Square",2025-09-24,22.61,0.02,86.87,,11.6,,20.8,54.0,27.2,974.0,2025,Sep,79981
"CEN-SR-25: Patako Chowk, Patan Durbar Square",2025-09-25,22.09,0.01,90.65,,9.37,,15.4,48.7,27.8,832.0,2025,Sep,79981
"CEN-SR-25: Patako Chowk, Patan Durbar Square",2025-09-26,23.18,0.02,84.65,,9.89,,15.8,47.6,28.8,921.0,2025,Sep,79981
"CEN-SR-25: Patako Chowk, Patan Durbar Square",2025-09-27,22.6,0.29,87.71,,10.1,,16.1,50.7,27.6,882.0,2025,Sep,79981
"CEN-SR-25: Patako Chowk, Patan Durbar Square",2025-09-28,21.6,1.16,88.34,,11.6,,20.9,53.3,26.6,983.0,2025,Sep,79981
"CEN-SR-25: Patako Chowk, Patan Durbar Square",2025-09-29,21.41,1.17,87.67,,15.3,,24.4,52.3,26.8,1160.0,2025,Sep,79981
"CEN-SR-25: Patako Chowk, Patan Durbar Square",2025-09-30,22.12,5.3,80.18,,14.6,,23.3,51.9,27.0,1120.0,2025,Sep,79981
"CEN-SR-25: Patako Chowk, Patan Durbar Square",2025-10-01,21.64,12.24,84.98,,6.71,,12.4,49.8,26.8,704.0,2025,Oct,128443
"CEN-SR-25: Patako Chowk, Patan Durbar Square",2025-10-06,19.8,0.37,90.92,,12.5,,21.4,65.4,22.5,1040.0,2025,Oct,128443
"CEN-SR-25: Patako Chowk, Patan Durbar Square",2025-12-03,12.94,0.0,65.61,,65.3,,105.0,53.7,18.4,5330.0,2025,Dec,98180
"CEN-SR-25: Patako Chowk, Patan Durbar Square",2025-12-04,12.94,0.0,59.29,,43.3,,67.7,40.4,21.3,3620.0,2025,Dec,98180
"CEN-SR-25: Patako Chowk, Patan Durbar Square",2025-12-05,12.66,0.0,65.81,,41.3,,64.7,40.6,20.8,3330.0,2025,Dec,98180
"CEN-SR-25: Patako Chowk, Patan Durbar Square",2025-12-06,12.34,0.0,63.16,,33.8,,51.4,32.4,23.2,2790.0,2025,Dec,98180
"CEN-SR-25: Patako Chowk, Patan Durbar Square",2025-12-07,12.55,0.0,68.9,,45.1,,68.4,38.4,21.8,3930.0,2025,Dec,98180
"CEN-SR-25: Patako Chowk, Patan Durbar Square",2025-12-08,13.05,0.0,70.87,,45.5,,69.1,41.5,20.3,3680.0,2025,Dec,98180
"CEN-SR-25: Patako Chowk, Patan Durbar Square",2025-12-09,12.43,0.0,71.63,,46.1,,69.0,41.9,20.4,3730.0,2025,Dec,98180
"CEN-SR-25: Patako Chowk, Patan Durbar Square",2025-12-10,12.29,0.0,65.67,,39.1,,57.4,40.3,20.1,3080.0,2025,Dec,98180
"CEN-SR-25: Patako Chowk, Patan Durbar Square",2025-12-11,12.7,0.0,64.78,,45.0,,66.1,39.5,20.3,3660.0,2025,Dec,98180
"CEN-SR-25: Patako Chowk, Patan Durbar Square",2025-12-12,12.55,0.0,74.27,,46.7,,67.9,39.3,20.2,3840.0,2025,Dec,98180
"CEN-SR-25: Patako Chowk, Patan Durbar Square",2025-12-13,13.0,0.0,73.7,,57.4,,82.4,40.1,19.9,4690.0,2025,Dec,98180
"CEN-SR-25: Patako Chowk, Patan Durbar Square",2025-12-16,11.97,0.0,78.57,,45.1,,67.4,40.8,19.1,3690.0,2025,Dec,98180
"CEN-SR-25: Patako Chowk, Patan Durbar Square",2025-12-17,11.15,0.0,75.72,,51.4,,75.2,40.9,20.1,4220.0,2025,Dec,98180
"CEN-SR-25: Patako Chowk, Patan Durbar Square",2025-12-18,12.32,0.0,68.39,,60.7,,88.1,43.7,18.0,4950.0,2025,Dec,98180
"CEN-SR-25: Patako Chowk, Patan Durbar Square",2025-12-20,10.4,0.0,69.77,,48.9,,72.3,37.6,21.9,4120.0,2025,Dec,98180
"CEN-SR-25: Patako Chowk, Patan Durbar Square",2025-12-21,10.47,0.0,74.81,,50.6,,74.8,41.1,20.4,4290.0,2025,Dec,98180
"CEN-SR-25: Patako Chowk, Patan Durbar Square",2025-12-22,11.72,0.0,75.07,,52.6,,77.5,40.9,19.7,4330.0,2025,Dec,98180
"CEN-SR-25: Patako Chowk, Patan Durbar Square",2025-12-23,11.39,0.0,75.35,,46.0,,67.7,39.1,20.1,3790.0,2025,Dec,98180
"CEN-SR-25: Patako Chowk, Patan Durbar Square",2025-12-24,10.34,0.0,77.25,,37.9,,56.2,40.2,19.6,2950.0,2025,Dec,98180
"CEN-SR-25: Patako Chowk, Patan Durbar Square",2025-12-25,9.77,0.0,76.42,,43.8,,66.5,39.4,19.9,3530.0,2025,Dec,98180
"CEN-SR-25: Patako Chowk, Patan Durbar Square",2025-12-26,10.48,0.0,76.76,,52.4,,79.6,41.0,19.5,4230.0,2025,Dec,98180
"CEN-SR-25: Patako Chowk, Patan Durbar Square",2025-12-27,11.1,0.0,72.48,,55.1,,84.2,41.1,19.7,4600.0,2025,Dec,98180
"CEN-SR-25: Patako Chowk, Patan Durbar Square",2025-12-28,10.68,0.0,74.18,,52.8,,80.9,41.6,19.8,4360.0,2025,Dec,98180
"CEN-SR-25: Patako Chowk, Patan Durbar Square",2025-12-29,9.68,0.0,72.77,,51.4,,79.1,41.6,19.5,4170.0,2025,Dec,98180
"CEN-SR-25: Patako Chowk, Patan Durbar Square",2025-12-30,8.5,0.0,70.64,,57.1,,87.1,42.8,18.9,4650.0,2025,Dec,98180
Bharatpur Ward no 27 office Meghauli,2025-09-19,25.73,39.01,87.4,,10.3,,18.7,60.0,29.4,723.0,2025,Sep,79981
Bharatpur Ward no 27 office Meghauli,2025-09-20,25.46,3.14,92.22,,11.1,,22.8,55.9,31.1,801.0,2025,Sep,79981
Bharatpur Ward no 27 office Meghauli,2025-09-21,26.13,0.09,90.0,,13.8,,26.4,53.5,32.2,1010.0,2025,Sep,79981
Bharatpur Ward no 27 office Meghauli,2025-09-22,27.01,0.07,85.1,,17.6,,30.8,52.4,33.0,1100.0,2025,Sep,79981
Bharatpur Ward no 27 office Meghauli,2025-09-23,27.42,0.34,83.7,,25.2,,40.3,53.7,33.2,1520.0,2025,Sep,79981
Bharatpur Ward no 27 office Meghauli,2025-09-24,27.32,0.97,86.99,,19.6,,33.4,55.3,31.9,1260.0,2025,Sep,79981
Bharatpur Ward no 27 office Meghauli,2025-09-25,26.57,0.06,89.78,,9.93,,18.1,51.3,32.3,847.0,2025,Sep,79981
Bharatpur Ward no 27 office Meghauli,2025-09-26,27.64,0.11,79.02,,15.1,,26.5,51.4,33.4,1100.0,2025,Sep,79981
Bharatpur Ward no 27 office Meghauli,2025-09-27,27.37,0.23,87.55,,17.5,,30.0,52.5,33.2,1200.0,2025,Sep,79981
Bharatpur Ward no 27 office Meghauli,2025-09-28,26.56,0.11,87.61,,24.9,,40.2,54.3,32.6,1620.0,2025,Sep,79981
Bharatpur Ward no 27 office Meghauli,2025-09-29,26.54,0.25,86.91,,24.9,,38.5,51.9,33.1,1480.0,2025,Sep,79981
Bharatpur Ward no 27 office Meghauli,2025-09-30,26.23,10.82,84.7,,22.0,,34.3,51.2,32.8,1350.0,2025,Sep,79981
Bharatpur Ward no 27 office Meghauli,2025-10-01,26.89,23.69,85.46,,12.3,,21.5,49.0,32.3,926.0,2025,Oct,128443
Bharatpur Ward no 27 office Meghauli,2025-10-02,25.21,14.2,92.66,,6.2,,11.6,55.4,30.3,523.0,2025,Oct,128443
Bharatpur Ward no 27 office Meghauli,2025-10-03,25.42,55.29,86.08,,7.11,,13.3,56.4,30.2,626.0,2025,Oct,128443
Bharatpur Ward no 27 office Meghauli,2025-10-04,24.07,78.3,93.55,,2.63,,5.18,60.6,27.2,349.0,2025,Oct,128443
Bharatpur Ward no 27 office Meghauli,2025-10-05,25.08,2.03,89.31,,9.58,,17.0,55.2,29.2,683.0,2025,Oct,128443
Bharatpur Ward no 27 office Meghauli,2025-10-06,24.89,0.72,88.44,,9.42,,17.2,52.6,30.8,730.0,2025,Oct,128443
Bharatpur Ward no 27 office Meghauli,2025-10-07,25.51,0.08,85.69,,15.6,,28.1,53.1,30.7,1020.0,2025,Oct,128443
Bharatpur Ward no 27 office Meghauli,2025-10-08,25.18,0.15,85.06,,26.7,,43.4,54.1,30.8,1650.0,2025,Oct,128443
Bharatpur Ward no 27 office Meghauli,2025-10-09,25.12,0.11,84.5,,26.9,,45.7,51.4,31.0,1670.0,2025,Oct,128443
Bharatpur Ward no 27 office Meghauli,2025-10-10,23.53,0.0,84.99,,22.4,,36.1,48.7,30.4,1360.0,2025,Oct,128443
Bharatpur Ward no 27 office Meghauli,2025-10-11,23.5,0.0,85.95,,19.9,,33.5,48.2,29.4,1200.0,2025,Oct,128443
Bharatpur Ward no 27 office Meghauli,2025-10-12,22.84,0.0,86.01,,26.1,,41.3,48.8,29.0,1590.0,2025,Oct,128443
Bharatpur Ward no 27 office Meghauli,2025-10-13,22.47,0.0,80.36,,31.1,,50.2,49.6,28.4,2020.0,2025,Oct,128443
Bharatpur Ward no 27 office Meghauli,2025-10-14,23.1,0.0,75.54,,31.9,,51.4,48.4,28.7,2110.0,2025,Oct,128443
Bharatpur Ward no 27 office Meghauli,2025-10-15,23.71,0.0,80.63,,31.2,,51.7,48.6,29.0,2050.0,2025,Oct,128443
Bharatpur Ward no 27 office Meghauli,2025-10-16,24.24,0.0,80.61,,35.6,,60.9,48.4,29.6,2400.0,2025,Oct,128443
Bharatpur Ward no 27 office Meghauli,2025-10-17,24.87,0.0,77.86,,29.1,,46.5,48.5,29.8,1870.0,2025,Oct,128443
Bharatpur Ward no 27 office Meghauli,2025-10-18,24.33,0.0,81.94,,29.1,,46.5,50.8,29.1,1860.0,2025,Oct,128443
Bharatpur Ward no 27 office Meghauli,2025-10-26,24.33,0.01,60.08,,30.8,,50.6,46.1,31.2,2080.0,2025,Oct,128443
Bharatpur Ward no 27 office Meghauli,2025-10-27,23.81,0.23,66.78,,35.4,,60.1,50.5,28.4,2470.0,2025,Oct,128443
Bharatpur Ward no 27 office Meghauli,2025-10-28,22.54,3.0,75.75,,24.5,,45.5,53.6,26.1,1860.0,2025,Oct,128443
Bharatpur Ward no 27 office Meghauli,2025-10-29,24.01,0.11,76.91,,20.6,,35.7,52.1,27.1,1350.0,2025,Oct,128443
Bharatpur Ward no 27 office Meghauli,2025-10-30,22.2,26.31,90.18,,23.4,,38.5,57.6,26.3,1440.0,2025,Oct,128443
Bharatpur Ward no 27 office Meghauli,2025-10-31,21.59,25.72,91.51,,3.79,,6.95,60.3,25.9,389.0,2025,Oct,128443
Bharatpur Ward no 27 office Meghauli,2025-11-01,23.32,4.63,89.38,,2.15,,4.43,58.5,27.1,271.0,2025,Nov,116552
Bharatpur Ward no 27 office Meghauli,2025-11-02,22.08,0.49,87.35,,26.8,,46.5,53.6,28.8,1900.0,2025,Nov,116552
Bharatpur Ward no 27 office Meghauli,2025-11-03,22.0,0.3,81.46,,51.7,,96.3,54.1,28.7,3880.0,2025,Nov,116552
Bharatpur Ward no 27 office Meghauli,2025-11-04,22.85,0.01,76.41,,56.4,,106.0,54.2,28.8,4240.0,2025,Nov,116552
Bharatpur Ward no 27 office Meghauli,2025-11-05,23.05,0.0,76.85,,34.6,,62.5,51.6,28.6,2470.0,2025,Nov,116552
Bharatpur Ward no 27 office Meghauli,2025-11-06,23.07,0.0,75.26,,29.8,,50.2,50.9,27.9,1990.0,2025,Nov,116552
Bharatpur Ward no 27 office Meghauli,2025-11-07,21.29,0.0,82.45,,44.6,,77.3,51.5,27.0,3250.0,2025,Nov,116552
Bharatpur Ward no 27 office Meghauli,2025-11-08,20.76,0.0,80.25,,58.6,,104.0,52.5,26.8,4350.0,2025,Nov,116552
Bharatpur Ward no 27 office Meghauli,2025-11-09,20.45,0.0,79.45,,50.7,,91.1,52.1,26.5,3760.0,2025,Nov,116552
Bharatpur Ward no 27 office Meghauli,2025-11-10,19.16,0.0,81.18,,49.4,,86.6,51.4,25.3,3640.0,2025,Nov,116552
Bharatpur Ward no 27 office Meghauli,2025-11-11,18.68,0.0,80.93,,49.9,,86.7,50.4,24.6,3680.0,2025,Nov,116552
Bharatpur Ward no 27 office Meghauli,2025-11-12,18.74,0.0,80.34,,46.1,,79.2,53.5,23.1,3420.0,2025,Nov,116552
Bharatpur Ward no 27 office Meghauli,2025-11-13,18.77,0.0,76.43,,39.8,,66.5,50.9,24.4,2910.0,2025,Nov,116552
Bharatpur Ward no 27 office Meghauli,2025-11-14,18.81,0.0,72.34,,37.1,,61.1,53.5,22.5,2700.0,2025,Nov,116552
Bharatpur Ward no 27 office Meghauli,2025-11-15,18.9,0.0,73.24,,39.4,,65.5,50.5,24.2,2880.0,2025,Nov,116552
Bharatpur Ward no 27 office Meghauli,2025-11-16,19.36,0.0,68.55,,35.0,,56.3,49.9,24.2,2470.0,2025,Nov,116552
Bharatpur Ward no 27 office Meghauli,2025-11-17,18.45,0.0,71.86,,34.4,,56.0,51.3,23.8,2380.0,2025,Nov,116552
Bharatpur Ward no 27 office Meghauli,2025-11-18,18.7,0.0,74.41,,35.8,,58.8,50.0,23.9,2500.0,2025,Nov,116552
Bharatpur Ward no 27 office Meghauli,2025-11-19,19.04,0.0,81.17,,36.2,,58.9,50.5,24.3,2560.0,2025,Nov,116552
Bharatpur Ward no 27 office Meghauli,2025-11-20,19.31,0.0,78.59,,30.8,,48.4,50.1,24.3,2020.0,2025,Nov,116552
Bharatpur Ward no 27 office Meghauli,2025-11-21,19.54,0.0,78.99,,36.2,,57.5,50.4,24.1,2520.0,2025,Nov,116552
Bharatpur Ward no 27 office Meghauli,2025-11-22,18.58,0.0,81.49,,36.9,,60.3,50.3,23.7,2660.0,2025,Nov,116552
Bharatpur Ward no 27 office Meghauli,2025-11-23,18.2,0.0,74.9,,46.2,,81.5,51.2,22.4,3430.0,2025,Nov,116552
Bharatpur Ward no 27 office Meghauli,2025-11-24,17.04,0.0,76.96,,57.9,,107.0,52.2,22.5,4340.0,2025,Nov,116552
Bharatpur Ward no 27 office Meghauli,2025-11-25,17.61,0.0,75.94,,45.3,,81.1,51.7,22.7,3390.0,2025,Nov,116552
Bharatpur Ward no 27 office Meghauli,2025-11-26,17.77,0.0,74.74,,43.6,,72.4,50.6,22.6,3190.0,2025,Nov,116552
Bharatpur Ward no 27 office Meghauli,2025-11-27,18.51,0.0,72.55,,41.8,,67.5,50.5,22.7,2980.0,2025,Nov,116552
Bharatpur Ward no 27 office Meghauli,2025-11-28,18.82,0.0,68.82,,38.4,,61.4,50.6,22.7,2720.0,2025,Nov,116552
Bharatpur Ward no 27 office Meghauli,2025-11-29,17.98,0.0,75.17,,40.9,,68.8,50.4,22.7,2860.0,2025,Nov,116552
Bharatpur Ward no 27 office Meghauli,2025-11-30,17.07,0.0,75.6,,45.9,,75.3,51.2,22.8,3250.0,2025,Nov,116552
Bharatpur Ward no 27 office Meghauli,2025-12-01,16.63,0.0,74.76,,72.0,,127.0,52.3,22.2,5310.0,2025,Dec,98180
Bharatpur Ward no 27 office Meghauli,2025-12-02,15.57,0.0,67.43,,72.8,,131.0,52.7,22.2,5390.0,2025,Dec,98180
Bharatpur Ward no 27 office Meghauli,2025-12-03,15.99,0.0,67.74,,65.9,,116.0,52.5,22.4,4880.0,2025,Dec,98180
Bharatpur Ward no 27 office Meghauli,2025-12-04,15.95,0.0,67.83,,47.5,,81.2,52.2,22.2,3520.0,2025,Dec,98180
Bharatpur Ward no 27 office Meghauli,2025-12-05,15.77,0.0,67.44,,47.0,,80.8,51.7,21.7,3470.0,2025,Dec,98180
Bharatpur Ward no 27 office Meghauli,2025-12-06,14.91,0.0,70.05,,44.9,,75.0,51.7,21.2,3270.0,2025,Dec,98180
Bharatpur Ward no 27 office Meghauli,2025-12-07,15.09,0.0,71.07,,48.1,,81.0,52.1,21.1,3530.0,2025,Dec,98180
Bharatpur Ward no 27 office Meghauli,2025-12-08,15.95,0.0,69.75,,40.9,,66.7,51.7,21.8,2940.0,2025,Dec,98180
Bharatpur Ward no 27 office Meghauli,2025-12-09,16.41,0.0,66.39,,41.6,,68.5,51.6,21.4,2980.0,2025,Dec,98180
Bharatpur Ward no 27 office Meghauli,2025-12-10,15.53,0.0,66.94,,44.5,,73.9,50.7,21.5,3240.0,2025,Dec,98180
Bharatpur Ward no 27 office Meghauli,2025-12-11,16.15,0.0,67.74,,41.4,,67.8,51.0,21.3,2980.0,2025,Dec,98180
Bharatpur Ward no 27 office Meghauli,2025-12-12,16.66,0.0,71.59,,40.9,,65.2,49.4,21.0,2920.0,2025,Dec,98180
Bharatpur Ward no 27 office Meghauli,2025-12-13,17.12,0.0,72.67,,38.7,,60.7,49.6,20.8,2710.0,2025,Dec,98180
Bharatpur Ward no 27 office Meghauli,2025-12-14,17.31,0.0,75.18,,35.6,,55.3,49.7,20.9,2470.0,2025,Dec,98180
Bharatpur Ward no 27 office Meghauli,2025-12-15,16.53,0.0,77.08,,47.8,,77.0,50.3,20.5,3400.0,2025,Dec,98180
Bharatpur Ward no 27 office Meghauli,2025-12-16,15.81,0.0,75.26,,42.0,,67.0,50.5,20.6,2970.0,2025,Dec,98180
Bharatpur Ward no 27 office Meghauli,2025-12-17,14.67,0.0,77.36,,41.9,,67.4,50.6,20.6,3010.0,2025,Dec,98180
Bharatpur Ward no 27 office Meghauli,2025-12-18,15.45,0.0,71.65,,46.3,,73.5,51.0,21.1,3340.0,2025,Dec,98180
Bharatpur Ward no 27 office Meghauli,2025-12-19,14.61,0.0,72.04,,58.2,,99.4,53.5,19.9,4290.0,2025,Dec,98180
Bharatpur Ward no 27 office Meghauli,2025-12-20,13.02,0.0,70.85,,50.4,,89.5,54.0,19.3,3740.0,2025,Dec,98180
Bharatpur Ward no 27 office Meghauli,2025-12-21,13.61,0.0,71.16,,61.0,,108.0,54.9,19.1,4530.0,2025,Dec,98180
Bharatpur Ward no 27 office Meghauli,2025-12-22,14.67,0.0,73.99,,63.0,,111.0,55.8,19.7,4670.0,2025,Dec,98180
Bharatpur Ward no 27 office Meghauli,2025-12-23,13.33,0.0,78.31,,60.0,,111.0,56.4,19.2,4480.0,2025,Dec,98180
Bharatpur Ward no 27 office Meghauli,2025-12-24,13.49,0.0,75.75,,59.2,,109.0,52.3,20.6,4430.0,2025,Dec,98180
Bharatpur Ward no 27 office Meghauli,2025-12-25,13.62,0.0,71.98,,60.5,,109.0,51.3,20.9,4500.0,2025,Dec,98180
Bharatpur Ward no 27 office Meghauli,2025-12-26,13.78,0.0,71.7,,57.3,,99.6,52.0,20.4,4230.0,2025,Dec,98180
Bharatpur Ward no 27 office Meghauli,2025-12-27,14.09,0.0,71.92,,60.5,,111.0,55.8,19.1,4520.0,2025,Dec,98180
Bharatpur Ward no 27 office Meghauli,2025-12-28,12.95,0.0,74.49,,37.0,,67.1,54.8,19.0,2730.0,2025,Dec,98180
Bharatpur Ward no 27 office Meghauli,2025-12-29,12.34,0.21,71.78,,32.1,,54.1,53.8,19.0,2170.0,2025,Dec,98180
Bharatpur Ward no 27 office Meghauli,2025-12-30,11.5,0.02,66.73,,34.2,,57.8,53.7,18.3,2420.0,2025,Dec,98180
Bharatpur Ward no 27 office Meghauli,2025-12-31,11.87,0.0,64.03,,51.7,,86.9,51.8,18.6,3710.0,2025,Dec,98180
Farsidol Relocated,2025-11-07,19.79,0.0,80.38,,16.2,,25.8,61.5,23.7,1020.0,2025,Nov,116552
Farsidol Relocated,2025-11-11,17.36,0.0,79.38,,30.5,,48.9,63.6,20.6,2250.0,2025,Nov,116552
Farsidol Relocated,2025-11-12,17.34,0.0,78.19,,21.8,,35.5,80.2,12.4,1400.0,2025,Nov,116552
Farsidol Relocated,2025-11-13,17.14,0.0,76.34,,28.0,,91.8,79.6,20.0,2390.0,2025,Nov,116552
Farsidol Relocated,2025-11-14,17.23,0.0,71.59,,27.6,,44.0,88.3,15.8,1990.0,2025,Nov,116552
Farsidol Relocated,2025-11-15,17.24,0.0,74.29,,26.8,,42.2,71.2,16.7,1820.0,2025,Nov,116552
Farsidol Relocated,2025-11-16,17.51,0.0,70.44,,24.5,,38.8,70.1,16.6,1630.0,2025,Nov,116552
Farsidol Relocated,2025-11-17,16.94,0.0,71.39,,25.0,,39.7,72.2,15.5,1730.0,2025,Nov,116552
Farsidol Relocated,2025-11-18,17.25,0.0,71.82,,25.5,,39.9,73.6,15.8,1720.0,2025,Nov,116552
Farsidol Relocated,2025-11-19,17.49,0.0,81.01,,25.3,,39.2,73.0,15.7,1740.0,2025,Nov,116552
Farsidol Relocated,2025-11-20,17.43,0.0,82.81,,22.7,,35.3,72.8,15.8,1550.0,2025,Nov,116552
Farsidol Relocated,2025-11-21,17.26,0.0,82.89,,23.5,,36.2,72.8,15.8,1600.0,2025,Nov,116552
Farsidol Relocated,2025-11-22,16.72,0.0,84.6,,25.5,,39.4,72.9,15.2,1710.0,2025,Nov,116552
Farsidol Relocated,2025-11-23,16.13,0.0,81.08,,29.7,,49.2,74.1,14.6,2130.0,2025,Nov,116552
Farsidol Relocated,2025-11-24,15.06,0.0,78.48,,31.0,,51.5,71.4,14.8,2240.0,2025,Nov,116552
Farsidol Relocated,2025-11-25,15.6,0.0,75.33,,34.9,,58.0,74.6,13.3,2480.0,2025,Nov,116552
Farsidol Relocated,2025-11-26,16.08,0.0,75.38,,30.4,,48.4,58.8,17.3,2230.0,2025,Nov,116552
Farsidol Relocated,2025-11-27,17.27,0.0,72.76,,42.8,,68.0,65.2,16.2,3260.0,2025,Nov,116552
Farsidol Relocated,2025-11-28,17.21,0.0,70.96,,72.5,,126.0,54.9,18.9,5900.0,2025,Nov,116552
Farsidol Relocated,2025-11-29,16.32,0.0,75.51,,46.6,,74.1,50.7,20.4,3630.0,2025,Nov,116552
Farsidol Relocated,2025-11-30,15.7,0.0,74.13,,43.0,,69.3,50.7,19.3,3420.0,2025,Nov,116552
Farsidol Relocated,2025-12-01,15.1,0.0,76.66,,43.1,,108.0,59.4,19.1,3830.0,2025,Dec,98180
Farsidol Relocated,2025-12-02,14.26,0.0,67.48,,40.4,,67.0,69.3,17.0,3200.0,2025,Dec,98180
Farsidol Relocated,2025-12-03,14.74,0.0,66.95,,41.2,,68.9,72.0,15.9,3240.0,2025,Dec,98180
Farsidol Relocated,2025-12-04,14.68,0.0,65.29,,37.3,,68.9,62.6,16.7,2900.0,2025,Dec,98180
Farsidol Relocated,2025-12-05,14.45,0.0,67.58,,29.5,,48.8,59.5,16.6,2130.0,2025,Dec,98180
Farsidol Relocated,2025-12-06,13.84,0.0,67.39,,53.3,,89.3,63.7,16.3,4170.0,2025,Dec,98180
Farsidol Relocated,2025-12-07,13.91,0.0,70.27,,35.3,,56.2,61.6,16.5,2710.0,2025,Dec,98180
Farsidol Relocated,2025-12-08,14.56,0.0,72.41,,29.9,,48.1,53.0,19.1,2100.0,2025,Dec,98180
Farsidol Relocated,2025-12-09,14.79,0.0,70.79,,49.6,,114.0,53.5,19.8,4330.0,2025,Dec,98180
Farsidol Relocated,2025-12-10,14.39,0.0,66.17,,33.3,,194.0,53.7,18.9,4780.0,2025,Dec,98180
Farsidol Relocated,2025-12-11,14.73,0.0,67.47,,74.6,,127.0,65.1,15.9,5760.0,2025,Dec,98180
Farsidol Relocated,2025-12-12,14.89,0.0,74.38,,33.4,,273.0,50.1,19.9,7520.0,2025,Dec,98180
Farsidol Relocated,2025-12-13,15.45,0.0,73.89,,52.3,,158.0,51.9,19.4,5490.0,2025,Dec,98180
Farsidol Relocated,2025-12-14,15.69,0.0,76.52,,44.4,,68.7,59.6,16.4,3350.0,2025,Dec,98180
Farsidol Relocated,2025-12-15,14.88,0.0,79.46,,27.6,,163.0,48.9,19.1,4430.0,2025,Dec,98180
Farsidol Relocated,2025-12-16,14.33,0.0,76.23,,38.2,,107.0,49.8,18.8,3570.0,2025,Dec,98180
Farsidol Relocated,2025-12-17,13.21,0.0,76.65,,46.6,,75.2,60.6,17.1,3430.0,2025,Dec,98180
Farsidol Relocated,2025-12-18,14.21,0.0,68.99,,71.5,,157.0,50.5,19.3,5980.0,2025,Dec,98180
Farsidol Relocated,2025-12-19,13.61,0.0,69.95,,60.5,,141.0,49.6,19.2,5080.0,2025,Dec,98180
Farsidol Relocated,2025-12-20,11.98,0.0,68.85,,36.8,,57.7,62.3,16.0,2700.0,2025,Dec,98180
Farsidol Relocated,2025-12-21,12.39,0.0,72.08,,63.0,,106.0,60.8,17.6,4920.0,2025,Dec,98180
Farsidol Relocated,2025-12-22,13.43,0.0,74.89,,53.7,,86.1,71.1,14.3,4060.0,2025,Dec,98180
Farsidol Relocated,2025-12-23,12.22,0.0,78.07,,58.4,,90.7,55.1,17.2,4500.0,2025,Dec,98180
Farsidol Relocated,2025-12-24,12.0,0.0,77.9,,35.1,,66.4,60.2,16.6,2600.0,2025,Dec,98180
Farsidol Relocated,2025-12-25,11.9,0.0,75.7,,34.9,,70.0,55.5,16.4,2430.0,2025,Dec,98180
Farsidol Relocated,2025-12-26,12.48,0.0,73.76,,35.9,,79.6,57.9,17.3,7650.0,2025,Dec,98180
Farsidol Relocated,2025-12-27,12.74,0.0,72.46,,62.5,,170.0,63.1,16.2,5650.0,2025,Dec,98180
Farsidol Relocated,2025-12-28,11.74,0.0,76.27,,44.7,,333.0,58.5,17.8,8360.0,2025,Dec,98180
Farsidol Relocated,2025-12-29,11.01,0.04,73.62,,51.3,,99.6,62.9,16.3,4050.0,2025,Dec,98180
Farsidol Relocated,2025-12-31,10.81,0.0,63.1,,42.0,,70.9,61.4,16.5,3190.0,2025,Dec,98180
Hetauda Sub-Metropolitan City Office (CEN-SR-15),2025-11-06,21.09,0.0,74.44,,7.98,,16.3,41.4,30.1,632.0,2025,Nov,116552
Hetauda Sub-Metropolitan City Office (CEN-SR-15),2025-11-07,19.79,0.0,80.38,,21.9,,38.5,45.7,26.8,1560.0,2025,Nov,116552
Hetauda Sub-Metropolitan City Office (CEN-SR-15),2025-11-08,19.36,0.0,78.63,,34.2,,57.9,49.2,26.0,2470.0,2025,Nov,116552
Hetauda Sub-Metropolitan City Office (CEN-SR-15),2025-11-09,19.26,0.0,77.32,,28.2,,45.6,50.4,25.6,1850.0,2025,Nov,116552
Hetauda Sub-Metropolitan City Office (CEN-SR-15),2025-11-10,17.99,0.0,78.49,,29.6,,48.8,46.8,26.0,2050.0,2025,Nov,116552
Hetauda Sub-Metropolitan City Office (CEN-SR-15),2025-11-11,17.36,0.0,79.38,,32.4,,52.7,44.7,25.9,2300.0,2025,Nov,116552
Hetauda Sub-Metropolitan City Office (CEN-SR-15),2025-11-12,17.34,0.0,78.19,,32.6,,53.3,47.1,23.9,2320.0,2025,Nov,116552
Hetauda Sub-Metropolitan City Office (CEN-SR-15),2025-11-13,17.14,0.0,76.34,,35.0,,57.5,46.9,24.9,2560.0,2025,Nov,116552
Hetauda Sub-Metropolitan City Office (CEN-SR-15),2025-11-14,17.23,0.0,71.59,,33.3,,54.7,53.0,22.1,2420.0,2025,Nov,116552
Hetauda Sub-Metropolitan City Office (CEN-SR-15),2025-11-15,17.24,0.0,74.29,,32.6,,53.4,48.2,24.4,2310.0,2025,Nov,116552
Hetauda Sub-Metropolitan City Office (CEN-SR-15),2025-11-16,17.51,0.0,70.44,,30.2,,49.0,48.3,24.3,2060.0,2025,Nov,116552
Hetauda Sub-Metropolitan City Office (CEN-SR-15),2025-11-17,16.94,0.0,71.39,,25.7,,41.0,49.1,23.7,1610.0,2025,Nov,116552
Hetauda Sub-Metropolitan City Office (CEN-SR-15),2025-11-18,17.25,0.0,71.82,,23.9,,38.5,47.5,24.4,1480.0,2025,Nov,116552
Hetauda Sub-Metropolitan City Office (CEN-SR-15),2025-11-19,17.49,0.0,81.01,,23.3,,36.7,47.1,25.0,1460.0,2025,Nov,116552
Hetauda Sub-Metropolitan City Office (CEN-SR-15),2025-11-20,17.43,0.0,82.81,,22.1,,34.5,45.5,25.5,1390.0,2025,Nov,116552
Hetauda Sub-Metropolitan City Office (CEN-SR-15),2025-11-21,17.26,0.0,82.89,,24.0,,36.5,48.5,24.0,1460.0,2025,Nov,116552
Hetauda Sub-Metropolitan City Office (CEN-SR-15),2025-11-22,16.72,0.0,84.6,,26.2,,40.1,46.9,23.6,1650.0,2025,Nov,116552
Hetauda Sub-Metropolitan City Office (CEN-SR-15),2025-11-23,16.13,0.0,81.08,,40.6,,73.7,46.8,22.9,2980.0,2025,Nov,116552
Hetauda Sub-Metropolitan City Office (CEN-SR-15),2025-11-24,15.06,0.0,78.48,,53.0,,101.0,44.6,24.1,4070.0,2025,Nov,116552
Hetauda Sub-Metropolitan City Office (CEN-SR-15),2025-11-25,15.6,0.0,75.33,,39.2,,70.1,46.1,22.9,2980.0,2025,Nov,116552
Hetauda Sub-Metropolitan City Office (CEN-SR-15),2025-11-26,16.08,0.0,75.38,,29.2,,47.6,43.9,24.7,1990.0,2025,Nov,116552
Hetauda Sub-Metropolitan City Office (CEN-SR-15),2025-11-27,17.27,0.0,72.76,,25.1,,40.2,45.0,24.2,1620.0,2025,Nov,116552
Hetauda Sub-Metropolitan City Office (CEN-SR-15),2025-11-28,17.21,0.0,70.96,,22.2,,35.2,45.2,24.0,1440.0,2025,Nov,116552
Hetauda Sub-Metropolitan City Office (CEN-SR-15),2025-11-29,16.32,0.0,75.51,,21.8,,34.4,44.4,24.1,1390.0,2025,Nov,116552
Hetauda Sub-Metropolitan City Office (CEN-SR-15),2025-11-30,15.7,0.0,74.13,,33.5,,54.9,42.3,24.0,2360.0,2025,Nov,116552
Hetauda Sub-Metropolitan City Office (CEN-SR-15),2025-12-01,15.1,0.0,76.66,,66.9,,118.0,43.6,23.3,5060.0,2025,Dec,98180
Hetauda Sub-Metropolitan City Office (CEN-SR-15),2025-12-02,14.26,0.0,67.48,,65.5,,118.0,46.5,22.9,4960.0,2025,Dec,98180
Hetauda Sub-Metropolitan City Office (CEN-SR-15),2025-12-03,14.74,0.0,66.95,,56.6,,103.0,50.7,22.1,4310.0,2025,Dec,98180
Hetauda Sub-Metropolitan City Office (CEN-SR-15),2025-12-04,14.68,0.0,65.29,,43.6,,76.2,49.0,21.9,3290.0,2025,Dec,98180
Hetauda Sub-Metropolitan City Office (CEN-SR-15),2025-12-05,14.45,0.0,67.58,,41.5,,71.6,48.6,22.5,3120.0,2025,Dec,98180
Hetauda Sub-Metropolitan City Office (CEN-SR-15),2025-12-06,13.84,0.0,67.39,,33.6,,56.4,52.6,20.8,2480.0,2025,Dec,98180
Hetauda Sub-Metropolitan City Office (CEN-SR-15),2025-12-07,13.91,0.0,70.27,,39.4,,67.6,47.5,22.5,2900.0,2025,Dec,98180
Hetauda Sub-Metropolitan City Office (CEN-SR-15),2025-12-08,14.56,0.0,72.41,,33.4,,55.1,43.8,23.7,2430.0,2025,Dec,98180
Hetauda Sub-Metropolitan City Office (CEN-SR-15),2025-12-09,14.79,0.0,70.79,,31.4,,50.4,45.7,22.5,2200.0,2025,Dec,98180
Hetauda Sub-Metropolitan City Office (CEN-SR-15),2025-12-10,14.39,0.0,66.17,,29.8,,48.5,46.3,22.3,2130.0,2025,Dec,98180
Hetauda Sub-Metropolitan City Office (CEN-SR-15),2025-12-11,14.73,0.0,67.47,,27.6,,44.7,43.2,22.9,1920.0,2025,Dec,98180
Hetauda Sub-Metropolitan City Office (CEN-SR-15),2025-12-12,14.89,0.0,74.38,,27.3,,43.1,43.2,23.3,1870.0,2025,Dec,98180
Hetauda Sub-Metropolitan City Office (CEN-SR-15),2025-12-13,15.45,0.0,73.89,,27.3,,41.7,43.0,23.1,1790.0,2025,Dec,98180
Hetauda Sub-Metropolitan City Office (CEN-SR-15),2025-12-14,15.69,0.0,76.52,,27.9,,43.2,42.8,23.4,1890.0,2025,Dec,98180
Hetauda Sub-Metropolitan City Office (CEN-SR-15),2025-12-15,14.88,0.0,79.46,,27.5,,41.8,44.8,22.3,1810.0,2025,Dec,98180
Hetauda Sub-Metropolitan City Office (CEN-SR-15),2025-12-16,14.33,0.0,76.23,,31.3,,49.6,45.9,21.5,2200.0,2025,Dec,98180
Hetauda Sub-Metropolitan City Office (CEN-SR-15),2025-12-17,13.21,0.0,76.65,,35.4,,55.9,46.7,21.9,2540.0,2025,Dec,98180
Hetauda Sub-Metropolitan City Office (CEN-SR-15),2025-12-18,14.21,0.0,68.99,,35.7,,55.6,44.4,23.2,2550.0,2025,Dec,98180
Hetauda Sub-Metropolitan City Office (CEN-SR-15),2025-12-19,13.61,0.0,69.95,,38.0,,60.4,47.1,21.8,2800.0,2025,Dec,98180
Hetauda Sub-Metropolitan City Office (CEN-SR-15),2025-12-20,11.98,0.0,68.85,,38.3,,63.3,50.5,20.5,2840.0,2025,Dec,98180
Hetauda Sub-Metropolitan City Office (CEN-SR-15),2025-12-21,12.39,0.0,72.08,,40.1,,65.4,49.5,21.1,2970.0,2025,Dec,98180
Hetauda Sub-Metropolitan City Office (CEN-SR-15),2025-12-22,13.43,0.0,74.89,,34.7,,55.4,47.3,21.9,2520.0,2025,Dec,98180
Hetauda Sub-Metropolitan City Office (CEN-SR-15),2025-12-23,12.22,0.0,78.07,,39.5,,64.8,48.3,21.0,2860.0,2025,Dec,98180
Hetauda Sub-Metropolitan City Office (CEN-SR-15),2025-12-24,12.0,0.0,77.9,,44.0,,78.0,50.9,19.7,3310.0,2025,Dec,98180
Hetauda Sub-Metropolitan City Office (CEN-SR-15),2025-12-25,11.9,0.0,75.7,,42.8,,75.4,50.9,20.0,3230.0,2025,Dec,98180
Hetauda Sub-Metropolitan City Office (CEN-SR-15),2025-12-26,12.48,0.0,73.76,,41.7,,70.4,57.3,16.8,3170.0,2025,Dec,98180
CEN-SR-02: Farsidol Brick Factories,2025-09-19,23.67,42.01,88.04,,9.1,,16.9,79.8,23.5,751.0,2025,Sep,79981
CEN-SR-02: Farsidol Brick Factories,2025-09-20,23.51,1.38,90.85,,6.54,,12.4,73.4,24.7,617.0,2025,Sep,79981
CEN-SR-02: Farsidol Brick Factories,2025-09-21,23.82,0.14,90.77,,7.75,,15.5,72.9,25.5,677.0,2025,Sep,79981
CEN-SR-02: Farsidol Brick Factories,2025-09-22,24.6,0.19,88.89,,13.1,,24.2,75.5,25.6,957.0,2025,Sep,79981
CEN-SR-02: Farsidol Brick Factories,2025-09-23,25.09,0.09,85.9,,11.3,,20.9,74.5,26.3,850.0,2025,Sep,79981
CEN-SR-02: Farsidol Brick Factories,2025-09-24,24.88,0.09,88.24,,11.0,,20.1,77.4,25.3,842.0,2025,Sep,79981
CEN-SR-02: Farsidol Brick Factories,2025-09-25,24.58,0.02,88.81,,8.63,,14.8,72.0,25.3,710.0,2025,Sep,79981
CEN-SR-02: Farsidol Brick Factories,2025-09-26,25.87,0.06,82.34,,9.32,,15.3,69.0,26.8,779.0,2025,Sep,79981
CEN-SR-02: Farsidol Brick Factories,2025-09-27,25.09,0.15,88.37,,9.67,,15.8,73.6,25.4,764.0,2025,Sep,79981
CEN-SR-02: Farsidol Brick Factories,2025-09-28,24.2,0.6,88.65,,11.1,,20.4,75.3,24.8,853.0,2025,Sep,79981
CEN-SR-02: Farsidol Brick Factories,2025-09-29,24.16,0.73,86.36,,14.4,,24.3,76.0,24.6,1020.0,2025,Sep,79981
CEN-SR-02: Farsidol Brick Factories,2025-09-30,24.62,6.82,82.38,,13.2,,22.4,74.7,24.9,941.0,2025,Sep,79981
CEN-SR-02: Farsidol Brick Factories,2025-10-01,24.56,18.0,85.69,,5.2,,10.2,74.4,23.9,544.0,2025,Oct,128443
CEN-SR-02: Farsidol Brick Factories,2025-10-02,22.8,23.75,93.94,,6.77,,12.5,84.6,21.2,621.0,2025,Oct,128443
CEN-SR-02: Farsidol Brick Factories,2025-10-03,22.87,49.6,86.44,,16.2,,26.5,84.7,21.7,1170.0,2025,Oct,128443
CEN-SR-02: Farsidol Brick Factories,2025-10-04,21.95,84.69,93.09,,6.64,,12.6,95.9,19.7,638.0,2025,Oct,128443
CEN-SR-02: Farsidol Brick Factories,2025-10-05,23.25,3.55,91.16,,1.7,,42.8,72.4,24.2,784.0,2025,Oct,128443
CEN-SR-02: Farsidol Brick Factories,2025-10-06,22.6,0.29,89.37,,2.9,,6.0,76.1,23.2,410.0,2025,Oct,128443
CEN-SR-02: Farsidol Brick Factories,2025-10-07,22.49,0.06,90.86,,8.5,,16.5,79.6,22.4,720.0,2025,Oct,128443
CEN-SR-02: Farsidol Brick Factories,2025-10-08,22.99,0.35,87.26,,11.9,,21.9,75.5,23.3,886.0,2025,Oct,128443
CEN-SR-02: Farsidol Brick Factories,2025-10-09,22.99,0.27,85.8,,15.9,,27.3,75.7,22.4,1070.0,2025,Oct,128443
CEN-SR-02: Farsidol Brick Factories,2025-10-10,22.33,0.0,81.69,,12.9,,22.7,71.2,21.8,947.0,2025,Oct,128443
CEN-SR-02: Farsidol Brick Factories,2025-10-11,21.83,0.0,84.99,,13.5,,23.9,66.6,20.8,977.0,2025,Oct,128443
CEN-SR-02: Farsidol Brick Factories,2025-10-12,21.52,0.0,84.48,,16.8,,30.0,67.0,21.0,1100.0,2025,Oct,128443
CEN-SR-02: Farsidol Brick Factories,2025-10-13,20.7,0.0,81.37,,16.6,,30.1,63.8,20.7,1110.0,2025,Oct,128443
CEN-SR-02: Farsidol Brick Factories,2025-10-14,21.33,0.0,75.08,,22.1,,38.1,66.8,20.6,1430.0,2025,Oct,128443
CEN-SR-02: Farsidol Brick Factories,2025-10-15,21.74,0.0,81.07,,21.7,,36.7,66.8,20.8,1470.0,2025,Oct,128443
CEN-SR-02: Farsidol Brick Factories,2025-10-16,22.3,0.0,81.31,,20.9,,34.6,67.9,21.1,1380.0,2025,Oct,128443
CEN-SR-02: Farsidol Brick Factories,2025-10-17,22.6,0.0,81.69,,22.2,,36.4,74.9,21.4,1490.0,2025,Oct,128443
CEN-SR-02: Farsidol Brick Factories,2025-10-18,22.07,0.0,85.89,,20.4,,34.0,72.4,22.2,1380.0,2025,Oct,128443
CEN-SR-02: Farsidol Brick Factories,2025-10-19,21.93,0.0,82.09,,20.8,,34.6,71.5,21.6,1410.0,2025,Oct,128443
CEN-SR-02: Farsidol Brick Factories,2025-10-20,21.77,0.0,84.38,,24.9,,41.4,69.5,19.5,1800.0,2025,Oct,128443
CEN-SR-02: Farsidol Brick Factories,2025-10-21,22.9,0.0,77.61,,19.6,,32.6,62.1,21.3,1340.0,2025,Oct,128443
CEN-SR-02: Farsidol Brick Factories,2025-10-22,23.13,0.0,78.47,,20.1,,33.0,66.6,21.3,1380.0,2025,Oct,128443
CEN-SR-02: Farsidol Brick Factories,2025-10-23,22.9,0.0,83.96,,18.8,,31.5,71.9,20.9,1270.0,2025,Oct,128443
CEN-SR-02: Farsidol Brick Factories,2025-10-24,22.27,0.0,86.59,,18.0,,30.9,70.8,20.9,1180.0,2025,Oct,128443
CEN-SR-02: Farsidol Brick Factories,2025-10-25,22.26,0.0,72.65,,21.0,,36.5,69.6,20.3,1400.0,2025,Oct,128443
CEN-SR-02: Farsidol Brick Factories,2025-10-26,22.31,0.0,60.9,,21.5,,37.2,60.2,20.0,1470.0,2025,Oct,128443
CEN-SR-02: Farsidol Brick Factories,2025-10-27,22.36,0.03,63.11,,22.7,,38.5,60.2,18.8,1550.0,2025,Oct,128443
CEN-SR-02: Farsidol Brick Factories,2025-10-28,21.11,1.93,72.2,,33.8,,55.4,76.7,16.5,2440.0,2025,Oct,128443
CEN-SR-02: Farsidol Brick Factories,2025-10-29,21.65,0.16,78.9,,37.0,,92.5,74.0,19.6,3010.0,2025,Oct,128443
CEN-SR-02: Farsidol Brick Factories,2025-12-25,11.9,0.0,75.7,,39.3,,97.5,44.3,21.3,2700.0,2025,Dec,98180
CEN-SR-02: Farsidol Brick Factories,2025-12-26,12.48,0.0,73.76,,33.6,,55.6,59.8,17.2,2410.0,2025,Dec,98180
CEN-SR-02: Farsidol Brick Factories,2025-12-27,12.74,0.0,72.46,,49.3,,91.8,66.5,15.5,3230.0,2025,Dec,98180
CEN-SR-02: Farsidol Brick Factories,2025-12-28,11.74,0.0,76.27,,37.7,,61.7,67.4,15.2,2640.0,2025,Dec,98180
CEN-SR-02: Farsidol Brick Factories,2025-12-29,11.01,0.04,73.62,,27.2,,44.7,66.9,15.6,1670.0,2025,Dec,98180
CEN-SR-02: Farsidol Brick Factories,2025-12-30,9.9,0.0,70.04,,22.7,,34.1,53.9,19.1,1860.0,2025,Dec,98180
Hetauda Udhyog Sang Office (CEN-SR-18),2025-09-21,23.82,0.14,90.77,,15.2,,25.1,51.4,32.2,949.0,2025,Sep,79981
Hetauda Udhyog Sang Office (CEN-SR-18),2025-09-22,24.6,0.19,88.89,,14.1,,24.6,52.9,32.0,905.0,2025,Sep,79981
Hetauda Udhyog Sang Office (CEN-SR-18),2025-09-23,25.09,0.09,85.9,,16.4,,26.5,48.5,34.0,987.0,2025,Sep,79981
Hetauda Udhyog Sang Office (CEN-SR-18),2025-09-24,24.88,0.09,88.24,,15.9,,24.3,51.5,32.7,947.0,2025,Sep,79981
Hetauda Udhyog Sang Office (CEN-SR-18),2025-09-25,24.58,0.02,88.81,,5.22,,8.85,43.2,35.4,568.0,2025,Sep,79981
Hetauda Udhyog Sang Office (CEN-SR-18),2025-09-26,25.87,0.06,82.34,,2.18,,4.15,34.8,38.6,380.0,2025,Sep,79981
Hetauda Udhyog Sang Office (CEN-SR-18),2025-09-28,24.2,0.6,88.65,,22.8,,34.2,51.9,31.8,1530.0,2025,Sep,79981
Hetauda Udhyog Sang Office (CEN-SR-18),2025-09-29,24.16,0.73,86.36,,17.2,,25.4,55.2,29.5,1100.0,2025,Sep,79981
Hetauda Udhyog Sang Office (CEN-SR-18),2025-09-30,24.62,6.82,82.38,,13.4,,20.5,51.8,31.0,860.0,2025,Sep,79981
Hetauda Udhyog Sang Office (CEN-SR-18),2025-10-01,24.56,18.0,85.69,,4.59,,9.21,53.4,29.4,499.0,2025,Oct,128443
Hetauda Udhyog Sang Office (CEN-SR-18),2025-10-02,22.8,23.75,93.94,,0.846,,2.14,58.1,27.2,244.0,2025,Oct,128443
Hetauda Udhyog Sang Office (CEN-SR-18),2025-10-03,22.87,49.6,86.44,,4.4,,7.35,56.5,29.2,445.0,2025,Oct,128443
Hetauda Udhyog Sang Office (CEN-SR-18),2025-10-04,21.95,84.69,93.09,,0.667,,1.61,62.4,25.3,221.0,2025,Oct,128443
Hetauda Udhyog Sang Office (CEN-SR-18),2025-10-05,23.25,3.55,91.16,,0.277,,0.688,55.8,26.9,136.0,2025,Oct,128443
Hetauda Udhyog Sang Office (CEN-SR-18),2025-10-06,22.6,0.29,89.37,,2.19,,4.9,46.8,32.1,376.0,2025,Oct,128443
Hetauda Udhyog Sang Office (CEN-SR-18),2025-10-07,22.49,0.06,90.86,,6.51,,13.5,44.2,33.1,620.0,2025,Oct,128443
Hetauda Udhyog Sang Office (CEN-SR-18),2025-10-08,22.99,0.35,87.26,,15.7,,25.4,41.9,34.3,992.0,2025,Oct,128443
Hetauda Udhyog Sang Office (CEN-SR-18),2025-10-09,22.99,0.27,85.8,,20.5,,30.9,40.7,34.9,1220.0,2025,Oct,128443
Hetauda Udhyog Sang Office (CEN-SR-18),2025-10-10,22.33,0.0,81.69,,6.91,,13.2,34.2,35.0,642.0,2025,Oct,128443
Hetauda Udhyog Sang Office (CEN-SR-18),2025-10-12,21.52,0.0,84.48,,18.8,,29.1,35.8,33.9,1070.0,2025,Oct,128443
Hetauda Udhyog Sang Office (CEN-SR-18),2025-10-13,20.7,0.0,81.37,,22.3,,34.7,31.2,34.5,1350.0,2025,Oct,128443
Hetauda Udhyog Sang Office (CEN-SR-18),2025-10-14,21.33,0.0,75.08,,23.3,,36.3,30.4,34.3,1420.0,2025,Oct,128443
Hetauda Udhyog Sang Office (CEN-SR-18),2025-10-15,21.74,0.0,81.07,,22.6,,34.5,32.1,35.0,1390.0,2025,Oct,128443
Hetauda Udhyog Sang Office (CEN-SR-18),2025-10-16,22.3,0.0,81.31,,11.7,,21.7,32.7,35.3,831.0,2025,Oct,128443
Hetauda Udhyog Sang Office (CEN-SR-18),2025-10-17,22.6,0.0,81.69,,24.5,,36.5,38.5,33.6,1550.0,2025,Oct,128443
Hetauda Udhyog Sang Office (CEN-SR-18),2025-10-19,21.93,0.0,82.09,,26.9,,41.2,35.3,35.0,1820.0,2025,Oct,128443
Hetauda Udhyog Sang Office (CEN-SR-18),2025-10-24,22.27,0.0,86.59,,16.2,,25.2,31.2,35.8,972.0,2025,Oct,128443
Hetauda Udhyog Sang Office (CEN-SR-18),2025-10-26,22.31,0.0,60.9,,23.6,,36.4,31.3,34.9,1460.0,2025,Oct,128443
Hetauda Udhyog Sang Office (CEN-SR-18),2025-10-27,22.36,0.03,63.11,,29.0,,47.0,43.5,29.3,1990.0,2025,Oct,128443
Hetauda Udhyog Sang Office (CEN-SR-18),2025-10-28,21.11,1.93,72.2,,32.7,,52.8,53.5,25.1,2370.0,2025,Oct,128443
Hetauda Udhyog Sang Office (CEN-SR-18),2025-10-29,21.65,0.16,78.9,,26.1,,40.9,43.0,28.7,1680.0,2025,Oct,128443
Hetauda Udhyog Sang Office (CEN-SR-18),2025-10-30,20.18,27.94,89.18,,8.36,,16.6,56.4,25.2,664.0,2025,Oct,128443
Hetauda Udhyog Sang Office (CEN-SR-18),2025-10-31,19.77,27.55,92.08,,0.607,,1.09,59.0,25.4,136.0,2025,Oct,128443
Hetauda Udhyog Sang Office (CEN-SR-18),2025-11-02,19.95,0.79,88.99,,17.3,,27.8,44.2,31.0,1020.0,2025,Nov,116552
Hetauda Udhyog Sang Office (CEN-SR-18),2025-11-03,20.42,0.15,80.31,,41.0,,70.3,37.2,33.9,3200.0,2025,Nov,116552
Hetauda Udhyog Sang Office (CEN-SR-18),2025-11-04,21.29,0.06,75.67,,55.3,,102.0,39.6,32.9,4260.0,2025,Nov,116552
Hetauda Udhyog Sang Office (CEN-SR-18),2025-11-05,21.03,0.0,77.42,,21.2,,34.2,32.7,34.3,1360.0,2025,Nov,116552
Hetauda Udhyog Sang Office (CEN-SR-18),2025-11-06,21.09,0.0,74.44,,6.19,,11.8,31.2,35.0,582.0,2025,Nov,116552
Hetauda Udhyog Sang Office (CEN-SR-18),2025-11-07,19.79,0.0,80.38,,19.4,,30.7,26.8,34.7,1200.0,2025,Nov,116552
Hetauda Udhyog Sang Office (CEN-SR-18),2025-11-09,19.26,0.0,77.32,,24.7,,37.9,35.3,32.8,1530.0,2025,Nov,116552
Hetauda Udhyog Sang Office (CEN-SR-18),2025-11-10,17.99,0.0,78.49,,31.9,,49.6,34.4,31.9,2300.0,2025,Nov,116552
Hetauda Udhyog Sang Office (CEN-SR-18),2025-11-11,17.36,0.0,79.38,,31.1,,48.4,32.7,31.2,2180.0,2025,Nov,116552
Hetauda Udhyog Sang Office (CEN-SR-18),2025-11-12,17.34,0.0,78.19,,45.7,,75.0,33.4,30.7,3500.0,2025,Nov,116552
Hetauda Udhyog Sang Office (CEN-SR-18),2025-11-13,17.14,0.0,76.34,,26.9,,41.1,30.7,32.1,1740.0,2025,Nov,116552
Hetauda Udhyog Sang Office (CEN-SR-18),2025-11-14,17.23,0.0,71.59,,29.2,,44.3,35.8,29.3,1950.0,2025,Nov,116552
Hetauda Udhyog Sang Office (CEN-SR-18),2025-11-16,17.51,0.0,70.44,,25.1,,38.1,33.3,31.0,1530.0,2025,Nov,116552
Hetauda Udhyog Sang Office (CEN-SR-18),2025-11-17,16.94,0.0,71.39,,21.7,,32.9,33.5,30.1,1240.0,2025,Nov,116552
Hetauda Udhyog Sang Office (CEN-SR-18),2025-11-18,17.25,0.0,71.82,,20.9,,33.4,37.3,28.7,1430.0,2025,Nov,116552
Hetauda Udhyog Sang Office (CEN-SR-18),2025-11-19,17.49,0.0,81.01,,17.0,,26.7,31.7,31.9,1220.0,2025,Nov,116552
Hetauda Udhyog Sang Office (CEN-SR-18),2025-11-20,17.43,0.0,82.81,,11.6,,18.6,31.6,31.2,829.0,2025,Nov,116552
Hetauda Udhyog Sang Office (CEN-SR-18),2025-11-21,17.26,0.0,82.89,,25.4,,37.7,40.7,26.8,1730.0,2025,Nov,116552
Hetauda Udhyog Sang Office (CEN-SR-18),2025-11-22,16.72,0.0,84.6,,28.0,,42.2,45.1,23.8,1860.0,2025,Nov,116552
Hetauda Udhyog Sang Office (CEN-SR-18),2025-11-23,16.13,0.0,81.08,,46.2,,80.0,46.0,22.8,3420.0,2025,Nov,116552
Hetauda Udhyog Sang Office (CEN-SR-18),2025-11-24,15.06,0.0,78.48,,59.6,,109.0,45.4,23.3,4610.0,2025,Nov,116552
Hetauda Udhyog Sang Office (CEN-SR-18),2025-11-25,15.6,0.0,75.33,,42.0,,70.3,43.7,23.9,3180.0,2025,Nov,116552
Hetauda Udhyog Sang Office (CEN-SR-18),2025-11-26,16.08,0.0,75.38,,33.3,,52.0,43.5,24.3,2380.0,2025,Nov,116552
Hetauda Udhyog Sang Office (CEN-SR-18),2025-11-27,17.27,0.0,72.76,,28.0,,42.2,44.5,24.1,1880.0,2025,Nov,116552
Hetauda Udhyog Sang Office (CEN-SR-18),2025-11-28,17.21,0.0,70.96,,24.5,,36.3,41.6,25.0,1700.0,2025,Nov,116552
Hetauda Udhyog Sang Office (CEN-SR-18),2025-11-29,16.32,0.0,75.51,,21.5,,32.1,43.1,24.0,1420.0,2025,Nov,116552
Hetauda Udhyog Sang Office (CEN-SR-18),2025-11-30,15.7,0.0,74.13,,48.8,,79.9,45.7,22.3,3490.0,2025,Nov,116552
Hetauda Udhyog Sang Office (CEN-SR-18),2025-12-01,15.1,0.0,76.66,,77.2,,131.0,46.3,21.8,5850.0,2025,Dec,98180
Hetauda Udhyog Sang Office (CEN-SR-18),2025-12-02,14.26,0.0,67.48,,72.5,,125.0,46.8,22.5,5510.0,2025,Dec,98180
Hetauda Udhyog Sang Office (CEN-SR-18),2025-12-03,14.74,0.0,66.95,,54.7,,92.4,46.1,23.4,4170.0,2025,Dec,98180
Hetauda Udhyog Sang Office (CEN-SR-18),2025-12-04,14.68,0.0,65.29,,49.2,,81.2,44.0,23.5,3730.0,2025,Dec,98180
Hetauda Udhyog Sang Office (CEN-SR-18),2025-12-05,14.45,0.0,67.58,,44.2,,72.0,44.4,23.6,3350.0,2025,Dec,98180
Hetauda Udhyog Sang Office (CEN-SR-18),2025-12-06,13.84,0.0,67.39,,37.8,,60.3,44.3,23.3,2780.0,2025,Dec,98180
Hetauda Udhyog Sang Office (CEN-SR-18),2025-12-07,13.91,0.0,70.27,,42.7,,67.9,45.3,22.9,3140.0,2025,Dec,98180
Hetauda Udhyog Sang Office (CEN-SR-18),2025-12-08,14.56,0.0,72.41,,35.2,,54.9,42.8,23.5,2590.0,2025,Dec,98180
Hetauda Udhyog Sang Office (CEN-SR-18),2025-12-09,14.79,0.0,70.79,,35.9,,54.9,43.8,23.1,2580.0,2025,Dec,98180
Hetauda Udhyog Sang Office (CEN-SR-18),2025-12-10,14.39,0.0,66.17,,30.9,,47.3,42.9,23.1,2160.0,2025,Dec,98180
Hetauda Udhyog Sang Office (CEN-SR-18),2025-12-11,14.73,0.0,67.47,,34.8,,53.7,41.8,22.7,2470.0,2025,Dec,98180
Hetauda Udhyog Sang Office (CEN-SR-18),2025-12-12,14.89,0.0,74.38,,33.3,,50.3,42.4,23.1,2340.0,2025,Dec,98180
Hetauda Udhyog Sang Office (CEN-SR-18),2025-12-13,15.45,0.0,73.89,,32.1,,46.4,43.0,22.9,2220.0,2025,Dec,98180
Hetauda Udhyog Sang Office (CEN-SR-18),2025-12-14,15.69,0.0,76.52,,30.8,,45.2,42.7,22.9,2150.0,2025,Dec,98180
Hetauda Udhyog Sang Office (CEN-SR-18),2025-12-15,14.88,0.0,79.46,,33.7,,49.3,43.1,22.8,2330.0,2025,Dec,98180
Hetauda Udhyog Sang Office (CEN-SR-18),2025-12-16,14.33,0.0,76.23,,36.5,,55.4,42.5,22.3,2620.0,2025,Dec,98180
Hetauda Udhyog Sang Office (CEN-SR-18),2025-12-17,13.21,0.0,76.65,,37.6,,56.3,44.0,22.3,2710.0,2025,Dec,98180
Hetauda Udhyog Sang Office (CEN-SR-18),2025-12-18,14.21,0.0,68.99,,39.9,,61.0,43.8,23.1,2880.0,2025,Dec,98180
Hetauda Udhyog Sang Office (CEN-SR-18),2025-12-19,13.61,0.0,69.95,,38.7,,59.1,45.2,22.8,2840.0,2025,Dec,98180
Hetauda Udhyog Sang Office (CEN-SR-18),2025-12-20,11.98,0.0,68.85,,36.5,,58.0,46.5,21.8,2720.0,2025,Dec,98180
Hetauda Udhyog Sang Office (CEN-SR-18),2025-12-21,12.39,0.0,72.08,,37.5,,57.5,45.7,22.1,2770.0,2025,Dec,98180
Hetauda Udhyog Sang Office (CEN-SR-18),2025-12-22,13.43,0.0,74.89,,35.7,,54.0,45.4,22.2,2610.0,2025,Dec,98180
Hetauda Udhyog Sang Office (CEN-SR-18),2025-12-23,12.22,0.0,78.07,,37.5,,58.5,45.1,21.7,2770.0,2025,Dec,98180
Hetauda Udhyog Sang Office (CEN-SR-18),2025-12-24,12.0,0.0,77.9,,48.5,,83.0,47.4,20.6,3650.0,2025,Dec,98180
Hetauda Udhyog Sang Office (CEN-SR-18),2025-12-25,11.9,0.0,75.7,,45.1,,77.3,45.8,21.8,3420.0,2025,Dec,98180
Hetauda Udhyog Sang Office (CEN-SR-18),2025-12-26,12.48,0.0,73.76,,47.2,,74.9,45.1,22.1,3560.0,2025,Dec,98180
Hetauda Udhyog Sang Office (CEN-SR-18),2025-12-27,12.74,0.0,72.46,,45.2,,75.4,48.5,21.3,3460.0,2025,Dec,98180
Hetauda Udhyog Sang Office (CEN-SR-18),2025-12-28,11.74,0.0,76.27,,34.1,,57.1,49.2,20.5,2540.0,2025,Dec,98180
Hetauda Udhyog Sang Office (CEN-SR-18),2025-12-29,11.01,0.04,73.62,,31.8,,52.4,51.9,18.5,2230.0,2025,Dec,98180
Hetauda Udhyog Sang Office (CEN-SR-18),2025-12-30,9.9,0.0,70.04,,27.9,,44.7,56.0,16.4,1850.0,2025,Dec,98180
Hetauda Udhyog Sang Office (CEN-SR-18),2025-12-31,10.81,0.0,63.1,,32.3,,51.0,50.6,18.2,2230.0,2025,Dec,98180
Shantichowk (SC-11) - GD Labs,2025-10-09,22.99,0.27,85.8,,7.14,,15.7,44.0,28.8,608.0,2025,Oct,128443
Shantichowk (SC-11) - GD Labs,2025-10-10,22.33,0.0,81.69,,12.7,,22.4,44.7,26.8,888.0,2025,Oct,128443
Shantichowk (SC-11) - GD Labs,2025-10-11,21.83,0.0,84.99,,14.9,,25.6,42.3,26.2,952.0,2025,Oct,128443
Shantichowk (SC-11) - GD Labs,2025-10-12,21.52,0.0,84.48,,19.0,,32.4,42.0,26.1,1190.0,2025,Oct,128443
Shantichowk (SC-11) - GD Labs,2025-10-13,20.7,0.0,81.37,,19.1,,32.8,39.7,25.9,1160.0,2025,Oct,128443
Shantichowk (SC-11) - GD Labs,2025-10-14,21.33,0.0,75.08,,24.8,,40.3,40.0,26.3,1540.0,2025,Oct,128443
Shantichowk (SC-11) - GD Labs,2025-10-15,21.74,0.0,81.07,,28.4,,46.8,43.6,25.8,1980.0,2025,Oct,128443
Shantichowk (SC-11) - GD Labs,2025-10-16,22.3,0.0,81.31,,20.4,,33.6,41.7,27.2,1260.0,2025,Oct,128443
Shantichowk (SC-11) - GD Labs,2025-10-17,22.6,0.0,81.69,,25.6,,39.8,43.9,27.3,1620.0,2025,Oct,128443
Shantichowk (SC-11) - GD Labs,2025-10-18,22.07,0.0,85.89,,26.7,,41.8,42.7,28.5,1770.0,2025,Oct,128443
Shantichowk (SC-11) - GD Labs,2025-10-19,21.93,0.0,82.09,,21.3,,34.2,43.7,27.1,1220.0,2025,Oct,128443
Shantichowk (SC-11) - GD Labs,2025-10-20,21.77,0.0,84.38,,22.9,,36.8,40.5,26.0,1530.0,2025,Oct,128443
Shantichowk (SC-11) - GD Labs,2025-10-21,22.9,0.0,77.61,,21.1,,33.1,37.1,27.2,1400.0,2025,Oct,128443
Shantichowk (SC-11) - GD Labs,2025-10-22,23.13,0.0,78.47,,24.3,,38.0,40.1,27.2,1590.0,2025,Oct,128443
Shantichowk (SC-11) - GD Labs,2025-10-23,22.9,0.0,83.96,,21.3,,33.8,41.5,26.9,1390.0,2025,Oct,128443
Shantichowk (SC-11) - GD Labs,2025-10-24,22.27,0.0,86.59,,18.6,,30.6,41.5,26.9,1120.0,2025,Oct,128443
Shantichowk (SC-11) - GD Labs,2025-10-25,22.26,0.0,72.65,,23.3,,37.5,40.9,26.4,1370.0,2025,Oct,128443
Shantichowk (SC-11) - GD Labs,2025-10-26,22.31,0.0,60.9,,20.4,,35.0,34.2,26.6,1360.0,2025,Oct,128443
Shantichowk (SC-11) - GD Labs,2025-10-27,22.36,0.03,63.11,,27.0,,43.0,34.5,24.9,1750.0,2025,Oct,128443
Shantichowk (SC-11) - GD Labs,2025-10-28,21.11,1.93,72.2,,35.1,,56.4,46.4,22.3,2480.0,2025,Oct,128443
Shantichowk (SC-11) - GD Labs,2025-10-29,21.65,0.16,78.9,,44.5,,70.6,49.7,22.7,3270.0,2025,Oct,128443
Shantichowk (SC-11) - GD Labs,2025-10-30,20.18,27.94,89.18,,16.4,,26.3,55.3,22.4,1080.0,2025,Oct,128443
Shantichowk (SC-11) - GD Labs,2025-10-31,19.77,27.55,92.08,,9.05,,14.1,56.3,23.2,644.0,2025,Oct,128443
Shantichowk (SC-11) - GD Labs,2025-11-01,20.8,6.74,91.35,,2.48,,4.64,55.0,23.9,319.0,2025,Nov,116552
Shantichowk (SC-11) - GD Labs,2025-11-02,19.95,0.79,88.99,,8.3,,14.1,50.2,24.4,597.0,2025,Nov,116552
Shantichowk (SC-11) - GD Labs,2025-11-03,20.42,0.15,80.31,,18.4,,29.9,45.7,26.0,1120.0,2025,Nov,116552
Shantichowk (SC-11) - GD Labs,2025-11-04,21.29,0.06,75.67,,29.1,,49.7,45.4,26.6,1970.0,2025,Nov,116552
Shantichowk (SC-11) - GD Labs,2025-11-05,21.03,0.0,77.42,,25.9,,45.0,43.8,25.7,1720.0,2025,Nov,116552
Shantichowk (SC-11) - GD Labs,2025-11-06,21.09,0.0,74.44,,15.8,,27.2,41.7,26.0,1060.0,2025,Nov,116552
Shantichowk (SC-11) - GD Labs,2025-11-07,19.79,0.0,80.38,,18.8,,31.1,42.1,25.4,1190.0,2025,Nov,116552
Shantichowk (SC-11) - GD Labs,2025-11-08,19.36,0.0,78.63,,21.2,,34.0,39.8,25.5,1350.0,2025,Nov,116552
Shantichowk (SC-11) - GD Labs,2025-11-09,19.26,0.0,77.32,,24.8,,39.3,39.5,25.2,1610.0,2025,Nov,116552
Shantichowk (SC-11) - GD Labs,2025-11-10,17.99,0.0,78.49,,24.2,,37.8,40.5,24.6,1510.0,2025,Nov,116552
Shantichowk (SC-11) - GD Labs,2025-11-11,17.36,0.0,79.38,,25.1,,39.4,41.3,23.9,1610.0,2025,Nov,116552
Shantichowk (SC-11) - GD Labs,2025-11-12,17.34,0.0,78.19,,28.2,,44.3,44.6,21.6,1810.0,2025,Nov,116552
Shantichowk (SC-11) - GD Labs,2025-11-13,17.14,0.0,76.34,,30.0,,48.0,41.0,24.0,2050.0,2025,Nov,116552
Shantichowk (SC-11) - GD Labs,2025-11-14,17.23,0.0,71.59,,32.5,,51.6,45.5,21.1,2280.0,2025,Nov,116552
Shantichowk (SC-11) - GD Labs,2025-11-15,17.24,0.0,74.29,,31.1,,49.4,40.4,23.2,2140.0,2025,Nov,116552
Shantichowk (SC-11) - GD Labs,2025-11-16,17.51,0.0,70.44,,31.0,,49.4,41.2,22.7,2110.0,2025,Nov,116552
Shantichowk (SC-11) - GD Labs,2025-11-17,16.94,0.0,71.39,,30.6,,48.3,41.4,22.4,2050.0,2025,Nov,116552
Shantichowk (SC-11) - GD Labs,2025-11-18,17.25,0.0,71.82,,31.8,,50.3,40.7,23.1,2210.0,2025,Nov,116552
Shantichowk (SC-11) - GD Labs,2025-11-19,17.49,0.0,81.01,,30.7,,48.0,41.6,23.2,2110.0,2025,Nov,116552
Shantichowk (SC-11) - GD Labs,2025-11-20,17.43,0.0,82.81,,29.4,,46.0,41.8,23.0,1970.0,2025,Nov,116552
Shantichowk (SC-11) - GD Labs,2025-11-21,17.26,0.0,82.89,,26.7,,41.6,42.3,22.6,1790.0,2025,Nov,116552
Shantichowk (SC-11) - GD Labs,2025-11-22,16.72,0.0,84.6,,28.1,,43.1,40.9,22.4,1840.0,2025,Nov,116552
Shantichowk (SC-11) - GD Labs,2025-11-23,16.13,0.0,81.08,,34.3,,55.5,41.5,22.0,2450.0,2025,Nov,116552
Shantichowk (SC-11) - GD Labs,2025-11-24,15.06,0.0,78.48,,38.0,,65.9,40.8,22.0,2800.0,2025,Nov,116552
Shantichowk (SC-11) - GD Labs,2025-11-25,15.6,0.0,75.33,,48.4,,85.0,43.0,20.3,3610.0,2025,Nov,116552
Shantichowk (SC-11) - GD Labs,2025-11-30,15.7,0.0,74.13,,36.9,,56.3,42.4,20.6,2750.0,2025,Nov,116552
Shantichowk (SC-11) - GD Labs,2025-12-01,15.1,0.0,76.66,,44.0,,68.4,41.9,21.7,3190.0,2025,Dec,98180
Shantichowk (SC-11) - GD Labs,2025-12-02,14.26,0.0,67.48,,49.6,,82.2,42.8,21.8,3650.0,2025,Dec,98180
Shantichowk (SC-11) - GD Labs,2025-12-03,14.74,0.0,66.95,,48.5,,83.8,43.1,21.7,3630.0,2025,Dec,98180
Shantichowk (SC-11) - GD Labs,2025-12-04,14.68,0.0,65.29,,41.5,,71.3,38.6,22.3,3070.0,2025,Dec,98180
Shantichowk (SC-11) - GD Labs,2025-12-05,14.45,0.0,67.58,,37.9,,63.6,39.7,21.6,2760.0,2025,Dec,98180
Shantichowk (SC-11) - GD Labs,2025-12-06,13.84,0.0,67.39,,44.2,,73.4,39.1,21.1,3240.0,2025,Dec,98180
Shantichowk (SC-11) - GD Labs,2025-12-07,13.91,0.0,70.27,,47.2,,78.1,41.1,20.6,3540.0,2025,Dec,98180
Shantichowk (SC-11) - GD Labs,2025-12-08,14.56,0.0,72.41,,45.8,,75.0,40.4,21.2,3330.0,2025,Dec,98180
Shantichowk (SC-11) - GD Labs,2025-12-09,14.79,0.0,70.79,,40.5,,64.6,38.9,21.1,2930.0,2025,Dec,98180
Shantichowk (SC-11) - GD Labs,2025-12-10,14.39,0.0,66.17,,38.5,,60.4,39.5,20.9,2790.0,2025,Dec,98180
Shantichowk (SC-11) - GD Labs,2025-12-11,14.73,0.0,67.47,,41.3,,64.8,38.1,21.1,3020.0,2025,Dec,98180
Shantichowk (SC-11) - GD Labs,2025-12-12,14.89,0.0,74.38,,43.0,,66.8,38.2,21.1,3100.0,2025,Dec,98180
Shantichowk (SC-11) - GD Labs,2025-12-13,15.45,0.0,73.89,,49.4,,76.0,38.4,21.3,3610.0,2025,Dec,98180
Shantichowk (SC-11) - GD Labs,2025-12-14,15.69,0.0,76.52,,48.0,,73.6,37.6,21.3,3460.0,2025,Dec,98180
Shantichowk (SC-11) - GD Labs,2025-12-15,14.88,0.0,79.46,,45.6,,70.5,37.2,20.8,3300.0,2025,Dec,98180
Shantichowk (SC-11) - GD Labs,2025-12-16,14.33,0.0,76.23,,43.1,,65.8,38.4,20.4,3110.0,2025,Dec,98180
Shantichowk (SC-11) - GD Labs,2025-12-17,13.21,0.0,76.65,,48.3,,74.5,41.4,20.1,3540.0,2025,Dec,98180
Shantichowk (SC-11) - GD Labs,2025-12-18,14.21,0.0,68.99,,47.8,,73.4,39.0,20.8,3470.0,2025,Dec,98180
Shantichowk (SC-11) - GD Labs,2025-12-19,13.61,0.0,69.95,,45.5,,70.3,38.5,20.5,3240.0,2025,Dec,98180
Shantichowk (SC-11) - GD Labs,2025-12-20,11.98,0.0,68.85,,46.0,,71.8,41.3,19.8,3320.0,2025,Dec,98180
Shantichowk (SC-11) - GD Labs,2025-12-21,12.39,0.0,72.08,,54.5,,86.4,41.8,20.0,3970.0,2025,Dec,98180
Shantichowk (SC-11) - GD Labs,2025-12-22,13.43,0.0,74.89,,47.2,,74.8,40.7,20.0,3410.0,2025,Dec,98180
Shantichowk (SC-11) - GD Labs,2025-12-23,12.22,0.0,78.07,,50.1,,78.4,39.6,20.4,3650.0,2025,Dec,98180
Shantichowk (SC-11) - GD Labs,2025-12-24,12.0,0.0,77.9,,51.9,,83.1,41.4,20.1,3810.0,2025,Dec,98180
Shantichowk (SC-11) - GD Labs,2025-12-25,11.9,0.0,75.7,,46.9,,75.5,41.8,18.9,3420.0,2025,Dec,98180
Shantichowk (SC-11) - GD Labs,2025-12-26,12.48,0.0,73.76,,56.5,,92.5,42.0,19.3,4150.0,2025,Dec,98180
Shantichowk (SC-11) - GD Labs,2025-12-27,12.74,0.0,72.46,,52.0,,86.5,41.8,19.7,3830.0,2025,Dec,98180
Shantichowk (SC-11) - GD Labs,2025-12-28,11.74,0.0,76.27,,50.9,,84.5,42.4,19.7,3730.0,2025,Dec,98180
Shantichowk (SC-11) - GD Labs,2025-12-29,11.01,0.04,73.62,,52.5,,86.9,44.0,18.7,3870.0,2025,Dec,98180
Shantichowk (SC-11) - GD Labs,2025-12-30,9.9,0.0,70.04,,56.6,,92.7,43.6,19.0,4170.0,2025,Dec,98180
Shantichowk (SC-11) - GD Labs,2025-12-31,10.81,0.0,63.1,,54.1,,88.9,41.8,19.5,4000.0,2025,Dec,98180
Gothatar (SC-12) - GD Labs,2025-10-09,20.47,0.29,83.37,,6.71,,17.6,44.8,28.7,623.0,2025,Oct,128443
Gothatar (SC-12) - GD Labs,2025-10-10,20.17,0.0,76.25,,8.7,,16.8,42.6,25.8,671.0,2025,Oct,128443
Gothatar (SC-12) - GD Labs,2025-10-11,19.5,0.0,78.89,,10.7,,20.5,43.9,24.3,776.0,2025,Oct,128443
Gothatar (SC-12) - GD Labs,2025-10-12,19.39,0.0,82.78,,15.6,,30.0,44.6,24.0,1030.0,2025,Oct,128443
Gothatar (SC-12) - GD Labs,2025-10-13,18.49,0.0,82.48,,19.3,,33.6,43.8,24.0,1180.0,2025,Oct,128443
Gothatar (SC-12) - GD Labs,2025-10-14,18.84,0.0,77.23,,22.9,,39.1,45.2,23.7,1470.0,2025,Oct,128443
Gothatar (SC-12) - GD Labs,2025-10-15,19.4,0.0,81.77,,23.5,,39.5,45.6,24.2,1510.0,2025,Oct,128443
Gothatar (SC-12) - GD Labs,2025-10-16,19.86,0.0,82.46,,24.6,,39.7,46.6,24.2,1550.0,2025,Oct,128443
Gothatar (SC-12) - GD Labs,2025-10-17,19.8,0.0,86.34,,25.6,,40.9,48.7,24.6,1640.0,2025,Oct,128443
Gothatar (SC-12) - GD Labs,2025-10-18,19.5,0.0,84.16,,22.9,,38.3,48.2,25.1,1540.0,2025,Oct,128443
Gothatar (SC-12) - GD Labs,2025-10-19,19.3,0.0,79.76,,18.9,,32.8,46.1,24.7,1210.0,2025,Oct,128443
Gothatar (SC-12) - GD Labs,2025-10-20,19.36,0.0,84.37,,19.8,,34.6,44.8,23.3,1280.0,2025,Oct,128443
Gothatar (SC-12) - GD Labs,2025-10-21,20.35,0.0,78.44,,20.5,,34.6,43.6,24.0,1300.0,2025,Oct,128443
Gothatar (SC-12) - GD Labs,2025-10-22,20.17,0.0,77.14,,22.2,,36.2,46.1,23.7,1410.0,2025,Oct,128443
Gothatar (SC-12) - GD Labs,2025-10-23,20.07,0.0,83.29,,19.2,,32.5,46.8,23.9,1210.0,2025,Oct,128443
Gothatar (SC-12) - GD Labs,2025-10-24,19.45,0.0,86.59,,15.9,,29.4,45.4,23.8,1010.0,2025,Oct,128443
Gothatar (SC-12) - GD Labs,2025-10-25,19.38,0.0,76.66,,22.0,,38.5,45.5,23.5,1430.0,2025,Oct,128443
Gothatar (SC-12) - GD Labs,2025-10-26,19.25,0.0,63.25,,21.0,,36.7,39.9,23.4,1390.0,2025,Oct,128443
Gothatar (SC-12) - GD Labs,2025-10-27,19.2,0.0,66.13,,28.1,,46.1,40.1,22.4,1900.0,2025,Oct,128443
Gothatar (SC-12) - GD Labs,2025-10-28,18.31,1.01,72.87,,37.3,,60.7,49.7,21.2,2700.0,2025,Oct,128443
Gothatar (SC-12) - GD Labs,2025-10-29,18.35,0.22,82.47,,42.9,,71.6,53.0,21.7,3300.0,2025,Oct,128443
Gothatar (SC-12) - GD Labs,2025-10-30,17.46,31.88,88.48,,16.6,,28.3,58.4,21.3,1110.0,2025,Oct,128443
Gothatar (SC-12) - GD Labs,2025-10-31,16.87,29.18,93.3,,5.46,,9.53,59.8,21.9,490.0,2025,Oct,128443
Gothatar (SC-12) - GD Labs,2025-11-01,17.89,7.76,93.37,,5.13,,10.7,60.4,22.5,510.0,2025,Nov,116552
Gothatar (SC-12) - GD Labs,2025-11-02,17.42,1.01,90.22,,11.2,,20.4,55.1,23.0,790.0,2025,Nov,116552
Gothatar (SC-12) - GD Labs,2025-11-03,17.65,0.65,84.17,,18.9,,33.1,50.9,23.9,1220.0,2025,Nov,116552
Gothatar (SC-12) - GD Labs,2025-11-04,18.63,0.14,81.45,,27.0,,45.9,48.5,24.3,1800.0,2025,Nov,116552
Gothatar (SC-12) - GD Labs,2025-11-05,18.34,0.0,80.04,,26.9,,46.3,49.1,23.6,1800.0,2025,Nov,116552
Gothatar (SC-12) - GD Labs,2025-11-06,18.03,0.0,75.37,,17.4,,31.5,47.2,23.4,1120.0,2025,Nov,116552
Gothatar (SC-12) - GD Labs,2025-11-07,17.35,0.0,79.89,,18.0,,32.0,47.9,22.5,1200.0,2025,Nov,116552
Gothatar (SC-12) - GD Labs,2025-11-08,17.09,0.0,79.39,,20.0,,34.3,45.2,22.7,1370.0,2025,Nov,116552
Gothatar (SC-12) - GD Labs,2025-11-09,17.09,0.0,75.24,,21.9,,36.0,43.9,22.7,1390.0,2025,Nov,116552
Gothatar (SC-12) - GD Labs,2025-11-10,16.19,0.0,73.07,,24.4,,39.3,44.3,22.1,1590.0,2025,Nov,116552
Gothatar (SC-12) - GD Labs,2025-11-11,15.76,0.0,73.9,,24.6,,39.4,44.2,21.5,1590.0,2025,Nov,116552
Gothatar (SC-12) - GD Labs,2025-11-12,15.45,0.0,74.36,,28.3,,45.8,47.6,19.5,1910.0,2025,Nov,116552
Gothatar (SC-12) - GD Labs,2025-11-13,15.0,0.0,75.51,,29.7,,48.5,44.6,21.1,2080.0,2025,Nov,116552
Gothatar (SC-12) - GD Labs,2025-11-14,14.58,0.0,70.83,,34.1,,55.8,48.0,19.5,2440.0,2025,Nov,116552
Gothatar (SC-12) - GD Labs,2025-11-15,14.78,0.0,75.93,,31.1,,50.8,44.4,20.5,2200.0,2025,Nov,116552
Gothatar (SC-12) - GD Labs,2025-11-16,14.88,0.0,74.77,,32.0,,52.4,44.7,20.5,2260.0,2025,Nov,116552
Gothatar (SC-12) - GD Labs,2025-11-17,14.51,0.0,72.26,,32.0,,52.1,45.9,20.2,2290.0,2025,Nov,116552
Gothatar (SC-12) - GD Labs,2025-11-18,15.55,0.0,67.09,,30.1,,48.8,45.2,20.5,2110.0,2025,Nov,116552
Gothatar (SC-12) - GD Labs,2025-11-19,15.23,0.0,81.7,,30.4,,48.5,45.9,20.6,2120.0,2025,Nov,116552
Gothatar (SC-12) - GD Labs,2025-11-20,14.72,0.0,88.0,,30.9,,49.0,45.5,20.8,2170.0,2025,Nov,116552
Gothatar (SC-12) - GD Labs,2025-11-21,14.48,0.0,87.79,,28.8,,45.3,45.4,21.0,1990.0,2025,Nov,116552
Gothatar (SC-12) - GD Labs,2025-11-22,14.11,0.0,88.76,,29.7,,46.9,44.9,20.1,2040.0,2025,Nov,116552
Gothatar (SC-12) - GD Labs,2025-11-23,13.52,0.0,85.05,,33.1,,53.9,45.4,19.4,2380.0,2025,Nov,116552
Gothatar (SC-12) - GD Labs,2025-11-24,12.56,0.0,79.1,,37.7,,64.4,44.7,19.5,2790.0,2025,Nov,116552
Gothatar (SC-12) - GD Labs,2025-11-25,13.19,0.0,70.19,,39.6,,68.2,42.7,19.0,2980.0,2025,Nov,116552
Gothatar (SC-12) - GD Labs,2025-11-26,13.76,0.0,76.11,,33.1,,54.4,42.2,18.7,2400.0,2025,Nov,116552
Gothatar (SC-12) - GD Labs,2025-11-27,15.24,0.0,72.73,,41.9,,68.5,43.7,19.1,3160.0,2025,Nov,116552
Gothatar (SC-12) - GD Labs,2025-11-28,14.73,0.0,74.04,,35.1,,55.3,42.7,19.2,2560.0,2025,Nov,116552
Gothatar (SC-12) - GD Labs,2025-11-29,14.01,0.0,76.82,,29.3,,47.0,41.3,19.0,2100.0,2025,Nov,116552
Gothatar (SC-12) - GD Labs,2025-11-30,13.6,0.0,75.06,,33.1,,51.9,43.2,18.9,2350.0,2025,Nov,116552
Gothatar (SC-12) - GD Labs,2025-12-01,13.22,0.0,77.38,,42.2,,67.3,47.6,18.7,3130.0,2025,Dec,98180
Gothatar (SC-12) - GD Labs,2025-12-02,13.09,0.0,66.35,,49.5,,83.0,49.0,18.5,3810.0,2025,Dec,98180
Gothatar (SC-12) - GD Labs,2025-12-03,12.94,0.0,65.61,,46.8,,81.3,48.6,18.8,3600.0,2025,Dec,98180
Gothatar (SC-12) - GD Labs,2025-12-04,12.94,0.0,59.29,,37.2,,62.1,43.9,18.5,2720.0,2025,Dec,98180
Gothatar (SC-12) - GD Labs,2025-12-05,12.66,0.0,65.81,,39.3,,66.6,45.6,17.9,2950.0,2025,Dec,98180
Gothatar (SC-12) - GD Labs,2025-12-06,12.34,0.0,63.16,,41.9,,70.6,46.3,17.3,3170.0,2025,Dec,98180
Gothatar (SC-12) - GD Labs,2025-12-07,12.55,0.0,68.9,,46.3,,77.4,47.8,17.5,3500.0,2025,Dec,98180
Gothatar (SC-12) - GD Labs,2025-12-08,13.05,0.0,70.87,,43.8,,72.6,46.7,17.8,3320.0,2025,Dec,98180
Gothatar (SC-12) - GD Labs,2025-12-09,12.43,0.0,71.63,,42.2,,69.4,45.6,17.5,3150.0,2025,Dec,98180
Gothatar (SC-12) - GD Labs,2025-12-10,12.29,0.0,65.67,,31.6,,51.0,44.4,17.4,2220.0,2025,Dec,98180
Gothatar (SC-12) - GD Labs,2025-12-11,12.7,0.0,64.78,,46.3,,74.0,43.3,18.1,3480.0,2025,Dec,98180
Gothatar (SC-12) - GD Labs,2025-12-12,12.55,0.0,74.27,,41.9,,66.4,44.3,17.8,3110.0,2025,Dec,98180
Gothatar (SC-12) - GD Labs,2025-12-13,13.0,0.0,73.7,,49.8,,79.1,43.8,18.0,3760.0,2025,Dec,98180
Gothatar (SC-12) - GD Labs,2025-12-14,13.45,0.0,75.69,,49.8,,78.8,42.9,18.1,3770.0,2025,Dec,98180
Gothatar (SC-12) - GD Labs,2025-12-15,12.67,0.0,81.06,,45.2,,71.1,42.7,17.7,3400.0,2025,Dec,98180
Gothatar (SC-12) - GD Labs,2025-12-16,11.97,0.0,78.57,,46.3,,72.7,43.5,17.4,3420.0,2025,Dec,98180
Gothatar (SC-12) - GD Labs,2025-12-17,11.15,0.0,75.72,,44.2,,69.5,44.6,17.6,3340.0,2025,Dec,98180
Gothatar (SC-12) - GD Labs,2025-12-18,12.32,0.0,68.39,,51.0,,80.5,43.4,18.0,3840.0,2025,Dec,98180
Gothatar (SC-12) - GD Labs,2025-12-19,11.73,0.0,71.31,,49.5,,78.9,38.4,20.2,3660.0,2025,Dec,98180
Gothatar (SC-12) - GD Labs,2025-12-20,10.4,0.0,69.77,,46.0,,73.3,42.0,19.5,3430.0,2025,Dec,98180
Gothatar (SC-12) - GD Labs,2025-12-21,10.47,0.0,74.81,,53.7,,86.9,45.8,18.0,4090.0,2025,Dec,98180
Gothatar (SC-12) - GD Labs,2025-12-22,11.72,0.0,75.07,,50.1,,81.6,45.4,18.2,3800.0,2025,Dec,98180
Gothatar (SC-12) - GD Labs,2025-12-23,11.39,0.0,75.35,,49.3,,79.1,43.9,17.8,3710.0,2025,Dec,98180
Gothatar (SC-12) - GD Labs,2025-12-24,10.34,0.0,77.25,,51.2,,82.3,46.3,16.9,3840.0,2025,Dec,98180
Gothatar (SC-12) - GD Labs,2025-12-25,9.77,0.0,76.42,,48.6,,79.3,45.2,17.5,3680.0,2025,Dec,98180
Gothatar (SC-12) - GD Labs,2025-12-26,10.48,0.0,76.76,,57.9,,96.2,46.2,16.9,4410.0,2025,Dec,98180
Gothatar (SC-12) - GD Labs,2025-12-27,11.1,0.0,72.48,,55.3,,92.8,47.5,16.4,4220.0,2025,Dec,98180
Gothatar (SC-12) - GD Labs,2025-12-28,10.68,0.0,74.18,,50.5,,85.8,45.5,17.6,3890.0,2025,Dec,98180
Gothatar (SC-12) - GD Labs,2025-12-29,9.68,0.0,72.77,,55.2,,91.2,45.6,17.6,4210.0,2025,Dec,98180
Gothatar (SC-12) - GD Labs,2025-12-30,8.5,0.0,70.64,,50.0,,83.4,45.8,17.1,3850.0,2025,Dec,98180
Gothatar (SC-12) - GD Labs,2025-12-31,9.21,0.0,63.44,,59.1,,97.5,45.0,17.5,4490.0,2025,Dec,98180
Gokarneshwor (SC-13) - GD Labs,2025-10-10,20.17,0.0,76.25,,8.87,,14.8,35.3,28.2,658.0,2025,Oct,128443
Gokarneshwor (SC-13) - GD Labs,2025-10-11,19.5,0.0,78.89,,16.7,,26.6,37.5,26.2,1130.0,2025,Oct,128443
Gokarneshwor (SC-13) - GD Labs,2025-10-12,19.39,0.0,82.78,,20.4,,33.2,38.0,26.0,1300.0,2025,Oct,128443
Gokarneshwor (SC-13) - GD Labs,2025-10-13,18.49,0.0,82.48,,23.4,,37.8,37.5,25.8,1510.0,2025,Oct,128443
Gokarneshwor (SC-13) - GD Labs,2025-10-14,18.84,0.0,77.23,,27.1,,43.5,39.1,25.6,1810.0,2025,Oct,128443
Gokarneshwor (SC-13) - GD Labs,2025-10-15,19.4,0.0,81.77,,25.6,,39.8,39.4,25.9,1620.0,2025,Oct,128443
Gokarneshwor (SC-13) - GD Labs,2025-10-16,19.86,0.0,82.46,,26.0,,39.3,40.0,26.2,1650.0,2025,Oct,128443
Gokarneshwor (SC-13) - GD Labs,2025-10-17,19.8,0.0,86.34,,28.2,,43.0,45.2,24.3,1890.0,2025,Oct,128443
Gokarneshwor (SC-13) - GD Labs,2025-10-19,19.3,0.0,79.76,,21.0,,33.2,35.6,28.3,1330.0,2025,Oct,128443
Gokarneshwor (SC-13) - GD Labs,2025-10-20,19.36,0.0,84.37,,20.1,,32.5,37.3,25.6,1280.0,2025,Oct,128443
Gokarneshwor (SC-13) - GD Labs,2025-10-21,20.35,0.0,78.44,,21.3,,33.3,36.6,26.2,1320.0,2025,Oct,128443
Gokarneshwor (SC-13) - GD Labs,2025-10-22,20.17,0.0,77.14,,22.9,,34.8,38.8,26.2,1410.0,2025,Oct,128443
Gokarneshwor (SC-13) - GD Labs,2025-10-23,20.07,0.0,83.29,,19.6,,30.8,39.4,26.0,1200.0,2025,Oct,128443
Gokarneshwor (SC-13) - GD Labs,2025-10-24,19.45,0.0,86.59,,18.8,,32.5,38.4,25.8,1230.0,2025,Oct,128443
Gokarneshwor (SC-13) - GD Labs,2025-10-25,19.38,0.0,76.66,,22.4,,36.3,38.6,25.5,1370.0,2025,Oct,128443
Gokarneshwor (SC-13) - GD Labs,2025-10-26,19.25,0.0,63.25,,23.2,,38.0,33.7,25.4,1580.0,2025,Oct,128443
Gokarneshwor (SC-13) - GD Labs,2025-10-27,19.2,0.0,66.13,,29.5,,45.7,34.2,24.1,2000.0,2025,Oct,128443
Gokarneshwor (SC-13) - GD Labs,2025-10-28,18.31,1.01,72.87,,40.5,,62.7,43.8,22.8,2910.0,2025,Oct,128443
Gokarneshwor (SC-13) - GD Labs,2025-10-29,18.35,0.22,82.47,,42.2,,66.4,47.5,22.8,3220.0,2025,Oct,128443
Gokarneshwor (SC-13) - GD Labs,2025-10-30,17.46,31.88,88.48,,11.7,,18.1,53.0,23.1,819.0,2025,Oct,128443
Gokarneshwor (SC-13) - GD Labs,2025-10-31,16.87,29.18,93.3,,9.7,,14.8,54.5,23.3,734.0,2025,Oct,128443
Gokarneshwor (SC-13) - GD Labs,2025-11-01,17.89,7.76,93.37,,7.76,,12.7,54.4,23.7,620.0,2025,Nov,116552
Gokarneshwor (SC-13) - GD Labs,2025-11-02,17.42,1.01,90.22,,8.93,,14.3,49.9,24.4,672.0,2025,Nov,116552
Gokarneshwor (SC-13) - GD Labs,2025-11-03,17.65,0.65,84.17,,16.9,,27.5,40.1,26.7,1080.0,2025,Nov,116552
Gokarneshwor (SC-13) - GD Labs,2025-11-04,18.63,0.14,81.45,,30.1,,49.6,41.7,26.4,2080.0,2025,Nov,116552
Gokarneshwor (SC-13) - GD Labs,2025-11-05,18.34,0.0,80.04,,26.5,,42.4,42.5,25.4,1680.0,2025,Nov,116552
Gokarneshwor (SC-13) - GD Labs,2025-11-06,18.03,0.0,75.37,,20.0,,32.2,41.3,24.9,1270.0,2025,Nov,116552
Gokarneshwor (SC-13) - GD Labs,2025-11-07,17.35,0.0,79.89,,20.5,,32.4,41.6,24.3,1330.0,2025,Nov,116552
Gokarneshwor (SC-13) - GD Labs,2025-11-08,17.09,0.0,79.39,,22.5,,35.7,40.1,23.8,1540.0,2025,Nov,116552
Gokarneshwor (SC-13) - GD Labs,2025-11-09,17.09,0.0,75.24,,23.5,,35.8,41.9,22.5,1490.0,2025,Nov,116552
Gokarneshwor (SC-13) - GD Labs,2025-11-10,16.19,0.0,73.07,,26.3,,39.5,41.4,22.4,1710.0,2025,Nov,116552
Gokarneshwor (SC-13) - GD Labs,2025-11-11,15.76,0.0,73.9,,27.5,,41.3,39.4,22.7,1800.0,2025,Nov,116552
Gokarneshwor (SC-13) - GD Labs,2025-11-12,15.45,0.0,74.36,,29.9,,45.4,41.8,21.1,2050.0,2025,Nov,116552
Gokarneshwor (SC-13) - GD Labs,2025-11-13,15.0,0.0,75.51,,31.3,,48.2,39.2,22.6,2170.0,2025,Nov,116552
Gokarneshwor (SC-13) - GD Labs,2025-11-14,14.58,0.0,70.83,,32.8,,50.6,42.3,20.8,2320.0,2025,Nov,116552
Gokarneshwor (SC-13) - GD Labs,2025-11-15,14.78,0.0,75.93,,31.6,,48.7,39.2,21.9,2210.0,2025,Nov,116552
Gokarneshwor (SC-13) - GD Labs,2025-11-16,14.88,0.0,74.77,,31.7,,49.5,39.4,21.7,2180.0,2025,Nov,116552
Gokarneshwor (SC-13) - GD Labs,2025-11-17,14.51,0.0,72.26,,34.3,,53.3,38.7,22.8,2470.0,2025,Nov,116552
Gokarneshwor (SC-13) - GD Labs,2025-11-18,15.55,0.0,67.09,,34.8,,53.8,40.5,21.8,2480.0,2025,Nov,116552
Gokarneshwor (SC-13) - GD Labs,2025-11-19,15.23,0.0,81.7,,33.5,,50.9,41.3,21.8,2370.0,2025,Nov,116552
Gokarneshwor (SC-13) - GD Labs,2025-11-20,14.72,0.0,88.0,,32.1,,48.4,41.2,21.8,2210.0,2025,Nov,116552
Gokarneshwor (SC-13) - GD Labs,2025-11-21,14.48,0.0,87.79,,30.7,,46.2,41.4,21.7,2090.0,2025,Nov,116552
Gokarneshwor (SC-13) - GD Labs,2025-11-22,14.11,0.0,88.76,,34.1,,51.7,40.2,21.2,2340.0,2025,Nov,116552
Gokarneshwor (SC-13) - GD Labs,2025-11-23,13.52,0.0,85.05,,34.7,,53.2,40.7,20.6,2480.0,2025,Nov,116552
Gokarneshwor (SC-13) - GD Labs,2025-11-24,12.56,0.0,79.1,,38.8,,62.8,39.5,20.8,2830.0,2025,Nov,116552
Gokarneshwor (SC-13) - GD Labs,2025-11-25,13.19,0.0,70.19,,41.3,,67.5,38.8,20.2,3060.0,2025,Nov,116552
Gokarneshwor (SC-13) - GD Labs,2025-11-26,13.76,0.0,76.11,,37.3,,58.1,37.2,20.1,2700.0,2025,Nov,116552
Gokarneshwor (SC-13) - GD Labs,2025-11-27,15.24,0.0,72.73,,45.5,,70.1,39.0,20.5,3390.0,2025,Nov,116552
Gokarneshwor (SC-13) - GD Labs,2025-11-28,14.73,0.0,74.04,,40.0,,60.2,38.0,20.5,2910.0,2025,Nov,116552
Gokarneshwor (SC-13) - GD Labs,2025-11-29,14.01,0.0,76.82,,30.3,,45.6,36.7,20.4,2150.0,2025,Nov,116552
Gokarneshwor (SC-13) - GD Labs,2025-11-30,13.6,0.0,75.06,,37.8,,56.0,38.2,20.3,2680.0,2025,Nov,116552
Gokarneshwor (SC-13) - GD Labs,2025-12-01,13.22,0.0,77.38,,46.0,,69.8,42.0,20.4,3420.0,2025,Dec,98180
Gokarneshwor (SC-13) - GD Labs,2025-12-02,13.09,0.0,66.35,,56.0,,88.7,42.5,20.4,4210.0,2025,Dec,98180
Gokarneshwor (SC-13) - GD Labs,2025-12-03,12.94,0.0,65.61,,47.0,,77.0,41.2,20.8,3550.0,2025,Dec,98180
Gokarneshwor (SC-13) - GD Labs,2025-12-04,12.94,0.0,59.29,,36.9,,58.8,37.0,20.6,2660.0,2025,Dec,98180
Gokarneshwor (SC-13) - GD Labs,2025-12-05,12.66,0.0,65.81,,39.2,,62.7,38.4,20.1,2890.0,2025,Dec,98180
Gokarneshwor (SC-13) - GD Labs,2025-12-06,12.34,0.0,63.16,,50.5,,82.7,39.1,19.6,3770.0,2025,Dec,98180
Gokarneshwor (SC-13) - GD Labs,2025-12-07,12.55,0.0,68.9,,47.2,,75.1,41.3,19.5,3510.0,2025,Dec,98180
Gokarneshwor (SC-13) - GD Labs,2025-12-08,13.05,0.0,70.87,,49.6,,77.9,40.5,19.6,3690.0,2025,Dec,98180
Gokarneshwor (SC-13) - GD Labs,2025-12-09,12.43,0.0,71.63,,42.2,,65.7,39.1,19.5,3110.0,2025,Dec,98180
Gokarneshwor (SC-13) - GD Labs,2025-12-10,12.29,0.0,65.67,,41.8,,64.1,39.0,19.2,3010.0,2025,Dec,98180
Gokarneshwor (SC-13) - GD Labs,2025-12-11,12.7,0.0,64.78,,47.2,,72.6,41.3,18.3,3560.0,2025,Dec,98180
Gokarneshwor (SC-13) - GD Labs,2025-12-12,12.55,0.0,74.27,,47.8,,72.2,38.3,19.8,3470.0,2025,Dec,98180
Gokarneshwor (SC-13) - GD Labs,2025-12-13,13.0,0.0,73.7,,50.1,,75.4,42.3,17.8,3710.0,2025,Dec,98180
Gokarneshwor (SC-13) - GD Labs,2025-12-14,13.45,0.0,75.69,,45.3,,68.8,41.1,17.8,3380.0,2025,Dec,98180
Gokarneshwor (SC-13) - GD Labs,2025-12-15,12.67,0.0,81.06,,41.9,,61.7,37.6,18.8,3010.0,2025,Dec,98180
Gokarneshwor (SC-13) - GD Labs,2025-12-16,11.97,0.0,78.57,,49.5,,74.2,41.9,17.5,3620.0,2025,Dec,98180
Gokarneshwor (SC-13) - GD Labs,2025-12-17,11.15,0.0,75.72,,46.7,,69.9,42.6,17.8,3490.0,2025,Dec,98180
Gokarneshwor (SC-13) - GD Labs,2025-12-18,12.32,0.0,68.39,,55.2,,83.1,41.7,18.0,4090.0,2025,Dec,98180
Gokarneshwor (SC-13) - GD Labs,2025-12-19,11.73,0.0,71.31,,51.6,,77.9,42.0,17.7,3810.0,2025,Dec,98180
Gokarneshwor (SC-13) - GD Labs,2025-12-20,10.4,0.0,69.77,,50.6,,77.3,44.1,17.4,3740.0,2025,Dec,98180
Gokarneshwor (SC-13) - GD Labs,2025-12-21,10.47,0.0,74.81,,56.9,,88.8,45.1,17.7,4250.0,2025,Dec,98180
Gokarneshwor (SC-13) - GD Labs,2025-12-22,11.72,0.0,75.07,,55.8,,86.6,44.7,17.8,4150.0,2025,Dec,98180
Gokarneshwor (SC-13) - GD Labs,2025-12-23,11.39,0.0,75.35,,52.6,,80.5,42.9,17.6,3870.0,2025,Dec,98180
Gokarneshwor (SC-13) - GD Labs,2025-12-24,10.34,0.0,77.25,,61.4,,97.8,43.5,17.8,4510.0,2025,Dec,98180
Gokarneshwor (SC-13) - GD Labs,2025-12-25,9.77,0.0,76.42,,54.5,,86.2,42.6,17.9,4030.0,2025,Dec,98180
Gokarneshwor (SC-13) - GD Labs,2025-12-26,10.48,0.0,76.76,,63.8,,105.0,43.8,17.4,4750.0,2025,Dec,98180
Gokarneshwor (SC-13) - GD Labs,2025-12-27,11.1,0.0,72.48,,57.3,,92.3,44.3,17.3,4280.0,2025,Dec,98180
Gokarneshwor (SC-13) - GD Labs,2025-12-28,10.68,0.0,74.18,,60.3,,97.7,45.2,17.3,4520.0,2025,Dec,98180
Gokarneshwor (SC-13) - GD Labs,2025-12-29,9.68,0.0,72.77,,56.0,,90.0,44.0,17.8,4170.0,2025,Dec,98180
Gokarneshwor (SC-13) - GD Labs,2025-12-30,8.5,0.0,70.64,,58.3,,93.3,45.0,17.0,4360.0,2025,Dec,98180
Gokarneshwor (SC-13) - GD Labs,2025-12-31,9.21,0.0,63.44,,65.1,,103.0,49.6,14.8,4870.0,2025,Dec,98180
CEN_SR-09: Dhangadhdi Sub-metropolitan City Office,2025-10-12,22.66,0.0,81.96,,44.8,,73.1,42.3,30.9,3060.0,2025,Oct,128443
CEN_SR-09: Dhangadhdi Sub-metropolitan City Office,2025-10-13,23.45,0.0,78.46,,39.9,,64.5,46.6,29.5,2730.0,2025,Oct,128443
CEN_SR-09: Dhangadhdi Sub-metropolitan City Office,2025-10-14,23.22,0.0,80.05,,47.5,,79.3,46.9,29.4,3410.0,2025,Oct,128443
CEN_SR-09: Dhangadhdi Sub-metropolitan City Office,2025-10-15,23.02,0.0,75.52,,51.6,,86.6,47.0,29.7,3720.0,2025,Oct,128443
CEN_SR-09: Dhangadhdi Sub-metropolitan City Office,2025-10-16,22.89,0.0,77.67,,46.4,,75.7,47.4,29.6,3300.0,2025,Oct,128443
CEN_SR-09: Dhangadhdi Sub-metropolitan City Office,2025-10-17,23.95,0.0,76.7,,45.5,,74.3,46.3,29.9,3210.0,2025,Oct,128443
CEN_SR-09: Dhangadhdi Sub-metropolitan City Office,2025-10-18,23.99,0.0,78.33,,40.2,,64.3,45.9,30.0,2810.0,2025,Oct,128443
CEN_SR-09: Dhangadhdi Sub-metropolitan City Office,2025-10-19,25.03,0.0,76.17,,50.2,,82.8,47.4,30.2,3620.0,2025,Oct,128443
CEN_SR-09: Dhangadhdi Sub-metropolitan City Office,2025-10-20,25.69,0.0,72.46,,49.9,,81.0,49.2,29.9,3580.0,2025,Oct,128443
CEN_SR-09: Dhangadhdi Sub-metropolitan City Office,2025-10-21,24.9,0.0,78.61,,37.1,,59.4,46.8,30.5,2590.0,2025,Oct,128443
CEN_SR-09: Dhangadhdi Sub-metropolitan City Office,2025-10-22,25.58,0.09,76.72,,43.3,,70.3,50.2,30.0,3090.0,2025,Oct,128443
CEN_SR-09: Dhangadhdi Sub-metropolitan City Office,2025-10-23,24.66,0.28,77.1,,38.7,,63.4,47.7,30.0,2760.0,2025,Oct,128443
CEN_SR-09: Dhangadhdi Sub-metropolitan City Office,2025-10-24,24.15,0.0,65.21,,40.5,,68.2,45.0,29.6,2780.0,2025,Oct,128443
CEN_SR-09: Dhangadhdi Sub-metropolitan City Office,2025-10-25,23.61,0.0,55.38,,47.9,,81.4,42.0,29.0,3450.0,2025,Oct,128443
CEN_SR-09: Dhangadhdi Sub-metropolitan City Office,2025-10-26,23.41,0.0,52.79,,50.0,,85.8,40.6,28.8,3620.0,2025,Oct,128443
CEN_SR-09: Dhangadhdi Sub-metropolitan City Office,2025-10-27,22.59,1.37,62.01,,68.2,,120.0,48.3,26.4,4990.0,2025,Oct,128443
CEN_SR-09: Dhangadhdi Sub-metropolitan City Office,2025-10-28,21.53,3.14,71.56,,47.1,,79.2,55.7,25.4,3350.0,2025,Oct,128443
CEN_SR-09: Dhangadhdi Sub-metropolitan City Office,2025-10-29,24.46,0.11,68.71,,37.6,,61.9,50.8,27.4,2630.0,2025,Oct,128443
CEN_SR-09: Dhangadhdi Sub-metropolitan City Office,2025-10-30,24.07,4.78,79.11,,36.1,,60.9,56.2,26.7,2530.0,2025,Oct,128443
CEN_SR-09: Dhangadhdi Sub-metropolitan City Office,2025-10-31,22.64,1.93,87.94,,42.5,,75.3,59.7,25.8,2960.0,2025,Oct,128443
CEN_SR-09: Dhangadhdi Sub-metropolitan City Office,2025-11-01,22.54,0.0,86.12,,62.1,,114.0,56.0,28.1,4580.0,2025,Nov,116552
CEN_SR-09: Dhangadhdi Sub-metropolitan City Office,2025-11-02,20.99,0.0,83.53,,68.2,,127.0,55.7,27.7,5030.0,2025,Nov,116552
CEN_SR-09: Dhangadhdi Sub-metropolitan City Office,2025-11-03,20.56,0.0,79.73,,121.0,,242.0,53.0,28.2,8940.0,2025,Nov,116552
CEN_SR-09: Dhangadhdi Sub-metropolitan City Office,2025-11-04,21.97,0.0,74.94,,98.8,,196.0,56.8,26.5,7300.0,2025,Nov,116552
CEN_SR-09: Dhangadhdi Sub-metropolitan City Office,2025-11-05,22.3,0.04,70.91,,57.9,,105.0,46.5,28.6,4240.0,2025,Nov,116552
CEN_SR-09: Dhangadhdi Sub-metropolitan City Office,2025-11-06,20.61,0.0,76.61,,55.6,,96.1,42.0,29.0,4020.0,2025,Nov,116552
CEN_SR-09: Dhangadhdi Sub-metropolitan City Office,2025-11-07,19.78,0.0,75.52,,88.7,,160.0,43.6,27.8,6460.0,2025,Nov,116552
CEN_SR-09: Dhangadhdi Sub-metropolitan City Office,2025-11-08,19.28,0.0,71.11,,61.9,,105.0,44.9,28.0,4490.0,2025,Nov,116552
CEN_SR-09: Dhangadhdi Sub-metropolitan City Office,2025-11-09,18.99,0.0,65.3,,43.9,,71.1,41.7,27.9,3070.0,2025,Nov,116552
CEN_SR-09: Dhangadhdi Sub-metropolitan City Office,2025-11-10,19.26,0.0,63.85,,46.4,,74.1,41.2,27.5,3250.0,2025,Nov,116552
CEN_SR-09: Dhangadhdi Sub-metropolitan City Office,2025-11-11,18.72,0.0,65.17,,42.2,,67.1,39.7,27.1,2900.0,2025,Nov,116552
CEN_SR-09: Dhangadhdi Sub-metropolitan City Office,2025-11-12,18.38,0.0,64.28,,75.0,,122.0,46.0,25.1,5400.0,2025,Nov,116552
CEN_SR-09: Dhangadhdi Sub-metropolitan City Office,2025-11-13,17.8,0.0,61.79,,63.7,,103.0,43.3,26.3,4550.0,2025,Nov,116552
CEN_SR-09: Dhangadhdi Sub-metropolitan City Office,2025-11-14,17.91,0.0,60.91,,73.1,,118.0,46.9,24.4,5260.0,2025,Nov,116552
CEN_SR-09: Dhangadhdi Sub-metropolitan City Office,2025-11-15,19.03,0.0,57.65,,60.1,,96.5,40.7,26.3,4230.0,2025,Nov,116552
CEN_SR-09: Dhangadhdi Sub-metropolitan City Office,2025-11-16,18.9,0.0,61.23,,52.6,,84.0,40.1,26.6,3700.0,2025,Nov,116552
CEN_SR-09: Dhangadhdi Sub-metropolitan City Office,2025-11-17,19.32,0.0,60.22,,57.5,,91.7,42.1,26.2,4090.0,2025,Nov,116552
CEN_SR-09: Dhangadhdi Sub-metropolitan City Office,2025-11-18,19.91,0.0,62.11,,48.3,,77.7,39.9,26.6,3350.0,2025,Nov,116552
CEN_SR-09: Dhangadhdi Sub-metropolitan City Office,2025-11-19,19.7,0.0,71.08,,55.9,,90.8,42.8,26.6,4010.0,2025,Nov,116552
CEN_SR-09: Dhangadhdi Sub-metropolitan City Office,2025-11-20,19.37,0.0,70.84,,63.6,,105.0,44.1,26.4,4600.0,2025,Nov,116552
CEN_SR-09: Dhangadhdi Sub-metropolitan City Office,2025-11-21,19.23,0.0,67.91,,80.9,,139.0,43.7,26.1,5860.0,2025,Nov,116552
CEN_SR-09: Dhangadhdi Sub-metropolitan City Office,2025-11-22,17.97,0.0,67.66,,86.1,,156.0,44.8,25.1,6280.0,2025,Nov,116552
CEN_SR-09: Dhangadhdi Sub-metropolitan City Office,2025-11-23,17.44,0.0,66.14,,89.0,,161.0,45.1,24.4,6490.0,2025,Nov,116552
CEN_SR-09: Dhangadhdi Sub-metropolitan City Office,2025-11-24,17.44,0.0,63.25,,74.5,,131.0,42.8,24.9,5420.0,2025,Nov,116552
CEN_SR-09: Dhangadhdi Sub-metropolitan City Office,2025-11-25,17.3,0.0,61.67,,70.5,,121.0,41.1,24.4,5100.0,2025,Nov,116552
CEN_SR-09: Dhangadhdi Sub-metropolitan City Office,2025-11-26,17.65,0.0,52.79,,63.1,,103.0,39.9,24.6,4470.0,2025,Nov,116552
CEN_SR-09: Dhangadhdi Sub-metropolitan City Office,2025-11-27,18.8,0.0,53.68,,45.6,,72.6,39.7,24.9,3240.0,2025,Nov,116552
CEN_SR-09: Dhangadhdi Sub-metropolitan City Office,2025-11-28,19.18,0.0,54.08,,49.1,,76.6,39.6,25.1,3400.0,2025,Nov,116552
CEN_SR-09: Dhangadhdi Sub-metropolitan City Office,2025-11-29,18.88,0.0,57.19,,70.9,,112.0,41.9,24.9,5040.0,2025,Nov,116552
CEN_SR-09: Dhangadhdi Sub-metropolitan City Office,2025-11-30,17.28,0.0,56.16,,68.2,,109.0,43.6,24.6,4880.0,2025,Nov,116552
CEN_SR-09: Dhangadhdi Sub-metropolitan City Office,2025-12-01,17.24,0.0,55.53,,75.9,,126.0,44.3,24.4,5470.0,2025,Dec,98180
CEN_SR-09: Dhangadhdi Sub-metropolitan City Office,2025-12-02,17.52,0.0,55.66,,67.3,,111.0,43.7,24.5,4820.0,2025,Dec,98180
CEN_SR-09: Dhangadhdi Sub-metropolitan City Office,2025-12-03,16.64,0.0,55.11,,65.9,,110.0,41.2,24.3,4720.0,2025,Dec,98180
CEN_SR-09: Dhangadhdi Sub-metropolitan City Office,2025-12-04,16.39,0.0,56.2,,68.3,,119.0,42.4,23.8,4970.0,2025,Dec,98180
CEN_SR-09: Dhangadhdi Sub-metropolitan City Office,2025-12-05,15.87,0.0,57.66,,89.5,,156.0,43.7,23.4,6480.0,2025,Dec,98180
CEN_SR-09: Dhangadhdi Sub-metropolitan City Office,2025-12-06,16.06,0.0,55.55,,105.0,,190.0,45.1,22.7,7640.0,2025,Dec,98180
CEN_SR-09: Dhangadhdi Sub-metropolitan City Office,2025-12-07,16.25,0.0,58.46,,99.5,,174.0,44.8,23.3,7190.0,2025,Dec,98180
CEN_SR-09: Dhangadhdi Sub-metropolitan City Office,2025-12-08,16.65,0.0,53.39,,87.3,,153.0,45.0,23.6,6320.0,2025,Dec,98180
CEN_SR-09: Dhangadhdi Sub-metropolitan City Office,2025-12-09,16.64,0.0,51.76,,81.9,,146.0,46.1,23.5,5960.0,2025,Dec,98180
CEN_SR-09: Dhangadhdi Sub-metropolitan City Office,2025-12-10,16.16,0.0,54.01,,75.9,,134.0,46.4,23.5,5510.0,2025,Dec,98180
CEN_SR-09: Dhangadhdi Sub-metropolitan City Office,2025-12-11,16.52,0.0,56.0,,76.1,,128.0,43.7,23.8,5490.0,2025,Dec,98180
CEN_SR-09: Dhangadhdi Sub-metropolitan City Office,2025-12-12,17.09,0.0,58.43,,74.8,,122.0,44.3,23.8,5330.0,2025,Dec,98180
CEN_SR-09: Dhangadhdi Sub-metropolitan City Office,2025-12-13,17.72,0.0,58.2,,75.4,,122.0,43.7,23.8,5350.0,2025,Dec,98180
CEN_SR-09: Dhangadhdi Sub-metropolitan City Office,2025-12-14,17.88,0.0,60.42,,65.9,,105.0,42.7,24.0,4690.0,2025,Dec,98180
CEN_SR-09: Dhangadhdi Sub-metropolitan City Office,2025-12-15,17.27,0.0,61.08,,90.3,,156.0,44.8,23.2,6530.0,2025,Dec,98180
CEN_SR-09: Dhangadhdi Sub-metropolitan City Office,2025-12-16,16.07,0.0,62.34,,94.0,,180.0,51.5,20.4,6890.0,2025,Dec,98180
CEN_SR-09: Dhangadhdi Sub-metropolitan City Office,2025-12-17,14.91,0.0,65.03,,65.9,,127.0,52.1,20.6,4880.0,2025,Dec,98180
CEN_SR-09: Dhangadhdi Sub-metropolitan City Office,2025-12-18,15.64,0.0,64.31,,60.5,,108.0,50.2,20.6,4420.0,2025,Dec,98180
CEN_SR-09: Dhangadhdi Sub-metropolitan City Office,2025-12-19,15.22,0.0,60.47,,86.7,,160.0,53.8,19.0,6300.0,2025,Dec,98180
CEN_SR-09: Dhangadhdi Sub-metropolitan City Office,2025-12-20,13.38,0.0,66.48,,50.4,,87.6,50.5,19.3,3680.0,2025,Dec,98180
CEN_SR-09: Dhangadhdi Sub-metropolitan City Office,2025-12-21,13.62,0.0,67.11,,80.1,,137.0,49.1,19.4,5730.0,2025,Dec,98180
CEN_SR-09: Dhangadhdi Sub-metropolitan City Office,2025-12-22,14.71,0.0,62.44,,118.0,,206.0,49.9,20.7,8440.0,2025,Dec,98180
CEN_SR-09: Dhangadhdi Sub-metropolitan City Office,2025-12-23,14.65,0.0,66.59,,112.0,,221.0,54.4,18.9,8210.0,2025,Dec,98180
CEN_SR-09: Dhangadhdi Sub-metropolitan City Office,2025-12-24,14.67,0.0,60.03,,72.7,,130.0,53.4,19.5,5300.0,2025,Dec,98180
CEN_SR-09: Dhangadhdi Sub-metropolitan City Office,2025-12-25,13.96,0.0,62.12,,80.0,,143.0,47.9,21.1,5830.0,2025,Dec,98180
CEN_SR-09: Dhangadhdi Sub-metropolitan City Office,2025-12-26,13.56,0.0,66.8,,97.2,,178.0,51.5,20.2,7060.0,2025,Dec,98180
CEN_SR-09: Dhangadhdi Sub-metropolitan City Office,2025-12-27,13.84,0.0,64.82,,83.9,,157.0,53.2,19.3,6140.0,2025,Dec,98180
CEN_SR-09: Dhangadhdi Sub-metropolitan City Office,2025-12-28,13.42,0.0,61.6,,44.6,,83.2,51.8,18.7,3280.0,2025,Dec,98180
CEN_SR-09: Dhangadhdi Sub-metropolitan City Office,2025-12-29,13.26,0.0,56.54,,66.5,,126.0,50.8,19.1,4900.0,2025,Dec,98180
CEN_SR-09: Dhangadhdi Sub-metropolitan City Office,2025-12-30,13.55,0.0,52.22,,99.5,,200.0,50.7,19.3,7380.0,2025,Dec,98180
CEN_SR-09: Dhangadhdi Sub-metropolitan City Office,2025-12-31,12.84,0.0,56.22,,98.5,,184.0,50.5,19.2,7200.0,2025,Dec,98180
CEN-SR-14: Dhangadhi Sub-metropolitan Ward 8,2025-10-12,22.66,0.0,81.96,,27.5,,41.7,46.4,30.9,1630.0,2025,Oct,128443
CEN-SR-14: Dhangadhi Sub-metropolitan Ward 8,2025-10-14,23.22,0.0,80.05,,60.8,,102.0,43.7,32.0,4380.0,2025,Oct,128443
CEN-SR-14: Dhangadhi Sub-metropolitan Ward 8,2025-10-15,23.02,0.0,75.52,,61.3,,101.0,47.7,30.1,4410.0,2025,Oct,128443
CEN-SR-14: Dhangadhi Sub-metropolitan Ward 8,2025-10-16,22.89,0.0,77.67,,53.5,,86.0,47.9,29.9,3830.0,2025,Oct,128443
CEN-SR-14: Dhangadhi Sub-metropolitan Ward 8,2025-10-17,23.95,0.0,76.7,,51.2,,82.2,48.0,30.0,3640.0,2025,Oct,128443
CEN-SR-14: Dhangadhi Sub-metropolitan Ward 8,2025-10-18,23.99,0.0,78.33,,46.6,,74.0,49.4,29.4,3330.0,2025,Oct,128443
CEN-SR-14: Dhangadhi Sub-metropolitan Ward 8,2025-10-19,25.03,0.0,76.17,,56.7,,91.4,49.3,30.1,4090.0,2025,Oct,128443
CEN-SR-14: Dhangadhi Sub-metropolitan Ward 8,2025-10-20,25.69,0.0,72.46,,52.3,,84.1,55.1,27.5,3770.0,2025,Oct,128443
CEN-SR-14: Dhangadhi Sub-metropolitan Ward 8,2025-11-04,21.97,0.0,74.94,,101.0,,196.0,58.3,27.7,7370.0,2025,Nov,116552
CEN-SR-14: Dhangadhi Sub-metropolitan Ward 8,2025-11-05,22.3,0.04,70.91,,78.4,,142.0,52.1,27.5,5690.0,2025,Nov,116552
CEN-SR-14: Dhangadhi Sub-metropolitan Ward 8,2025-11-06,20.61,0.0,76.61,,65.4,,112.0,48.4,27.4,4720.0,2025,Nov,116552
CEN-SR-14: Dhangadhi Sub-metropolitan Ward 8,2025-11-07,19.78,0.0,75.52,,100.0,,177.0,49.2,26.0,7230.0,2025,Nov,116552
CEN-SR-14: Dhangadhi Sub-metropolitan Ward 8,2025-11-08,19.28,0.0,71.11,,75.8,,128.0,52.0,25.6,5470.0,2025,Nov,116552
CEN-SR-14: Dhangadhi Sub-metropolitan Ward 8,2025-11-09,18.99,0.0,65.3,,54.0,,87.0,46.8,26.2,3800.0,2025,Nov,116552
CEN-SR-14: Dhangadhi Sub-metropolitan Ward 8,2025-11-10,19.26,0.0,63.85,,51.4,,80.9,46.7,25.7,3590.0,2025,Nov,116552
CEN-SR-14: Dhangadhi Sub-metropolitan Ward 8,2025-11-11,18.72,0.0,65.17,,52.5,,81.2,45.2,25.3,3660.0,2025,Nov,116552
CEN-SR-14: Dhangadhi Sub-metropolitan Ward 8,2025-11-12,18.38,0.0,64.28,,77.2,,121.0,50.8,23.5,5520.0,2025,Nov,116552
CEN-SR-14: Dhangadhi Sub-metropolitan Ward 8,2025-11-13,17.8,0.0,61.79,,72.3,,114.0,48.2,24.6,5150.0,2025,Nov,116552
CEN-SR-14: Dhangadhi Sub-metropolitan Ward 8,2025-11-14,17.91,0.0,60.91,,86.0,,135.0,51.7,22.7,6120.0,2025,Nov,116552
CEN-SR-14: Dhangadhi Sub-metropolitan Ward 8,2025-11-15,19.03,0.0,57.65,,64.4,,101.0,45.3,24.7,4510.0,2025,Nov,116552
CEN-SR-14: Dhangadhi Sub-metropolitan Ward 8,2025-11-16,18.9,0.0,61.23,,62.6,,98.5,44.8,25.0,4400.0,2025,Nov,116552
CEN-SR-14: Dhangadhi Sub-metropolitan Ward 8,2025-11-17,19.32,0.0,60.22,,67.5,,106.0,48.2,24.0,4780.0,2025,Nov,116552
CEN-SR-14: Dhangadhi Sub-metropolitan Ward 8,2025-11-18,19.91,0.0,62.11,,52.6,,82.1,48.0,23.6,3650.0,2025,Nov,116552
CEN-SR-14: Dhangadhi Sub-metropolitan Ward 8,2025-11-19,19.7,0.0,71.08,,61.0,,98.3,50.2,23.8,4360.0,2025,Nov,116552
CEN-SR-14: Dhangadhi Sub-metropolitan Ward 8,2025-11-20,19.37,0.0,70.84,,68.2,,110.0,51.6,23.7,4890.0,2025,Nov,116552
CEN-SR-14: Dhangadhi Sub-metropolitan Ward 8,2025-11-21,19.23,0.0,67.91,,81.0,,134.0,51.0,23.5,5800.0,2025,Nov,116552
CEN-SR-14: Dhangadhi Sub-metropolitan Ward 8,2025-11-22,17.97,0.0,67.66,,101.0,,178.0,52.3,22.6,7310.0,2025,Nov,116552
CEN-SR-14: Dhangadhi Sub-metropolitan Ward 8,2025-11-23,17.44,0.0,66.14,,98.6,,174.0,53.6,21.5,7110.0,2025,Nov,116552
CEN-SR-14: Dhangadhi Sub-metropolitan Ward 8,2025-11-24,17.44,0.0,63.25,,77.9,,135.0,51.3,21.9,5620.0,2025,Nov,116552
CEN-SR-14: Dhangadhi Sub-metropolitan Ward 8,2025-11-25,17.3,0.0,61.67,,75.1,,126.0,49.4,21.4,5400.0,2025,Nov,116552
CEN-SR-14: Dhangadhi Sub-metropolitan Ward 8,2025-11-26,17.65,0.0,52.79,,78.0,,126.0,48.5,21.3,5510.0,2025,Nov,116552
CEN-SR-14: Dhangadhi Sub-metropolitan Ward 8,2025-11-27,18.8,0.0,53.68,,61.7,,96.6,48.1,21.7,4310.0,2025,Nov,116552
CEN-SR-14: Dhangadhi Sub-metropolitan Ward 8,2025-11-28,19.18,0.0,54.08,,68.9,,107.0,48.2,21.9,4850.0,2025,Nov,116552
CEN-SR-14: Dhangadhi Sub-metropolitan Ward 8,2025-11-29,18.88,0.0,57.19,,81.8,,126.0,50.8,21.6,5780.0,2025,Nov,116552
CEN-SR-14: Dhangadhi Sub-metropolitan Ward 8,2025-11-30,17.28,0.0,56.16,,84.3,,133.0,52.4,21.4,6000.0,2025,Nov,116552
CEN-SR-14: Dhangadhi Sub-metropolitan Ward 8,2025-12-01,17.24,0.0,55.53,,86.5,,139.0,52.8,21.5,6170.0,2025,Dec,98180
CEN-SR-14: Dhangadhi Sub-metropolitan Ward 8,2025-12-02,17.52,0.0,55.66,,81.6,,132.0,52.0,21.7,5800.0,2025,Dec,98180
CEN-SR-14: Dhangadhi Sub-metropolitan Ward 8,2025-12-03,16.64,0.0,55.11,,81.7,,132.0,49.5,21.3,5810.0,2025,Dec,98180
CEN-SR-14: Dhangadhi Sub-metropolitan Ward 8,2025-12-04,16.39,0.0,56.2,,84.3,,140.0,50.9,20.8,6050.0,2025,Dec,98180
CEN-SR-14: Dhangadhi Sub-metropolitan Ward 8,2025-12-05,15.87,0.0,57.66,,112.0,,192.0,52.4,20.4,8040.0,2025,Dec,98180
CEN-SR-14: Dhangadhi Sub-metropolitan Ward 8,2025-12-06,16.06,0.0,55.55,,124.0,,219.0,54.1,19.6,8940.0,2025,Dec,98180
CEN-SR-14: Dhangadhi Sub-metropolitan Ward 8,2025-12-07,16.25,0.0,58.46,,111.0,,188.0,53.3,20.5,7920.0,2025,Dec,98180
CEN-SR-14: Dhangadhi Sub-metropolitan Ward 8,2025-12-08,16.65,0.0,53.39,,106.0,,180.0,53.4,20.8,7570.0,2025,Dec,98180
CEN-SR-14: Dhangadhi Sub-metropolitan Ward 8,2025-12-09,16.64,0.0,51.76,,94.8,,165.0,54.3,20.8,6830.0,2025,Dec,98180
CEN-SR-14: Dhangadhi Sub-metropolitan Ward 8,2025-12-10,16.16,0.0,54.01,,96.3,,166.0,54.9,20.8,6920.0,2025,Dec,98180
CEN-SR-14: Dhangadhi Sub-metropolitan Ward 8,2025-12-11,16.52,0.0,56.0,,98.2,,161.0,52.7,20.9,7010.0,2025,Dec,98180
CEN-SR-14: Dhangadhi Sub-metropolitan Ward 8,2025-12-12,17.09,0.0,58.43,,88.6,,142.0,53.2,20.8,6290.0,2025,Dec,98180
CEN-SR-14: Dhangadhi Sub-metropolitan Ward 8,2025-12-13,17.72,0.0,58.2,,91.7,,145.0,52.2,21.0,6490.0,2025,Dec,98180
CEN-SR-14: Dhangadhi Sub-metropolitan Ward 8,2025-12-14,17.88,0.0,60.42,,95.4,,149.0,52.0,21.0,6740.0,2025,Dec,98180
CEN-SR-14: Dhangadhi Sub-metropolitan Ward 8,2025-12-15,17.27,0.0,61.08,,115.0,,194.0,54.2,20.1,8210.0,2025,Dec,98180
CEN-SR-14: Dhangadhi Sub-metropolitan Ward 8,2025-12-16,16.07,0.0,62.34,,107.0,,199.0,59.1,18.3,7780.0,2025,Dec,98180
CEN-SR-14: Dhangadhi Sub-metropolitan Ward 8,2025-12-17,14.91,0.0,65.03,,77.3,,147.0,59.4,18.7,5680.0,2025,Dec,98180
CEN-SR-14: Dhangadhi Sub-metropolitan Ward 8,2025-12-18,15.64,0.0,64.31,,78.8,,140.0,57.6,18.5,5720.0,2025,Dec,98180
CEN-SR-14: Dhangadhi Sub-metropolitan Ward 8,2025-12-19,15.22,0.0,60.47,,96.5,,175.0,60.1,17.4,7000.0,2025,Dec,98180
CEN-SR-14: Dhangadhi Sub-metropolitan Ward 8,2025-12-20,13.38,0.0,66.48,,66.4,,114.0,57.1,17.3,4820.0,2025,Dec,98180
CEN-SR-14: Dhangadhi Sub-metropolitan Ward 8,2025-12-21,13.62,0.0,67.11,,96.7,,162.0,57.2,17.0,6920.0,2025,Dec,98180
CEN-SR-14: Dhangadhi Sub-metropolitan Ward 8,2025-12-22,14.71,0.0,62.44,,128.0,,219.0,57.4,18.3,9150.0,2025,Dec,98180
CEN-SR-14: Dhangadhi Sub-metropolitan Ward 8,2025-12-23,14.65,0.0,66.59,,125.0,,242.0,60.7,17.1,9170.0,2025,Dec,98180
CEN-SR-14: Dhangadhi Sub-metropolitan Ward 8,2025-12-24,14.67,0.0,60.03,,86.5,,151.0,60.3,17.4,6240.0,2025,Dec,98180
CEN-SR-14: Dhangadhi Sub-metropolitan Ward 8,2025-12-25,13.96,0.0,62.12,,92.7,,162.0,54.9,19.0,6700.0,2025,Dec,98180
CEN-SR-14: Dhangadhi Sub-metropolitan Ward 8,2025-12-26,13.56,0.0,66.8,,109.0,,195.0,56.9,18.8,7870.0,2025,Dec,98180
CEN-SR-14: Dhangadhi Sub-metropolitan Ward 8,2025-12-27,13.84,0.0,64.82,,94.2,,172.0,59.1,17.6,6850.0,2025,Dec,98180
CEN-SR-14: Dhangadhi Sub-metropolitan Ward 8,2025-12-28,13.42,0.0,61.6,,50.9,,94.8,57.4,17.1,3770.0,2025,Dec,98180
CEN-SR-14: Dhangadhi Sub-metropolitan Ward 8,2025-12-29,13.26,0.0,56.54,,74.0,,137.0,55.1,17.9,5440.0,2025,Dec,98180
CEN-SR-14: Dhangadhi Sub-metropolitan Ward 8,2025-12-30,13.55,0.0,52.22,,106.0,,209.0,55.1,18.2,7880.0,2025,Dec,98180
CEN-SR-14: Dhangadhi Sub-metropolitan Ward 8,2025-12-31,12.84,0.0,56.22,,117.0,,214.0,57.0,17.1,8500.0,2025,Dec,98180
Mahankal (SC-16) - GD Labs,2025-10-13,18.49,0.0,82.48,,17.2,,30.2,35.7,26.4,1030.0,2025,Oct,128443
Mahankal (SC-16) - GD Labs,2025-10-14,18.84,0.0,77.23,,22.9,,37.4,40.6,25.6,1400.0,2025,Oct,128443
Mahankal (SC-16) - GD Labs,2025-10-15,19.4,0.0,81.77,,23.5,,38.3,41.4,25.8,1480.0,2025,Oct,128443
Mahankal (SC-16) - GD Labs,2025-10-16,19.86,0.0,82.46,,24.4,,37.6,42.1,25.9,1510.0,2025,Oct,128443
Mahankal (SC-16) - GD Labs,2025-10-17,19.8,0.0,86.34,,26.2,,40.2,44.4,26.2,1660.0,2025,Oct,128443
Mahankal (SC-16) - GD Labs,2025-10-18,19.5,0.0,84.16,,25.7,,39.8,45.0,26.6,1650.0,2025,Oct,128443
Mahankal (SC-16) - GD Labs,2025-10-19,19.3,0.0,79.76,,21.8,,35.4,44.3,25.5,1370.0,2025,Oct,128443
Mahankal (SC-16) - GD Labs,2025-10-20,19.36,0.0,84.37,,22.3,,36.6,42.2,24.4,1460.0,2025,Oct,128443
Mahankal (SC-16) - GD Labs,2025-10-21,20.35,0.0,78.44,,21.4,,33.7,41.0,24.7,1350.0,2025,Oct,128443
Mahankal (SC-16) - GD Labs,2025-10-22,20.17,0.0,77.14,,23.1,,35.8,43.3,24.9,1470.0,2025,Oct,128443
Mahankal (SC-16) - GD Labs,2025-10-23,20.07,0.0,83.29,,19.6,,31.3,42.3,25.6,1240.0,2025,Oct,128443
Mahankal (SC-16) - GD Labs,2025-10-24,19.45,0.0,86.59,,15.1,,25.8,41.1,25.5,931.0,2025,Oct,128443
Mahankal (SC-16) - GD Labs,2025-10-25,19.38,0.0,76.66,,22.6,,38.1,41.2,25.2,1390.0,2025,Oct,128443
Mahankal (SC-16) - GD Labs,2025-10-26,19.25,0.0,63.25,,21.5,,36.1,35.0,25.2,1460.0,2025,Oct,128443
Mahankal (SC-16) - GD Labs,2025-10-27,19.2,0.0,66.13,,25.9,,41.5,34.1,24.5,1710.0,2025,Oct,128443
Mahankal (SC-16) - GD Labs,2025-10-28,18.31,1.01,72.87,,34.2,,53.8,43.5,23.2,2410.0,2025,Oct,128443
Mahankal (SC-16) - GD Labs,2025-10-29,18.35,0.22,82.47,,43.8,,71.3,47.4,23.7,3320.0,2025,Oct,128443
Mahankal (SC-16) - GD Labs,2025-10-30,17.46,31.88,88.48,,18.0,,28.7,53.0,23.2,1190.0,2025,Oct,128443
Mahankal (SC-16) - GD Labs,2025-10-31,16.87,29.18,93.3,,7.41,,12.7,55.2,23.5,624.0,2025,Oct,128443
Mahankal (SC-16) - GD Labs,2025-11-01,17.89,7.76,93.37,,5.18,,8.72,54.7,24.2,483.0,2025,Nov,116552
Mahankal (SC-16) - GD Labs,2025-11-02,17.42,1.01,90.22,,8.95,,15.5,50.5,24.5,668.0,2025,Nov,116552
Mahankal (SC-16) - GD Labs,2025-11-03,17.65,0.65,84.17,,19.2,,31.7,47.0,25.2,1200.0,2025,Nov,116552
Mahankal (SC-16) - GD Labs,2025-11-04,18.63,0.14,81.45,,27.3,,46.3,45.2,25.7,1800.0,2025,Nov,116552
Mahankal (SC-16) - GD Labs,2025-11-05,18.34,0.0,80.04,,24.8,,43.1,45.9,24.9,1630.0,2025,Nov,116552
Mahankal (SC-16) - GD Labs,2025-11-06,18.03,0.0,75.37,,17.1,,29.5,42.8,25.0,1150.0,2025,Nov,116552
Mahankal (SC-16) - GD Labs,2025-11-07,17.35,0.0,79.89,,17.5,,29.7,43.1,24.4,1170.0,2025,Nov,116552
Mahankal (SC-16) - GD Labs,2025-11-08,17.09,0.0,79.39,,20.4,,33.5,41.1,24.2,1370.0,2025,Nov,116552
Mahankal (SC-16) - GD Labs,2025-11-09,17.09,0.0,75.24,,21.2,,34.3,40.8,23.8,1360.0,2025,Nov,116552
Mahankal (SC-16) - GD Labs,2025-11-10,16.19,0.0,73.07,,22.6,,35.8,41.1,23.3,1430.0,2025,Nov,116552
Mahankal (SC-16) - GD Labs,2025-11-11,15.76,0.0,73.9,,25.6,,39.9,41.7,22.7,1630.0,2025,Nov,116552
Mahankal (SC-16) - GD Labs,2025-11-12,15.45,0.0,74.36,,29.5,,46.7,44.0,21.3,2000.0,2025,Nov,116552
Mahankal (SC-16) - GD Labs,2025-11-13,15.0,0.0,75.51,,27.6,,43.9,41.3,22.2,1880.0,2025,Nov,116552
Mahankal (SC-16) - GD Labs,2025-11-14,14.58,0.0,70.83,,29.3,,46.3,43.7,21.2,1990.0,2025,Nov,116552
Mahankal (SC-16) - GD Labs,2025-11-15,14.78,0.0,75.93,,29.5,,47.0,41.2,21.6,2010.0,2025,Nov,116552
Mahankal (SC-16) - GD Labs,2025-11-16,14.88,0.0,74.77,,28.8,,45.4,41.8,21.5,1910.0,2025,Nov,116552
Mahankal (SC-16) - GD Labs,2025-11-17,14.51,0.0,72.26,,31.4,,50.2,42.8,21.5,2180.0,2025,Nov,116552
Mahankal (SC-16) - GD Labs,2025-11-18,15.55,0.0,67.09,,32.6,,52.0,42.7,21.6,2290.0,2025,Nov,116552
Mahankal (SC-16) - GD Labs,2025-11-19,15.23,0.0,81.7,,30.4,,47.0,43.6,21.6,2090.0,2025,Nov,116552
Mahankal (SC-16) - GD Labs,2025-11-20,14.72,0.0,88.0,,30.3,,47.1,43.5,21.6,2080.0,2025,Nov,116552
Mahankal (SC-16) - GD Labs,2025-11-21,14.48,0.0,87.79,,28.6,,44.0,46.2,20.4,1890.0,2025,Nov,116552
Mahankal (SC-16) - GD Labs,2025-11-22,14.11,0.0,88.76,,27.4,,41.6,39.8,21.9,1760.0,2025,Nov,116552
Mahankal (SC-16) - GD Labs,2025-11-23,13.52,0.0,85.05,,31.6,,49.8,42.6,20.5,2180.0,2025,Nov,116552
Mahankal (SC-16) - GD Labs,2025-11-24,12.56,0.0,79.1,,34.0,,57.4,41.5,20.5,2420.0,2025,Nov,116552
Mahankal (SC-16) - GD Labs,2025-11-25,13.19,0.0,70.19,,37.7,,64.0,39.7,20.2,2750.0,2025,Nov,116552
Mahankal (SC-16) - GD Labs,2025-11-26,13.76,0.0,76.11,,33.0,,53.6,38.5,20.1,2370.0,2025,Nov,116552
Mahankal (SC-16) - GD Labs,2025-11-27,15.24,0.0,72.73,,48.3,,78.0,39.7,20.7,3560.0,2025,Nov,116552
Mahankal (SC-16) - GD Labs,2025-11-28,14.73,0.0,74.04,,40.9,,64.0,39.7,20.5,3020.0,2025,Nov,116552
Mahankal (SC-16) - GD Labs,2025-11-29,14.01,0.0,76.82,,29.8,,46.7,38.1,20.2,2210.0,2025,Nov,116552
Mahankal (SC-16) - GD Labs,2025-11-30,13.6,0.0,75.06,,33.4,,51.3,39.8,20.2,2360.0,2025,Nov,116552
Mahankal (SC-16) - GD Labs,2025-12-01,13.22,0.0,77.38,,38.6,,60.1,43.7,20.3,2820.0,2025,Dec,98180
Mahankal (SC-16) - GD Labs,2025-12-02,13.09,0.0,66.35,,47.3,,77.7,44.8,20.4,3560.0,2025,Dec,98180
Mahankal (SC-16) - GD Labs,2025-12-03,12.94,0.0,65.61,,45.2,,77.4,44.0,20.6,3400.0,2025,Dec,98180
Mahankal (SC-16) - GD Labs,2025-12-04,12.94,0.0,59.29,,35.0,,58.3,40.1,20.2,2540.0,2025,Dec,98180
Mahankal (SC-16) - GD Labs,2025-12-05,12.66,0.0,65.81,,34.9,,57.4,40.7,20.0,2540.0,2025,Dec,98180
Mahankal (SC-16) - GD Labs,2025-12-06,12.34,0.0,63.16,,38.0,,62.6,40.6,19.4,2780.0,2025,Dec,98180
Mahankal (SC-16) - GD Labs,2025-12-07,12.55,0.0,68.9,,41.1,,67.0,43.4,19.2,3120.0,2025,Dec,98180
Mahankal (SC-16) - GD Labs,2025-12-08,13.05,0.0,70.87,,42.6,,69.1,41.9,19.7,3160.0,2025,Dec,98180
Mahankal (SC-16) - GD Labs,2025-12-09,12.43,0.0,71.63,,38.6,,61.7,39.7,20.0,2830.0,2025,Dec,98180
Mahankal (SC-16) - GD Labs,2025-12-10,12.29,0.0,65.67,,37.7,,58.9,40.2,19.4,2710.0,2025,Dec,98180
Mahankal (SC-16) - GD Labs,2025-12-11,12.7,0.0,64.78,,40.9,,64.2,39.7,19.6,3030.0,2025,Dec,98180
Mahankal (SC-16) - GD Labs,2025-12-12,12.55,0.0,74.27,,38.3,,58.7,40.1,19.5,2790.0,2025,Dec,98180
Mahankal (SC-16) - GD Labs,2025-12-13,13.0,0.0,73.7,,48.0,,74.3,40.6,19.2,3570.0,2025,Dec,98180
Mahankal (SC-16) - GD Labs,2025-12-14,13.45,0.0,75.69,,49.4,,76.0,39.5,19.5,3690.0,2025,Dec,98180
Mahankal (SC-16) - GD Labs,2025-12-15,12.67,0.0,81.06,,47.7,,73.3,40.2,19.2,3540.0,2025,Dec,98180
Mahankal (SC-16) - GD Labs,2025-12-28,10.68,0.0,74.18,,47.3,,78.2,42.3,19.8,3550.0,2025,Dec,98180
Mahankal (SC-16) - GD Labs,2025-12-29,9.68,0.0,72.77,,51.3,,84.2,43.3,18.9,3860.0,2025,Dec,98180
Mahankal (SC-16) - GD Labs,2025-12-30,8.5,0.0,70.64,,50.3,,82.4,42.7,18.7,3790.0,2025,Dec,98180
Mahankal (SC-16) - GD Labs,2025-12-31,9.21,0.0,63.44,,54.6,,89.3,41.8,19.0,4130.0,2025,Dec,98180
Chhetrapati (SC - 19) - GD Labs,2025-10-13,20.7,0.0,81.37,,22.4,,36.2,34.6,27.7,1390.0,2025,Oct,128443
Chhetrapati (SC - 19) - GD Labs,2025-10-14,21.33,0.0,75.08,,27.1,,43.0,39.3,26.3,1730.0,2025,Oct,128443
Chhetrapati (SC - 19) - GD Labs,2025-10-15,21.74,0.0,81.07,,26.9,,42.4,39.7,26.7,1760.0,2025,Oct,128443
Chhetrapati (SC - 19) - GD Labs,2025-10-16,22.3,0.0,81.31,,27.2,,41.3,40.5,26.5,1750.0,2025,Oct,128443
Chhetrapati (SC - 19) - GD Labs,2025-10-17,22.6,0.0,81.69,,29.3,,44.2,43.8,26.9,1920.0,2025,Oct,128443
Chhetrapati (SC - 19) - GD Labs,2025-10-18,22.07,0.0,85.89,,31.6,,47.2,43.1,27.6,2100.0,2025,Oct,128443
Chhetrapati (SC - 19) - GD Labs,2025-10-19,21.93,0.0,82.09,,27.1,,41.1,42.9,26.7,1750.0,2025,Oct,128443
Chhetrapati (SC - 19) - GD Labs,2025-10-20,21.77,0.0,84.38,,31.3,,48.5,42.7,24.5,2140.0,2025,Oct,128443
Chhetrapati (SC - 19) - GD Labs,2025-10-21,22.9,0.0,77.61,,31.6,,47.5,39.1,25.6,2170.0,2025,Oct,128443
Chhetrapati (SC - 19) - GD Labs,2025-10-22,23.13,0.0,78.47,,28.5,,42.8,41.9,25.5,1890.0,2025,Oct,128443
Chhetrapati (SC - 19) - GD Labs,2025-10-23,22.9,0.0,83.96,,25.9,,39.7,43.9,25.4,1680.0,2025,Oct,128443
Chhetrapati (SC - 19) - GD Labs,2025-10-24,22.27,0.0,86.59,,21.0,,32.8,44.2,25.3,1230.0,2025,Oct,128443
Chhetrapati (SC - 19) - GD Labs,2025-10-25,22.26,0.0,72.65,,26.7,,43.0,43.1,24.9,1710.0,2025,Oct,128443
Chhetrapati (SC - 19) - GD Labs,2025-10-26,22.31,0.0,60.9,,25.1,,40.8,36.8,24.8,1700.0,2025,Oct,128443
Chhetrapati (SC - 19) - GD Labs,2025-10-27,22.36,0.03,63.11,,28.9,,45.1,35.7,23.5,1970.0,2025,Oct,128443
Chhetrapati (SC - 19) - GD Labs,2025-10-28,21.11,1.93,72.2,,36.8,,56.7,46.1,22.3,2600.0,2025,Oct,128443
Chhetrapati (SC - 19) - GD Labs,2025-10-29,21.65,0.16,78.9,,47.8,,74.1,47.2,23.7,3520.0,2025,Oct,128443
Chhetrapati (SC - 19) - GD Labs,2025-10-30,20.18,27.94,89.18,,26.5,,40.7,55.0,22.6,1830.0,2025,Oct,128443
Chhetrapati (SC - 19) - GD Labs,2025-10-31,19.77,27.55,92.08,,16.3,,23.2,54.9,23.7,1070.0,2025,Oct,128443
Chhetrapati (SC - 19) - GD Labs,2025-11-01,20.8,6.74,91.35,,8.76,,14.0,55.3,23.8,684.0,2025,Nov,116552
Chhetrapati (SC - 19) - GD Labs,2025-11-02,19.95,0.79,88.99,,13.7,,21.0,51.3,24.2,890.0,2025,Nov,116552
Chhetrapati (SC - 19) - GD Labs,2025-11-03,20.42,0.15,80.31,,24.3,,36.8,46.6,25.4,1480.0,2025,Nov,116552
Chhetrapati (SC - 19) - GD Labs,2025-11-04,21.29,0.06,75.67,,32.0,,53.2,45.3,26.2,2230.0,2025,Nov,116552
Chhetrapati (SC - 19) - GD Labs,2025-11-05,21.03,0.0,77.42,,29.6,,48.9,43.7,25.6,2000.0,2025,Nov,116552
Chhetrapati (SC - 19) - GD Labs,2025-11-06,21.09,0.0,74.44,,20.1,,32.1,42.2,25.6,1350.0,2025,Nov,116552
Chhetrapati (SC - 19) - GD Labs,2025-11-07,19.79,0.0,80.38,,23.4,,35.4,39.6,26.3,1420.0,2025,Nov,116552
Chhetrapati (SC - 19) - GD Labs,2025-11-08,19.36,0.0,78.63,,24.6,,38.0,41.2,24.6,1590.0,2025,Nov,116552
Chhetrapati (SC - 19) - GD Labs,2025-11-09,19.26,0.0,77.32,,28.5,,42.8,40.4,24.7,1880.0,2025,Nov,116552
Chhetrapati (SC - 19) - GD Labs,2025-11-10,17.99,0.0,78.49,,27.3,,40.5,40.6,24.2,1740.0,2025,Nov,116552
Chhetrapati (SC - 19) - GD Labs,2025-11-11,17.36,0.0,79.38,,30.3,,45.9,42.3,23.2,2030.0,2025,Nov,116552
Chhetrapati (SC - 19) - GD Labs,2025-11-12,17.34,0.0,78.19,,34.0,,52.9,46.5,20.7,2380.0,2025,Nov,116552
Chhetrapati (SC - 19) - GD Labs,2025-11-13,17.14,0.0,76.34,,31.9,,49.1,42.9,22.0,2200.0,2025,Nov,116552
Chhetrapati (SC - 19) - GD Labs,2025-11-14,17.23,0.0,71.59,,31.8,,49.3,47.0,20.0,2160.0,2025,Nov,116552
Chhetrapati (SC - 19) - GD Labs,2025-11-15,17.24,0.0,74.29,,33.2,,50.9,43.1,21.6,2270.0,2025,Nov,116552
Chhetrapati (SC - 19) - GD Labs,2025-11-16,17.51,0.0,70.44,,32.5,,50.3,42.8,21.5,2240.0,2025,Nov,116552
Chhetrapati (SC - 19) - GD Labs,2025-11-17,16.94,0.0,71.39,,30.8,,48.3,48.0,18.2,2060.0,2025,Nov,116552
Chhetrapati (SC - 19) - GD Labs,2025-12-22,13.43,0.0,74.89,,55.8,,85.8,37.2,21.9,4030.0,2025,Dec,98180
Chhetrapati (SC - 19) - GD Labs,2025-12-23,12.22,0.0,78.07,,59.6,,91.5,39.9,20.3,4380.0,2025,Dec,98180
Chhetrapati (SC - 19) - GD Labs,2025-12-24,12.0,0.0,77.9,,47.3,,73.3,40.6,20.0,3480.0,2025,Dec,98180
Chhetrapati (SC - 19) - GD Labs,2025-12-25,11.9,0.0,75.7,,48.2,,76.3,39.5,20.0,3550.0,2025,Dec,98180
Chhetrapati (SC - 19) - GD Labs,2025-12-26,12.48,0.0,73.76,,59.7,,95.9,41.1,19.6,4420.0,2025,Dec,98180
Chhetrapati (SC - 19) - GD Labs,2025-12-27,12.74,0.0,72.46,,61.8,,101.0,41.2,19.8,4590.0,2025,Dec,98180
Chhetrapati (SC - 19) - GD Labs,2025-12-28,11.74,0.0,76.27,,61.7,,99.5,41.9,19.8,4570.0,2025,Dec,98180
Chhetrapati (SC - 19) - GD Labs,2025-12-29,11.01,0.04,73.62,,55.6,,88.2,42.1,19.5,4120.0,2025,Dec,98180
Chhetrapati (SC - 19) - GD Labs,2025-12-30,9.9,0.0,70.04,,60.0,,94.8,42.1,19.4,4450.0,2025,Dec,98180
Chhetrapati (SC - 19) - GD Labs,2025-12-31,10.81,0.0,63.1,,60.8,,96.4,41.3,19.4,4510.0,2025,Dec,98180
Tarakeswor (SC-14)-GD Labs,2025-10-13,14.82,0.0,90.98,,15.0,,30.6,39.5,25.6,935.0,2025,Oct,128443
Tarakeswor (SC-14)-GD Labs,2025-10-14,15.09,0.0,86.76,,24.4,,41.4,46.2,23.7,1490.0,2025,Oct,128443
Tarakeswor (SC-14)-GD Labs,2025-10-15,15.38,0.0,91.01,,23.6,,39.9,45.7,24.8,1480.0,2025,Oct,128443
Tarakeswor (SC-14)-GD Labs,2025-10-16,15.89,0.0,87.68,,23.4,,38.8,45.5,25.2,1450.0,2025,Oct,128443
Tarakeswor (SC-14)-GD Labs,2025-10-17,15.8,0.0,90.32,,25.0,,40.7,48.4,25.6,1550.0,2025,Oct,128443
Tarakeswor (SC-14)-GD Labs,2025-10-18,15.47,0.0,89.93,,25.7,,41.6,47.0,26.7,1620.0,2025,Oct,128443
Tarakeswor (SC-14)-GD Labs,2025-10-19,14.91,0.0,84.41,,24.0,,39.3,46.3,26.1,1460.0,2025,Oct,128443
Tarakeswor (SC-14)-GD Labs,2025-10-20,15.61,0.0,90.22,,22.3,,37.9,42.2,25.8,1420.0,2025,Oct,128443
Tarakeswor (SC-14)-GD Labs,2025-10-21,16.42,0.0,87.04,,20.8,,36.1,40.5,26.2,1440.0,2025,Oct,128443
Tarakeswor (SC-14)-GD Labs,2025-10-22,16.47,0.0,78.64,,24.9,,40.8,43.2,26.2,1640.0,2025,Oct,128443
Tarakeswor (SC-14)-GD Labs,2025-10-23,15.77,0.0,83.85,,21.5,,36.4,43.7,26.0,1420.0,2025,Oct,128443
Tarakeswor (SC-14)-GD Labs,2025-10-24,15.35,0.0,86.4,,18.1,,32.0,43.1,26.0,1110.0,2025,Oct,128443
Tarakeswor (SC-14)-GD Labs,2025-10-25,15.13,0.0,79.88,,22.7,,38.1,43.8,25.3,1330.0,2025,Oct,128443
Tarakeswor (SC-14)-GD Labs,2025-10-26,14.44,0.0,71.34,,21.9,,38.6,37.0,25.4,1470.0,2025,Oct,128443
Tarakeswor (SC-14)-GD Labs,2025-10-27,14.48,0.03,72.27,,26.8,,44.2,39.0,24.0,1740.0,2025,Oct,128443
Tarakeswor (SC-14)-GD Labs,2025-10-28,13.63,2.27,82.89,,32.8,,53.9,48.1,22.2,2320.0,2025,Oct,128443
Tarakeswor (SC-14)-GD Labs,2025-10-29,14.85,0.24,85.21,,41.8,,70.1,50.3,23.0,3140.0,2025,Oct,128443
Tarakeswor (SC-14)-GD Labs,2025-10-30,14.08,21.11,88.92,,22.7,,38.6,54.7,22.5,1600.0,2025,Oct,128443
Tarakeswor (SC-14)-GD Labs,2025-10-31,13.69,29.54,94.29,,9.03,,16.0,55.8,23.2,711.0,2025,Oct,128443
Tarakeswor (SC-14)-GD Labs,2025-11-01,14.88,5.74,91.42,,0.48,,1.23,56.3,23.3,178.0,2025,Nov,116552
Tarakeswor (SC-14)-GD Labs,2025-11-02,14.34,1.47,90.88,,4.74,,11.7,53.1,23.5,446.0,2025,Nov,116552
Tarakeswor (SC-14)-GD Labs,2025-11-03,14.32,0.29,87.39,,13.7,,27.0,48.2,25.0,911.0,2025,Nov,116552
Tarakeswor (SC-14)-GD Labs,2025-11-04,14.44,0.08,88.95,,27.2,,48.4,46.8,26.3,1820.0,2025,Nov,116552
Tarakeswor (SC-14)-GD Labs,2025-11-05,13.92,0.0,77.95,,24.9,,45.2,45.5,25.3,1680.0,2025,Nov,116552
Tarakeswor (SC-14)-GD Labs,2025-11-06,13.48,0.0,69.56,,15.3,,28.4,44.0,25.0,1040.0,2025,Nov,116552
Tarakeswor (SC-14)-GD Labs,2025-11-07,13.51,0.0,75.63,,16.6,,31.1,44.9,24.0,1130.0,2025,Nov,116552
Tarakeswor (SC-14)-GD Labs,2025-11-08,13.36,0.0,81.93,,22.8,,38.5,44.1,24.0,1480.0,2025,Nov,116552
Tarakeswor (SC-14)-GD Labs,2025-11-09,12.79,0.0,79.87,,25.4,,41.5,43.9,23.7,1630.0,2025,Nov,116552
Tarakeswor (SC-14)-GD Labs,2025-11-10,12.4,0.0,70.26,,24.5,,39.6,43.2,23.5,1540.0,2025,Nov,116552
Tarakeswor (SC-14)-GD Labs,2025-11-11,12.47,0.0,65.77,,25.6,,41.3,43.5,22.9,1620.0,2025,Nov,116552
Tarakeswor (SC-14)-GD Labs,2025-11-12,12.34,0.0,65.12,,29.9,,48.8,46.5,21.1,2050.0,2025,Nov,116552
Tarakeswor (SC-14)-GD Labs,2025-11-13,11.62,0.0,65.35,,29.8,,49.1,43.5,22.6,2060.0,2025,Nov,116552
Tarakeswor (SC-14)-GD Labs,2025-11-14,11.07,0.0,63.16,,33.2,,55.0,47.1,20.8,2410.0,2025,Nov,116552
Tarakeswor (SC-14)-GD Labs,2025-11-15,11.21,0.0,72.89,,29.3,,48.3,43.6,21.6,2000.0,2025,Nov,116552
Tarakeswor (SC-14)-GD Labs,2025-11-16,11.16,0.0,71.26,,30.4,,50.5,43.5,21.7,2110.0,2025,Nov,116552
Tarakeswor (SC-14)-GD Labs,2025-11-17,10.74,0.0,65.79,,30.3,,49.9,43.5,21.5,2080.0,2025,Nov,116552
Tarakeswor (SC-14)-GD Labs,2025-11-18,12.31,0.0,60.59,,30.7,,50.2,44.7,21.6,2130.0,2025,Nov,116552
Tarakeswor (SC-14)-GD Labs,2025-11-19,11.59,0.0,82.02,,30.4,,49.1,45.2,21.6,2060.0,2025,Nov,116552
Tarakeswor (SC-14)-GD Labs,2025-11-20,11.36,0.0,90.88,,27.8,,44.4,45.3,21.6,1860.0,2025,Nov,116552
Tarakeswor (SC-14)-GD Labs,2025-11-21,10.95,0.0,92.39,,27.2,,43.1,46.0,21.3,1790.0,2025,Nov,116552
Tarakeswor (SC-14)-GD Labs,2025-11-22,10.58,0.0,90.2,,28.9,,46.1,43.3,21.2,1930.0,2025,Nov,116552
Tarakeswor (SC-14)-GD Labs,2025-11-23,10.09,0.0,85.31,,33.5,,55.4,43.5,21.0,2410.0,2025,Nov,116552
Tarakeswor (SC-14)-GD Labs,2025-11-24,9.22,0.0,73.06,,35.4,,63.0,43.9,20.7,2650.0,2025,Nov,116552
Tarakeswor (SC-14)-GD Labs,2025-11-25,9.57,0.0,70.51,,37.5,,65.8,42.5,19.6,2750.0,2025,Nov,116552
Tarakeswor (SC-14)-GD Labs,2025-11-26,10.19,0.0,75.43,,40.8,,67.6,43.8,18.1,3070.0,2025,Nov,116552
Tarakeswor (SC-14)-GD Labs,2025-11-27,11.34,0.0,71.64,,30.9,,49.7,42.8,19.8,2210.0,2025,Nov,116552
Tarakeswor (SC-14)-GD Labs,2025-11-28,10.98,0.0,64.68,,43.9,,70.8,43.5,19.4,3180.0,2025,Nov,116552
Tarakeswor (SC-14)-GD Labs,2025-11-29,10.88,0.0,70.02,,30.7,,49.3,41.4,19.6,2290.0,2025,Nov,116552
Tarakeswor (SC-14)-GD Labs,2025-11-30,10.69,0.0,68.11,,34.1,,53.8,43.1,19.6,2450.0,2025,Nov,116552
Tarakeswor (SC-14)-GD Labs,2025-12-01,10.86,0.0,63.81,,41.6,,67.7,46.2,19.8,3090.0,2025,Dec,98180
Tarakeswor (SC-14)-GD Labs,2025-12-02,10.79,0.0,52.85,,49.1,,83.7,46.1,20.2,3740.0,2025,Dec,98180
Tarakeswor (SC-14)-GD Labs,2025-12-03,9.56,0.0,52.68,,45.8,,80.4,45.7,20.7,3490.0,2025,Dec,98180
Tarakeswor (SC-14)-GD Labs,2025-12-04,8.88,0.0,53.84,,36.3,,63.6,43.1,20.6,2710.0,2025,Dec,98180
Tarakeswor (SC-14)-GD Labs,2025-12-05,9.53,0.0,56.07,,35.3,,61.2,43.1,20.1,2620.0,2025,Dec,98180
Tarakeswor (SC-14)-GD Labs,2025-12-06,9.35,0.0,57.99,,39.4,,66.9,41.2,20.0,2900.0,2025,Dec,98180
Tarakeswor (SC-14)-GD Labs,2025-12-07,10.27,0.0,60.34,,42.8,,72.6,42.8,19.8,3250.0,2025,Dec,98180
Tarakeswor (SC-14)-GD Labs,2025-12-08,10.27,0.0,57.72,,42.9,,71.9,43.2,20.0,3090.0,2025,Dec,98180
Tarakeswor (SC-14)-GD Labs,2025-12-09,9.35,0.0,59.37,,44.8,,73.9,42.1,20.0,3310.0,2025,Dec,98180
Tarakeswor (SC-14)-GD Labs,2025-12-10,8.87,0.0,54.77,,36.1,,58.6,41.9,19.4,2600.0,2025,Dec,98180
Tarakeswor (SC-14)-GD Labs,2025-12-11,9.69,0.0,57.18,,41.6,,66.8,41.1,19.6,3010.0,2025,Dec,98180
Tarakeswor (SC-14)-GD Labs,2025-12-12,9.65,0.0,66.74,,37.6,,60.2,45.8,17.5,2680.0,2025,Dec,98180
Tarakeswor (SC-14)-GD Labs,2025-12-13,9.63,0.0,69.12,,50.6,,80.9,48.2,16.2,3860.0,2025,Dec,98180
Tarakeswor (SC-14)-GD Labs,2025-12-14,10.06,0.0,74.96,,41.6,,66.1,41.3,19.8,2950.0,2025,Dec,98180
Tarakeswor (SC-14)-GD Labs,2025-12-15,9.37,0.0,77.13,,46.1,,73.5,43.9,17.9,3350.0,2025,Dec,98180
Tarakeswor (SC-14)-GD Labs,2025-12-16,8.96,0.0,73.38,,40.7,,64.5,41.8,18.8,2960.0,2025,Dec,98180
Tarakeswor (SC-14)-GD Labs,2025-12-17,8.91,0.0,62.91,,48.3,,77.5,42.1,19.4,3610.0,2025,Dec,98180
Tarakeswor (SC-14)-GD Labs,2025-12-18,10.11,0.0,57.3,,53.1,,84.7,40.6,19.7,3940.0,2025,Dec,98180
Tarakeswor (SC-14)-GD Labs,2025-12-19,9.79,0.0,62.58,,52.3,,83.2,41.6,19.2,3840.0,2025,Dec,98180
Tarakeswor (SC-14)-GD Labs,2025-12-20,9.07,0.0,60.91,,48.0,,77.1,43.5,18.8,3550.0,2025,Dec,98180
Tarakeswor (SC-14)-GD Labs,2025-12-21,9.42,0.0,60.36,,50.9,,82.6,43.5,19.6,3800.0,2025,Dec,98180
Tarakeswor (SC-14)-GD Labs,2025-12-22,9.99,0.0,62.52,,45.4,,74.1,43.4,19.5,3330.0,2025,Dec,98180
Tarakeswor (SC-14)-GD Labs,2025-12-23,9.89,0.0,57.67,,51.5,,82.8,41.7,19.2,3790.0,2025,Dec,98180
Tarakeswor (SC-14)-GD Labs,2025-12-24,8.34,0.0,64.6,,47.9,,78.8,42.2,19.4,3600.0,2025,Dec,98180
Tarakeswor (SC-14)-GD Labs,2025-12-25,7.48,0.0,66.48,,44.6,,73.8,42.2,19.4,3300.0,2025,Dec,98180
Tarakeswor (SC-14)-GD Labs,2025-12-26,7.97,0.0,66.17,,53.4,,89.4,42.9,18.8,4010.0,2025,Dec,98180
Tarakeswor (SC-14)-GD Labs,2025-12-27,8.44,0.0,64.58,,53.8,,91.2,43.1,19.0,4070.0,2025,Dec,98180
Tarakeswor (SC-14)-GD Labs,2025-12-28,8.52,0.0,61.96,,49.0,,82.9,42.9,19.2,3640.0,2025,Dec,98180
Tarakeswor (SC-14)-GD Labs,2025-12-29,7.48,0.04,62.97,,50.2,,84.4,43.4,18.9,3740.0,2025,Dec,98180
Tarakeswor (SC-14)-GD Labs,2025-12-30,6.8,0.0,59.14,,58.0,,96.6,44.6,18.3,4370.0,2025,Dec,98180
Tarakeswor (SC-14)-GD Labs,2025-12-31,7.07,0.0,52.92,,55.6,,95.0,43.8,18.5,4260.0,2025,Dec,98180
Golfutar (SC- 17) - GD Labs,2025-10-13,18.49,0.0,82.48,,16.8,,32.2,36.7,27.9,1060.0,2025,Oct,128443
Golfutar (SC- 17) - GD Labs,2025-10-14,18.84,0.0,77.23,,23.7,,40.8,44.8,24.8,1490.0,2025,Oct,128443
Golfutar (SC- 17) - GD Labs,2025-10-15,19.4,0.0,81.77,,23.9,,40.4,44.9,25.5,1510.0,2025,Oct,128443
Golfutar (SC- 17) - GD Labs,2025-10-16,19.86,0.0,82.46,,24.0,,39.4,45.5,25.6,1480.0,2025,Oct,128443
Golfutar (SC- 17) - GD Labs,2025-10-17,19.8,0.0,86.34,,27.9,,45.2,47.8,26.1,1850.0,2025,Oct,128443
Golfutar (SC- 17) - GD Labs,2025-10-18,19.5,0.0,84.16,,25.0,,41.0,47.6,26.5,1620.0,2025,Oct,128443
Golfutar (SC- 17) - GD Labs,2025-10-19,19.3,0.0,79.76,,23.0,,38.0,43.4,27.5,1430.0,2025,Oct,128443
Golfutar (SC- 17) - GD Labs,2025-10-20,19.36,0.0,84.37,,23.7,,38.6,40.7,25.9,1500.0,2025,Oct,128443
Golfutar (SC- 17) - GD Labs,2025-10-21,20.35,0.0,78.44,,25.2,,40.9,38.9,27.4,1700.0,2025,Oct,128443
Golfutar (SC- 17) - GD Labs,2025-10-22,20.17,0.0,77.14,,24.8,,40.2,42.9,26.1,1590.0,2025,Oct,128443
Golfutar (SC- 17) - GD Labs,2025-10-23,20.07,0.0,83.29,,21.1,,35.7,45.6,25.4,1380.0,2025,Oct,128443
Golfutar (SC- 17) - GD Labs,2025-10-24,19.45,0.0,86.59,,17.1,,30.3,44.3,25.5,1010.0,2025,Oct,128443
Golfutar (SC- 17) - GD Labs,2025-10-25,19.38,0.0,76.66,,23.9,,40.5,44.7,25.0,1470.0,2025,Oct,128443
Golfutar (SC- 17) - GD Labs,2025-10-26,19.25,0.0,63.25,,21.5,,37.8,38.6,25.3,1460.0,2025,Oct,128443
Golfutar (SC- 17) - GD Labs,2025-10-27,19.2,0.0,66.13,,30.5,,50.8,39.4,23.3,2100.0,2025,Oct,128443
Golfutar (SC- 17) - GD Labs,2025-10-28,18.31,1.01,72.87,,38.0,,64.7,50.6,20.7,2760.0,2025,Oct,128443
Golfutar (SC- 17) - GD Labs,2025-10-29,18.35,0.22,82.47,,46.4,,79.6,52.9,22.0,3520.0,2025,Oct,128443
Golfutar (SC- 17) - GD Labs,2025-10-30,17.46,31.88,88.48,,20.7,,35.0,59.8,20.8,1420.0,2025,Oct,128443
Golfutar (SC- 17) - GD Labs,2025-10-31,16.87,29.18,93.3,,4.97,,9.49,60.9,21.6,481.0,2025,Oct,128443
Golfutar (SC- 17) - GD Labs,2025-11-01,17.89,7.76,93.37,,3.54,,7.13,60.0,22.5,411.0,2025,Nov,116552
Golfutar (SC- 17) - GD Labs,2025-11-02,17.42,1.01,90.22,,10.2,,19.1,55.6,23.0,704.0,2025,Nov,116552
Golfutar (SC- 17) - GD Labs,2025-11-03,17.65,0.65,84.17,,16.4,,30.0,50.5,24.4,1020.0,2025,Nov,116552
Golfutar (SC- 17) - GD Labs,2025-11-04,18.63,0.14,81.45,,27.9,,50.2,49.2,25.2,1910.0,2025,Nov,116552
Golfutar (SC- 17) - GD Labs,2025-11-05,18.34,0.0,80.04,,26.5,,47.0,48.8,24.5,1750.0,2025,Nov,116552
Golfutar (SC- 17) - GD Labs,2025-11-06,18.03,0.0,75.37,,17.9,,32.5,46.5,24.4,1150.0,2025,Nov,116552
Golfutar (SC- 17) - GD Labs,2025-11-07,17.35,0.0,79.89,,19.0,,33.2,46.4,23.8,1180.0,2025,Nov,116552
Golfutar (SC- 17) - GD Labs,2025-11-08,17.09,0.0,79.39,,19.8,,34.2,43.7,24.4,1280.0,2025,Nov,116552
Golfutar (SC- 17) - GD Labs,2025-11-09,17.09,0.0,75.24,,23.1,,37.7,41.7,24.9,1420.0,2025,Nov,116552
Golfutar (SC- 17) - GD Labs,2025-11-10,16.19,0.0,73.07,,23.2,,37.8,41.9,24.3,1440.0,2025,Nov,116552
Golfutar (SC- 17) - GD Labs,2025-11-11,15.76,0.0,73.9,,24.6,,39.7,42.0,23.7,1550.0,2025,Nov,116552
Golfutar (SC- 17) - GD Labs,2025-11-12,15.45,0.0,74.36,,27.5,,45.5,46.5,20.3,1870.0,2025,Nov,116552
Golfutar (SC- 17) - GD Labs,2025-11-13,15.0,0.0,75.51,,28.8,,47.8,42.2,22.9,2010.0,2025,Nov,116552
Golfutar (SC- 17) - GD Labs,2025-11-14,14.58,0.0,70.83,,31.3,,51.9,46.4,20.5,2240.0,2025,Nov,116552
Golfutar (SC- 17) - GD Labs,2025-11-15,14.78,0.0,75.93,,28.4,,46.6,41.9,22.4,1940.0,2025,Nov,116552
Golfutar (SC- 17) - GD Labs,2025-11-16,14.88,0.0,74.77,,29.6,,48.8,42.2,22.6,2010.0,2025,Nov,116552
Golfutar (SC- 17) - GD Labs,2025-11-17,14.51,0.0,72.26,,30.4,,50.4,43.8,21.7,2110.0,2025,Nov,116552
Golfutar (SC- 17) - GD Labs,2025-11-18,15.55,0.0,67.09,,31.3,,51.2,43.1,22.8,2190.0,2025,Nov,116552
Golfutar (SC- 17) - GD Labs,2025-11-19,15.23,0.0,81.7,,31.6,,51.5,43.5,22.9,2230.0,2025,Nov,116552
Golfutar (SC- 17) - GD Labs,2025-11-20,14.72,0.0,88.0,,30.4,,49.0,43.4,22.9,2090.0,2025,Nov,116552
Golfutar (SC- 17) - GD Labs,2025-11-21,14.48,0.0,87.79,,28.7,,46.0,43.6,22.6,1930.0,2025,Nov,116552
Golfutar (SC- 17) - GD Labs,2025-11-22,14.11,0.0,88.76,,28.7,,45.7,45.1,20.7,1910.0,2025,Nov,116552
Golfutar (SC- 17) - GD Labs,2025-11-23,13.52,0.0,85.05,,32.1,,52.8,45.4,20.3,2250.0,2025,Nov,116552
Golfutar (SC- 17) - GD Labs,2025-11-24,12.56,0.0,79.1,,36.4,,63.9,46.0,19.8,2670.0,2025,Nov,116552
Golfutar (SC- 17) - GD Labs,2025-11-25,13.19,0.0,70.19,,39.5,,70.8,43.6,19.6,2930.0,2025,Nov,116552
Golfutar (SC- 17) - GD Labs,2025-11-26,13.76,0.0,76.11,,33.6,,56.3,42.3,19.6,2430.0,2025,Nov,116552
Golfutar (SC- 17) - GD Labs,2025-11-27,15.24,0.0,72.73,,47.8,,78.5,42.4,20.7,3560.0,2025,Nov,116552
Golfutar (SC- 17) - GD Labs,2025-11-28,14.73,0.0,74.04,,42.2,,68.3,39.4,21.9,3070.0,2025,Nov,116552
Golfutar (SC- 17) - GD Labs,2025-11-29,14.01,0.0,76.82,,29.0,,46.9,38.6,22.0,2110.0,2025,Nov,116552
Golfutar (SC- 17) - GD Labs,2025-11-30,13.6,0.0,75.06,,36.1,,56.8,40.2,21.4,2610.0,2025,Nov,116552
Golfutar (SC- 17) - GD Labs,2025-12-01,13.22,0.0,77.38,,39.5,,63.8,43.8,21.1,2910.0,2025,Dec,98180
Golfutar (SC- 17) - GD Labs,2025-12-02,13.09,0.0,66.35,,52.4,,89.3,44.7,21.4,3970.0,2025,Dec,98180
Golfutar (SC- 17) - GD Labs,2025-12-03,12.94,0.0,65.61,,42.1,,73.7,43.1,21.6,3160.0,2025,Dec,98180
Golfutar (SC- 17) - GD Labs,2025-12-04,12.94,0.0,59.29,,37.7,,64.5,39.6,21.5,2730.0,2025,Dec,98180
Golfutar (SC- 17) - GD Labs,2025-12-05,12.66,0.0,65.81,,37.6,,65.3,41.3,20.9,2810.0,2025,Dec,98180
Golfutar (SC- 17) - GD Labs,2025-12-06,12.34,0.0,63.16,,41.5,,70.3,41.3,20.5,3090.0,2025,Dec,98180
Golfutar (SC- 17) - GD Labs,2025-12-07,12.55,0.0,68.9,,44.7,,76.3,43.1,20.1,3390.0,2025,Dec,98180
Golfutar (SC- 17) - GD Labs,2025-12-08,13.05,0.0,70.87,,45.5,,76.7,42.9,20.6,3380.0,2025,Dec,98180
Golfutar (SC- 17) - GD Labs,2025-12-09,12.43,0.0,71.63,,42.8,,70.9,41.5,20.7,3160.0,2025,Dec,98180
Golfutar (SC- 17) - GD Labs,2025-12-10,12.29,0.0,65.67,,39.0,,63.5,41.3,20.4,2830.0,2025,Dec,98180
Golfutar (SC- 17) - GD Labs,2025-12-11,12.7,0.0,64.78,,47.3,,76.8,40.5,20.6,3500.0,2025,Dec,98180
Golfutar (SC- 17) - GD Labs,2025-12-12,12.55,0.0,74.27,,43.1,,69.2,40.8,20.5,3190.0,2025,Dec,98180
Golfutar (SC- 17) - GD Labs,2025-12-13,13.0,0.0,73.7,,52.2,,84.5,40.2,20.9,3890.0,2025,Dec,98180
Golfutar (SC- 17) - GD Labs,2025-12-14,13.45,0.0,75.69,,54.8,,88.1,39.8,20.8,4090.0,2025,Dec,98180
Golfutar (SC- 17) - GD Labs,2025-12-15,12.67,0.0,81.06,,46.0,,73.6,41.5,19.4,3380.0,2025,Dec,98180
Golfutar (SC- 17) - GD Labs,2025-12-16,11.97,0.0,78.57,,40.9,,65.1,43.3,18.4,2990.0,2025,Dec,98180
Golfutar (SC- 17) - GD Labs,2025-12-17,11.15,0.0,75.72,,45.3,,73.1,45.2,18.2,3390.0,2025,Dec,98180
Golfutar (SC- 17) - GD Labs,2025-12-18,12.32,0.0,68.39,,50.8,,81.5,41.5,19.8,3780.0,2025,Dec,98180
Golfutar (SC- 17) - GD Labs,2025-12-19,11.73,0.0,71.31,,54.5,,87.4,40.4,20.6,4020.0,2025,Dec,98180
Golfutar (SC- 17) - GD Labs,2025-12-20,10.4,0.0,69.77,,49.0,,79.2,45.3,18.3,3640.0,2025,Dec,98180
Golfutar (SC- 17) - GD Labs,2025-12-21,10.47,0.0,74.81,,50.9,,83.7,46.1,18.8,3830.0,2025,Dec,98180
Golfutar (SC- 17) - GD Labs,2025-12-22,11.72,0.0,75.07,,53.9,,88.5,45.8,18.9,4010.0,2025,Dec,98180
Golfutar (SC- 17) - GD Labs,2025-12-23,11.39,0.0,75.35,,53.5,,87.3,43.8,19.0,3980.0,2025,Dec,98180
Golfutar (SC- 17) - GD Labs,2025-12-24,10.34,0.0,77.25,,50.2,,83.5,46.5,17.9,3730.0,2025,Dec,98180
Golfutar (SC- 17) - GD Labs,2025-12-25,9.77,0.0,76.42,,44.3,,74.1,44.4,18.3,3300.0,2025,Dec,98180
Golfutar (SC- 17) - GD Labs,2025-12-26,10.48,0.0,76.76,,52.8,,90.0,45.1,18.3,3950.0,2025,Dec,98180
Golfutar (SC- 17) - GD Labs,2025-12-27,11.1,0.0,72.48,,53.0,,90.4,42.3,19.9,3990.0,2025,Dec,98180
Golfutar (SC- 17) - GD Labs,2025-12-28,10.68,0.0,74.18,,52.5,,89.9,43.0,20.0,3960.0,2025,Dec,98180
Golfutar (SC- 17) - GD Labs,2025-12-29,9.68,0.0,72.77,,51.7,,88.4,44.1,19.2,3890.0,2025,Dec,98180
Golfutar (SC- 17) - GD Labs,2025-12-30,8.5,0.0,70.64,,55.0,,93.7,47.2,17.9,4130.0,2025,Dec,98180
Golfutar (SC- 17) - GD Labs,2025-12-31,9.21,0.0,63.44,,56.8,,96.9,45.7,18.1,4290.0,2025,Dec,98180
Tankeshwor (SC- 18) - GD Labs,2025-10-13,20.7,0.0,81.37,,18.4,,32.3,35.5,26.8,1190.0,2025,Oct,128443
Tankeshwor (SC- 18) - GD Labs,2025-10-14,21.33,0.0,75.08,,26.7,,42.6,40.1,25.3,1650.0,2025,Oct,128443
Tankeshwor (SC- 18) - GD Labs,2025-10-15,21.74,0.0,81.07,,27.8,,45.0,40.3,26.0,1880.0,2025,Oct,128443
Tankeshwor (SC- 18) - GD Labs,2025-10-16,22.3,0.0,81.31,,26.0,,40.4,40.6,26.1,1670.0,2025,Oct,128443
Tankeshwor (SC- 18) - GD Labs,2025-10-17,22.6,0.0,81.69,,27.8,,42.6,49.0,24.7,1820.0,2025,Oct,128443
Tankeshwor (SC- 18) - GD Labs,2025-10-18,22.07,0.0,85.89,,27.8,,43.0,44.2,26.5,1850.0,2025,Oct,128443
Tankeshwor (SC- 18) - GD Labs,2025-10-19,21.93,0.0,82.09,,26.4,,41.1,45.1,24.9,1710.0,2025,Oct,128443
Tankeshwor (SC- 18) - GD Labs,2025-10-20,21.77,0.0,84.38,,32.0,,49.5,45.2,23.2,2150.0,2025,Oct,128443
Tankeshwor (SC- 18) - GD Labs,2025-10-21,22.9,0.0,77.61,,32.2,,49.4,42.0,23.6,2170.0,2025,Oct,128443
Tankeshwor (SC- 18) - GD Labs,2025-10-22,23.13,0.0,78.47,,25.0,,38.8,39.9,26.1,1660.0,2025,Oct,128443
Tankeshwor (SC- 18) - GD Labs,2025-10-23,22.9,0.0,83.96,,22.9,,35.4,39.5,26.6,1540.0,2025,Oct,128443
Tankeshwor (SC- 18) - GD Labs,2025-10-24,22.27,0.0,86.59,,22.8,,35.7,39.9,26.1,1400.0,2025,Oct,128443
Tankeshwor (SC- 18) - GD Labs,2025-10-25,22.26,0.0,72.65,,25.7,,40.9,41.2,25.0,1620.0,2025,Oct,128443
Tankeshwor (SC- 18) - GD Labs,2025-10-26,22.31,0.0,60.9,,22.8,,38.4,38.6,24.7,1630.0,2025,Oct,128443
Tankeshwor (SC- 18) - GD Labs,2025-10-29,21.65,0.16,78.9,,61.2,,98.0,45.7,23.6,4560.0,2025,Oct,128443
Tankeshwor (SC- 18) - GD Labs,2025-10-30,20.18,27.94,89.18,,24.8,,38.2,58.1,21.8,1680.0,2025,Oct,128443
Tankeshwor (SC- 18) - GD Labs,2025-10-31,19.77,27.55,92.08,,11.2,,16.8,59.9,21.9,785.0,2025,Oct,128443
Tankeshwor (SC- 18) - GD Labs,2025-11-01,20.8,6.74,91.35,,1.99,,4.02,55.1,23.9,328.0,2025,Nov,116552
Tankeshwor (SC- 18) - GD Labs,2025-11-02,19.95,0.79,88.99,,11.5,,18.7,51.9,23.7,767.0,2025,Nov,116552
Tankeshwor (SC- 18) - GD Labs,2025-11-03,20.42,0.15,80.31,,21.5,,34.0,49.1,24.1,1350.0,2025,Nov,116552
Tankeshwor (SC- 18) - GD Labs,2025-11-04,21.29,0.06,75.67,,31.3,,52.9,47.6,25.0,2210.0,2025,Nov,116552
Tankeshwor (SC- 18) - GD Labs,2025-11-05,21.03,0.0,77.42,,28.4,,47.2,45.7,24.3,1920.0,2025,Nov,116552
Tankeshwor (SC- 18) - GD Labs,2025-11-06,21.09,0.0,74.44,,20.1,,32.6,43.9,24.2,1340.0,2025,Nov,116552
Tankeshwor (SC- 18) - GD Labs,2025-11-07,19.79,0.0,80.38,,23.0,,35.4,44.0,23.8,1460.0,2025,Nov,116552
Tankeshwor (SC- 18) - GD Labs,2025-11-08,19.36,0.0,78.63,,24.8,,39.1,41.9,24.0,1680.0,2025,Nov,116552
Tankeshwor (SC- 18) - GD Labs,2025-11-09,19.26,0.0,77.32,,29.7,,46.3,43.1,22.9,2050.0,2025,Nov,116552
Tankeshwor (SC- 18) - GD Labs,2025-11-10,17.99,0.0,78.49,,27.5,,42.0,42.8,22.7,1820.0,2025,Nov,116552
Tankeshwor (SC- 18) - GD Labs,2025-11-11,17.36,0.0,79.38,,31.3,,48.4,43.6,22.1,2160.0,2025,Nov,116552
Tankeshwor (SC- 18) - GD Labs,2025-11-12,17.34,0.0,78.19,,32.7,,51.3,45.4,20.6,2320.0,2025,Nov,116552
Tankeshwor (SC- 18) - GD Labs,2025-11-13,17.14,0.0,76.34,,33.8,,52.8,41.9,22.0,2380.0,2025,Nov,116552
Tankeshwor (SC- 18) - GD Labs,2025-11-14,17.23,0.0,71.59,,32.8,,51.0,45.5,20.3,2300.0,2025,Nov,116552
Tankeshwor (SC- 18) - GD Labs,2025-11-15,17.24,0.0,74.29,,33.4,,52.0,42.7,21.3,2310.0,2025,Nov,116552
Tankeshwor (SC- 18) - GD Labs,2025-11-16,17.51,0.0,70.44,,30.7,,47.8,39.5,22.3,2080.0,2025,Nov,116552
Tankeshwor (SC- 18) - GD Labs,2025-11-17,16.94,0.0,71.39,,32.3,,49.8,40.5,22.2,2240.0,2025,Nov,116552
Tankeshwor (SC- 18) - GD Labs,2025-11-18,17.25,0.0,71.82,,39.2,,60.3,44.2,21.1,2810.0,2025,Nov,116552
Tankeshwor (SC- 18) - GD Labs,2025-11-19,17.49,0.0,81.01,,34.6,,52.9,42.9,21.6,2390.0,2025,Nov,116552
Tankeshwor (SC- 18) - GD Labs,2025-11-20,17.43,0.0,82.81,,27.8,,42.1,41.9,22.4,1830.0,2025,Nov,116552
Tankeshwor (SC- 18) - GD Labs,2025-11-21,17.26,0.0,82.89,,34.8,,53.3,44.6,21.0,2480.0,2025,Nov,116552
Tankeshwor (SC- 18) - GD Labs,2025-11-22,16.72,0.0,84.6,,35.6,,53.7,44.1,20.4,2510.0,2025,Nov,116552
Tankeshwor (SC- 18) - GD Labs,2025-11-23,16.13,0.0,81.08,,43.7,,71.2,42.6,20.7,3210.0,2025,Nov,116552
Tankeshwor (SC- 18) - GD Labs,2025-11-24,15.06,0.0,78.48,,41.8,,70.1,42.8,20.5,3100.0,2025,Nov,116552
Tankeshwor (SC- 18) - GD Labs,2025-11-25,15.6,0.0,75.33,,41.2,,65.7,37.5,20.7,2970.0,2025,Nov,116552
Tankeshwor (SC- 18) - GD Labs,2025-11-26,16.08,0.0,75.38,,43.7,,68.1,40.8,19.4,3210.0,2025,Nov,116552
Tankeshwor (SC- 18) - GD Labs,2025-11-27,17.27,0.0,72.76,,60.1,,95.1,37.1,21.2,4410.0,2025,Nov,116552
Tankeshwor (SC- 18) - GD Labs,2025-11-28,17.21,0.0,70.96,,18.2,,28.4,28.6,24.9,1020.0,2025,Nov,116552
Tankeshwor (SC- 18) - GD Labs,2025-11-29,16.32,0.0,75.51,,40.0,,61.5,40.0,20.0,2990.0,2025,Nov,116552
Tankeshwor (SC- 18) - GD Labs,2025-11-30,15.7,0.0,74.13,,37.4,,56.7,38.3,20.1,2660.0,2025,Nov,116552
Tankeshwor (SC- 18) - GD Labs,2025-12-01,15.1,0.0,76.66,,54.1,,82.6,42.0,20.6,3970.0,2025,Dec,98180
Tankeshwor (SC- 18) - GD Labs,2025-12-02,14.26,0.0,67.48,,56.3,,94.8,46.3,19.6,4220.0,2025,Dec,98180
Tankeshwor (SC- 18) - GD Labs,2025-12-03,14.74,0.0,66.95,,56.9,,98.2,46.2,19.9,4290.0,2025,Dec,98180
Tankeshwor (SC- 18) - GD Labs,2025-12-04,14.68,0.0,65.29,,49.2,,89.0,42.4,19.7,3740.0,2025,Dec,98180
Tankeshwor (SC- 18) - GD Labs,2025-12-05,14.45,0.0,67.58,,40.7,,65.8,39.3,20.6,2950.0,2025,Dec,98180
Tankeshwor (SC- 18) - GD Labs,2025-12-06,13.84,0.0,67.39,,44.1,,71.8,41.1,19.3,3220.0,2025,Dec,98180
Tankeshwor (SC- 18) - GD Labs,2025-12-07,13.91,0.0,70.27,,52.0,,84.0,42.5,19.2,3900.0,2025,Dec,98180
Tankeshwor (SC- 18) - GD Labs,2025-12-08,14.56,0.0,72.41,,37.9,,59.5,39.0,21.0,2700.0,2025,Dec,98180
Tankeshwor (SC- 18) - GD Labs,2025-12-09,14.79,0.0,70.79,,52.7,,82.4,42.3,19.2,3850.0,2025,Dec,98180
Tankeshwor (SC- 18) - GD Labs,2025-12-10,14.39,0.0,66.17,,51.2,,78.8,38.7,20.3,3740.0,2025,Dec,98180
Tankeshwor (SC- 18) - GD Labs,2025-12-11,14.73,0.0,67.47,,63.7,,99.6,43.4,18.1,4670.0,2025,Dec,98180
Tankeshwor (SC- 18) - GD Labs,2025-12-12,14.89,0.0,74.38,,51.0,,77.2,41.4,18.9,3700.0,2025,Dec,98180
Tankeshwor (SC- 18) - GD Labs,2025-12-13,15.45,0.0,73.89,,66.2,,103.0,41.0,18.8,4790.0,2025,Dec,98180
Tankeshwor (SC- 18) - GD Labs,2025-12-14,15.69,0.0,76.52,,66.4,,102.0,40.7,19.1,4810.0,2025,Dec,98180
Tankeshwor (SC- 18) - GD Labs,2025-12-15,14.88,0.0,79.46,,57.4,,86.8,40.7,18.9,4150.0,2025,Dec,98180
Tankeshwor (SC- 18) - GD Labs,2025-12-16,14.33,0.0,76.23,,47.9,,72.0,40.2,19.0,3460.0,2025,Dec,98180
Tankeshwor (SC- 18) - GD Labs,2025-12-17,13.21,0.0,76.65,,57.3,,87.0,42.4,18.8,4210.0,2025,Dec,98180
Tankeshwor (SC- 18) - GD Labs,2025-12-18,14.21,0.0,68.99,,64.6,,98.7,40.1,19.0,4710.0,2025,Dec,98180
Tankeshwor (SC- 18) - GD Labs,2025-12-19,13.61,0.0,69.95,,59.0,,90.5,40.9,18.9,4270.0,2025,Dec,98180
Tankeshwor (SC- 18) - GD Labs,2025-12-20,11.98,0.0,68.85,,48.0,,73.4,42.0,18.9,3490.0,2025,Dec,98180
Tankeshwor (SC- 18) - GD Labs,2025-12-21,12.39,0.0,72.08,,58.7,,91.5,42.6,19.0,4320.0,2025,Dec,98180
Tankeshwor (SC- 18) - GD Labs,2025-12-22,13.43,0.0,74.89,,52.8,,81.3,41.6,19.3,3840.0,2025,Dec,98180
Tankeshwor (SC- 18) - GD Labs,2025-12-23,12.22,0.0,78.07,,61.8,,95.6,40.7,18.8,4480.0,2025,Dec,98180
Tankeshwor (SC- 18) - GD Labs,2025-12-24,12.0,0.0,77.9,,47.9,,74.3,41.8,18.7,3520.0,2025,Dec,98180
Tankeshwor (SC- 18) - GD Labs,2025-12-25,11.9,0.0,75.7,,46.1,,72.3,42.2,18.0,3390.0,2025,Dec,98180
Tankeshwor (SC- 18) - GD Labs,2025-12-26,12.48,0.0,73.76,,61.6,,99.0,42.8,18.3,4520.0,2025,Dec,98180
Tankeshwor (SC- 18) - GD Labs,2025-12-27,12.74,0.0,72.46,,58.8,,95.6,42.6,18.7,4350.0,2025,Dec,98180
Tankeshwor (SC- 18) - GD Labs,2025-12-28,11.74,0.0,76.27,,60.7,,98.7,42.9,18.7,4450.0,2025,Dec,98180
Tankeshwor (SC- 18) - GD Labs,2025-12-29,11.01,0.04,73.62,,56.1,,90.0,41.3,19.1,4150.0,2025,Dec,98180
Tankeshwor (SC- 18) - GD Labs,2025-12-30,9.9,0.0,70.04,,58.4,,93.0,43.2,18.2,4310.0,2025,Dec,98180
Tankeshwor (SC- 18) - GD Labs,2025-12-31,10.81,0.0,63.1,,56.1,,89.3,41.6,18.5,4120.0,2025,Dec,98180
Ramkot (SC - 10) - GD Labs,2025-10-13,18.49,0.0,82.48,,20.5,,37.2,43.4,23.8,1300.0,2025,Oct,128443
Ramkot (SC - 10) - GD Labs,2025-10-14,18.84,0.0,77.23,,26.0,,43.7,49.3,22.5,1650.0,2025,Oct,128443
Ramkot (SC - 10) - GD Labs,2025-10-15,19.4,0.0,81.77,,23.9,,40.0,47.4,23.6,1500.0,2025,Oct,128443
Ramkot (SC - 10) - GD Labs,2025-10-16,19.86,0.0,82.46,,23.8,,39.0,48.7,23.1,1480.0,2025,Oct,128443
Ramkot (SC - 10) - GD Labs,2025-10-18,19.5,0.0,84.16,,36.4,,57.9,51.5,24.6,2630.0,2025,Oct,128443
Ramkot (SC - 10) - GD Labs,2025-10-19,19.3,0.0,79.76,,24.8,,40.4,48.9,25.2,1540.0,2025,Oct,128443
Ramkot (SC - 10) - GD Labs,2025-10-20,19.36,0.0,84.37,,24.2,,39.8,46.5,23.9,1510.0,2025,Oct,128443
Ramkot (SC - 10) - GD Labs,2025-10-21,20.35,0.0,78.44,,17.4,,29.6,41.7,24.7,1150.0,2025,Oct,128443
Ramkot (SC - 10) - GD Labs,2025-10-22,20.17,0.0,77.14,,26.6,,42.0,45.5,25.0,1680.0,2025,Oct,128443
Ramkot (SC - 10) - GD Labs,2025-10-23,20.07,0.0,83.29,,28.5,,46.1,48.7,22.8,1990.0,2025,Oct,128443
Ramkot (SC - 10) - GD Labs,2025-10-24,19.45,0.0,86.59,,19.6,,33.6,50.7,23.6,1130.0,2025,Oct,128443
Ramkot (SC - 10) - GD Labs,2025-10-25,19.38,0.0,76.66,,20.9,,34.9,48.8,22.7,1140.0,2025,Oct,128443
Ramkot (SC - 10) - GD Labs,2025-10-26,19.25,0.0,63.25,,23.4,,41.1,40.9,23.8,1500.0,2025,Oct,128443
Ramkot (SC - 10) - GD Labs,2025-10-27,19.2,0.0,66.13,,31.8,,53.1,43.7,21.3,2160.0,2025,Oct,128443
Ramkot (SC - 10) - GD Labs,2025-10-28,18.31,1.01,72.87,,42.7,,69.1,52.0,21.0,3090.0,2025,Oct,128443
Ramkot (SC - 10) - GD Labs,2025-10-29,18.35,0.22,82.47,,40.6,,66.3,51.2,22.4,2890.0,2025,Oct,128443
Ramkot (SC - 10) - GD Labs,2025-10-30,17.46,31.88,88.48,,22.8,,37.8,55.8,22.1,1570.0,2025,Oct,128443
Ramkot (SC - 10) - GD Labs,2025-10-31,16.87,29.18,93.3,,10.3,,17.3,58.1,22.4,697.0,2025,Oct,128443
Ramkot (SC - 10) - GD Labs,2025-11-01,17.89,7.76,93.37,,0.0192,,0.463,60.7,22.1,160.0,2025,Nov,116552
Ramkot (SC - 10) - GD Labs,2025-11-03,17.65,0.65,84.17,,14.4,,26.2,53.8,23.0,850.0,2025,Nov,116552
Ramkot (SC - 10) - GD Labs,2025-11-04,18.63,0.14,81.45,,30.7,,53.1,51.8,24.3,2120.0,2025,Nov,116552
Ramkot (SC - 10) - GD Labs,2025-11-05,18.34,0.0,80.04,,27.6,,48.3,48.7,23.4,1790.0,2025,Nov,116552
Ramkot (SC - 10) - GD Labs,2025-11-06,18.03,0.0,75.37,,20.2,,35.6,48.3,23.2,1290.0,2025,Nov,116552
Ramkot (SC - 10) - GD Labs,2025-11-07,17.35,0.0,79.89,,22.5,,37.2,46.9,23.4,1440.0,2025,Nov,116552
Ramkot (SC - 10) - GD Labs,2025-11-08,17.09,0.0,79.39,,28.4,,45.8,50.5,21.2,1830.0,2025,Nov,116552
Ramkot (SC - 10) - GD Labs,2025-11-09,17.09,0.0,75.24,,30.6,,48.4,45.3,22.8,2060.0,2025,Nov,116552
Ramkot (SC - 10) - GD Labs,2025-11-10,16.19,0.0,73.07,,32.4,,51.1,51.3,20.2,2190.0,2025,Nov,116552
Ramkot (SC - 10) - GD Labs,2025-11-11,15.76,0.0,73.9,,28.8,,46.3,50.5,20.0,1860.0,2025,Nov,116552
Ramkot (SC - 10) - GD Labs,2025-11-12,15.45,0.0,74.36,,30.6,,50.1,53.0,18.3,2080.0,2025,Nov,116552
Ramkot (SC - 10) - GD Labs,2025-11-13,15.0,0.0,75.51,,35.8,,58.5,46.0,21.6,2550.0,2025,Nov,116552
Ramkot (SC - 10) - GD Labs,2025-11-14,14.58,0.0,70.83,,30.6,,50.1,48.9,20.1,2080.0,2025,Nov,116552
Ramkot (SC - 10) - GD Labs,2025-11-15,14.78,0.0,75.93,,35.1,,56.6,46.0,20.3,2440.0,2025,Nov,116552
Ramkot (SC - 10) - GD Labs,2025-11-16,14.88,0.0,74.77,,28.5,,45.8,50.3,18.8,1860.0,2025,Nov,116552
Ramkot (SC - 10) - GD Labs,2025-11-17,14.51,0.0,72.26,,30.8,,49.5,49.1,19.1,1990.0,2025,Nov,116552
Ramkot (SC - 10) - GD Labs,2025-11-18,15.55,0.0,67.09,,29.9,,48.0,48.8,20.2,1940.0,2025,Nov,116552
Ramkot (SC - 10) - GD Labs,2025-11-19,15.23,0.0,81.7,,29.6,,47.3,47.4,21.0,1950.0,2025,Nov,116552
Ramkot (SC - 10) - GD Labs,2025-11-20,14.72,0.0,88.0,,35.5,,57.3,47.7,20.5,2380.0,2025,Nov,116552
Ramkot (SC - 10) - GD Labs,2025-11-21,14.48,0.0,87.79,,29.2,,46.3,47.9,20.6,1900.0,2025,Nov,116552
Ramkot (SC - 10) - GD Labs,2025-11-22,14.11,0.0,88.76,,40.6,,62.7,48.1,19.2,2800.0,2025,Nov,116552
Ramkot (SC - 10) - GD Labs,2025-11-23,13.52,0.0,85.05,,40.6,,63.3,46.8,18.4,2880.0,2025,Nov,116552
Ramkot (SC - 10) - GD Labs,2025-11-24,12.56,0.0,79.1,,42.6,,75.1,46.6,19.8,3170.0,2025,Nov,116552
Ramkot (SC - 10) - GD Labs,2025-11-25,13.19,0.0,70.19,,41.1,,69.8,42.8,19.2,2930.0,2025,Nov,116552
Ramkot (SC - 10) - GD Labs,2025-11-26,13.76,0.0,76.11,,37.7,,60.9,43.0,18.8,2640.0,2025,Nov,116552
Ramkot (SC - 10) - GD Labs,2025-11-27,15.24,0.0,72.73,,35.6,,56.4,42.1,19.7,2490.0,2025,Nov,116552
Ramkot (SC - 10) - GD Labs,2025-11-28,14.73,0.0,74.04,,40.6,,63.4,45.0,18.2,2850.0,2025,Nov,116552
Ramkot (SC - 10) - GD Labs,2025-11-29,14.01,0.0,76.82,,20.8,,33.3,43.4,19.2,1220.0,2025,Nov,116552
Ramkot (SC - 10) - GD Labs,2025-11-30,13.6,0.0,75.06,,40.7,,63.5,44.6,19.3,2910.0,2025,Nov,116552
Ramkot (SC - 10) - GD Labs,2025-12-01,13.22,0.0,77.38,,46.7,,74.0,47.1,19.6,3360.0,2025,Dec,98180
Ramkot (SC - 10) - GD Labs,2025-12-02,13.09,0.0,66.35,,47.4,,79.7,49.1,18.9,3510.0,2025,Dec,98180
Ramkot (SC - 10) - GD Labs,2025-12-03,12.94,0.0,65.61,,40.3,,69.7,45.6,20.7,2990.0,2025,Dec,98180
Ramkot (SC - 10) - GD Labs,2025-12-04,12.94,0.0,59.29,,39.9,,69.3,45.8,19.5,2950.0,2025,Dec,98180
Ramkot (SC - 10) - GD Labs,2025-12-05,12.66,0.0,65.81,,36.4,,61.8,44.6,19.5,2630.0,2025,Dec,98180
Ramkot (SC - 10) - GD Labs,2025-12-06,12.34,0.0,63.16,,52.3,,87.2,43.4,20.0,3780.0,2025,Dec,98180
Ramkot (SC - 10) - GD Labs,2025-12-07,12.55,0.0,68.9,,43.9,,72.6,46.5,18.5,3200.0,2025,Dec,98180
Ramkot (SC - 10) - GD Labs,2025-12-08,13.05,0.0,70.87,,44.4,,72.8,46.5,18.6,3170.0,2025,Dec,98180
Ramkot (SC - 10) - GD Labs,2025-12-09,12.43,0.0,71.63,,46.8,,75.2,45.2,19.1,3300.0,2025,Dec,98180
Ramkot (SC - 10) - GD Labs,2025-12-10,12.29,0.0,65.67,,38.0,,60.1,46.5,18.0,2650.0,2025,Dec,98180
Ramkot (SC - 10) - GD Labs,2025-12-11,12.7,0.0,64.78,,46.5,,73.3,45.7,17.5,3310.0,2025,Dec,98180
Ramkot (SC - 10) - GD Labs,2025-12-12,12.55,0.0,74.27,,40.2,,63.0,43.3,18.8,2790.0,2025,Dec,98180
Ramkot (SC - 10) - GD Labs,2025-12-13,13.0,0.0,73.7,,46.9,,73.0,45.9,17.1,3400.0,2025,Dec,98180
Ramkot (SC - 10) - GD Labs,2025-12-14,13.45,0.0,75.69,,48.6,,76.2,42.8,18.6,3460.0,2025,Dec,98180
Ramkot (SC - 10) - GD Labs,2025-12-15,12.67,0.0,81.06,,47.9,,74.5,43.2,18.6,3330.0,2025,Dec,98180
Ramkot (SC - 10) - GD Labs,2025-12-16,11.97,0.0,78.57,,42.4,,64.9,43.3,17.6,2980.0,2025,Dec,98180
Ramkot (SC - 10) - GD Labs,2025-12-17,11.15,0.0,75.72,,65.1,,101.0,48.2,16.6,4760.0,2025,Dec,98180
Ramkot (SC - 10) - GD Labs,2025-12-18,12.32,0.0,68.39,,49.7,,77.4,43.5,18.2,3580.0,2025,Dec,98180
Ramkot (SC - 10) - GD Labs,2025-12-19,11.73,0.0,71.31,,53.3,,83.7,43.5,18.5,3790.0,2025,Dec,98180
Ramkot (SC - 10) - GD Labs,2025-12-20,10.4,0.0,69.77,,44.6,,70.9,46.1,17.6,3240.0,2025,Dec,98180
Ramkot (SC - 10) - GD Labs,2025-12-21,10.47,0.0,74.81,,52.3,,82.9,46.8,18.0,3780.0,2025,Dec,98180
Ramkot (SC - 10) - GD Labs,2025-12-22,11.72,0.0,75.07,,45.8,,72.8,47.4,17.7,3280.0,2025,Dec,98180
Ramkot (SC - 10) - GD Labs,2025-12-23,11.39,0.0,75.35,,38.1,,59.8,40.2,19.5,2580.0,2025,Dec,98180
Ramkot (SC - 10) - GD Labs,2025-12-24,10.34,0.0,77.25,,44.6,,72.7,44.2,18.7,3310.0,2025,Dec,98180
Ramkot (SC - 10) - GD Labs,2025-12-25,9.77,0.0,76.42,,43.0,,69.9,44.2,18.2,3120.0,2025,Dec,98180
Ramkot (SC - 10) - GD Labs,2025-12-26,10.48,0.0,76.76,,52.2,,86.3,45.7,18.1,3830.0,2025,Dec,98180
Ramkot (SC - 10) - GD Labs,2025-12-27,11.1,0.0,72.48,,59.6,,100.0,46.8,17.2,4400.0,2025,Dec,98180
Ramkot (SC - 10) - GD Labs,2025-12-28,10.68,0.0,74.18,,44.3,,73.9,45.4,18.6,3230.0,2025,Dec,98180
Ramkot (SC - 10) - GD Labs,2025-12-29,9.68,0.0,72.77,,55.5,,90.4,49.2,15.9,4050.0,2025,Dec,98180
Ramkot (SC - 10) - GD Labs,2025-12-30,8.5,0.0,70.64,,57.2,,93.7,50.3,16.4,4190.0,2025,Dec,98180
Ramkot (SC - 10) - GD Labs,2025-12-31,9.21,0.0,63.44,,65.0,,109.0,49.4,16.1,4790.0,2025,Dec,98180
Kritipur Ward 3 (SC-25) - GD Labs,2025-10-14,21.33,0.0,75.08,,23.6,,39.4,41.3,25.7,1510.0,2025,Oct,128443
Kritipur Ward 3 (SC-25) - GD Labs,2025-10-15,21.74,0.0,81.07,,24.2,,39.4,43.1,24.7,1600.0,2025,Oct,128443
Kritipur Ward 3 (SC-25) - GD Labs,2025-10-16,22.3,0.0,81.31,,23.7,,37.0,43.1,25.1,1500.0,2025,Oct,128443
Kritipur Ward 3 (SC-25) - GD Labs,2025-10-17,22.6,0.0,81.69,,25.8,,39.8,44.1,26.6,1630.0,2025,Oct,128443
Kritipur Ward 3 (SC-25) - GD Labs,2025-10-18,22.07,0.0,85.89,,23.6,,36.7,43.5,27.0,1480.0,2025,Oct,128443
Kritipur Ward 3 (SC-25) - GD Labs,2025-10-19,21.93,0.0,82.09,,23.4,,37.2,42.3,26.8,1460.0,2025,Oct,128443
Kritipur Ward 3 (SC-25) - GD Labs,2025-10-20,21.77,0.0,84.38,,21.7,,35.0,38.2,25.9,1360.0,2025,Oct,128443
Kritipur Ward 3 (SC-25) - GD Labs,2025-10-21,22.9,0.0,77.61,,19.2,,31.0,35.4,26.4,1260.0,2025,Oct,128443
Kritipur Ward 3 (SC-25) - GD Labs,2025-10-22,23.13,0.0,78.47,,24.9,,39.2,39.5,26.0,1650.0,2025,Oct,128443
Kritipur Ward 3 (SC-25) - GD Labs,2025-10-23,22.9,0.0,83.96,,19.6,,30.7,41.0,25.9,1200.0,2025,Oct,128443
Kritipur Ward 3 (SC-25) - GD Labs,2025-10-24,22.27,0.0,86.59,,20.1,,33.4,41.7,25.8,1280.0,2025,Oct,128443
Kritipur Ward 3 (SC-25) - GD Labs,2025-10-25,22.26,0.0,72.65,,26.1,,42.4,41.4,25.5,1660.0,2025,Oct,128443
Kritipur Ward 3 (SC-25) - GD Labs,2025-10-26,22.31,0.0,60.9,,29.6,,47.8,43.6,24.5,1980.0,2025,Oct,128443
Kritipur Ward 3 (SC-25) - GD Labs,2025-10-27,22.36,0.03,63.11,,31.3,,49.3,33.2,24.8,2120.0,2025,Oct,128443
Kritipur Ward 3 (SC-25) - GD Labs,2025-10-28,21.11,1.93,72.2,,34.6,,54.8,48.1,21.7,2420.0,2025,Oct,128443
Kritipur Ward 3 (SC-25) - GD Labs,2025-10-29,21.65,0.16,78.9,,39.8,,64.0,51.7,21.8,2950.0,2025,Oct,128443
Kritipur Ward 3 (SC-25) - GD Labs,2025-10-30,20.18,27.94,89.18,,21.6,,33.7,58.5,21.6,1430.0,2025,Oct,128443
Kritipur Ward 3 (SC-25) - GD Labs,2025-10-31,19.77,27.55,92.08,,13.7,,21.0,61.3,21.9,877.0,2025,Oct,128443
Kritipur Ward 3 (SC-25) - GD Labs,2025-11-01,20.8,6.74,91.35,,1.5,,3.18,61.5,22.2,305.0,2025,Nov,116552
Kritipur Ward 3 (SC-25) - GD Labs,2025-11-02,19.95,0.79,88.99,,10.1,,16.6,57.1,22.6,710.0,2025,Nov,116552
Kritipur Ward 3 (SC-25) - GD Labs,2025-11-03,20.42,0.15,80.31,,17.7,,29.8,51.0,24.0,1110.0,2025,Nov,116552
Kritipur Ward 3 (SC-25) - GD Labs,2025-11-04,21.29,0.06,75.67,,30.4,,52.1,50.7,24.5,2130.0,2025,Nov,116552
Kritipur Ward 3 (SC-25) - GD Labs,2025-11-05,21.03,0.0,77.42,,25.3,,43.0,47.1,23.9,1670.0,2025,Nov,116552
Kritipur Ward 3 (SC-25) - GD Labs,2025-11-06,21.09,0.0,74.44,,20.3,,33.5,46.8,23.6,1310.0,2025,Nov,116552
Kritipur Ward 3 (SC-25) - GD Labs,2025-11-07,19.79,0.0,80.38,,22.4,,35.9,46.5,23.0,1480.0,2025,Nov,116552
Kritipur Ward 3 (SC-25) - GD Labs,2025-11-08,19.36,0.0,78.63,,25.0,,40.4,43.9,22.7,1720.0,2025,Nov,116552
Kritipur Ward 3 (SC-25) - GD Labs,2025-11-09,19.26,0.0,77.32,,25.7,,40.1,44.4,22.4,1710.0,2025,Nov,116552
Kritipur Ward 3 (SC-25) - GD Labs,2025-11-10,17.99,0.0,78.49,,29.1,,45.2,44.4,21.9,1960.0,2025,Nov,116552
Kritipur Ward 3 (SC-25) - GD Labs,2025-11-11,17.36,0.0,79.38,,29.1,,45.4,45.1,21.5,1950.0,2025,Nov,116552
Kritipur Ward 3 (SC-25) - GD Labs,2025-11-12,17.34,0.0,78.19,,31.9,,50.5,46.9,20.1,2220.0,2025,Nov,116552
Kritipur Ward 3 (SC-25) - GD Labs,2025-11-13,17.14,0.0,76.34,,31.0,,50.1,44.9,20.8,2180.0,2025,Nov,116552
Kritipur Ward 3 (SC-25) - GD Labs,2025-11-14,17.23,0.0,71.59,,33.5,,53.4,47.5,19.9,2390.0,2025,Nov,116552
Kritipur Ward 3 (SC-25) - GD Labs,2025-11-15,17.24,0.0,74.29,,32.6,,51.2,45.0,20.3,2310.0,2025,Nov,116552
Kritipur Ward 3 (SC-25) - GD Labs,2025-11-16,17.51,0.0,70.44,,32.7,,52.1,45.4,20.1,2310.0,2025,Nov,116552
Kritipur Ward 3 (SC-25) - GD Labs,2025-11-17,16.94,0.0,71.39,,36.6,,58.6,45.3,20.0,2640.0,2025,Nov,116552
Kritipur Ward 3 (SC-25) - GD Labs,2025-11-18,17.25,0.0,71.82,,34.8,,55.0,45.6,20.3,2480.0,2025,Nov,116552
Kritipur Ward 3 (SC-25) - GD Labs,2025-11-19,17.49,0.0,81.01,,36.3,,56.7,47.1,20.1,2630.0,2025,Nov,116552
Kritipur Ward 3 (SC-25) - GD Labs,2025-11-20,17.43,0.0,82.81,,29.0,,44.3,45.0,21.1,1980.0,2025,Nov,116552
Kritipur Ward 3 (SC-25) - GD Labs,2025-11-21,17.26,0.0,82.89,,31.4,,48.0,47.1,20.1,2210.0,2025,Nov,116552
Kritipur Ward 3 (SC-25) - GD Labs,2025-11-22,16.72,0.0,84.6,,32.8,,50.1,46.6,19.6,2290.0,2025,Nov,116552
Kritipur Ward 3 (SC-25) - GD Labs,2025-11-23,16.13,0.0,81.08,,35.4,,56.7,46.4,19.1,2510.0,2025,Nov,116552
Kritipur Ward 3 (SC-25) - GD Labs,2025-11-24,15.06,0.0,78.48,,43.4,,74.2,46.4,19.3,3260.0,2025,Nov,116552
Kritipur Ward 3 (SC-25) - GD Labs,2025-11-25,15.6,0.0,75.33,,46.7,,78.0,43.1,18.9,3510.0,2025,Nov,116552
Kritipur Ward 3 (SC-25) - GD Labs,2025-11-26,16.08,0.0,75.38,,42.4,,67.2,42.0,18.7,3120.0,2025,Nov,116552
Kritipur Ward 3 (SC-25) - GD Labs,2025-11-27,17.27,0.0,72.76,,50.1,,79.5,43.7,18.9,3720.0,2025,Nov,116552
Kritipur Ward 3 (SC-25) - GD Labs,2025-11-28,17.21,0.0,70.96,,44.9,,69.4,41.7,19.0,3320.0,2025,Nov,116552
Kritipur Ward 3 (SC-25) - GD Labs,2025-11-29,16.32,0.0,75.51,,41.9,,65.3,41.5,18.8,3110.0,2025,Nov,116552
Kritipur Ward 3 (SC-25) - GD Labs,2025-11-30,15.7,0.0,74.13,,40.8,,62.7,42.6,18.6,2950.0,2025,Nov,116552
Kritipur Ward 3 (SC-25) - GD Labs,2025-12-01,15.1,0.0,76.66,,47.1,,74.5,47.5,18.7,3520.0,2025,Dec,98180
Kritipur Ward 3 (SC-25) - GD Labs,2025-12-02,14.26,0.0,67.48,,50.7,,83.7,48.6,18.8,3800.0,2025,Dec,98180
Kritipur Ward 3 (SC-25) - GD Labs,2025-12-03,14.74,0.0,66.95,,50.2,,85.2,48.2,19.1,3800.0,2025,Dec,98180
Kritipur Ward 3 (SC-25) - GD Labs,2025-12-04,14.68,0.0,65.29,,37.0,,61.3,43.6,18.8,2770.0,2025,Dec,98180
Kritipur Ward 3 (SC-25) - GD Labs,2025-12-05,14.45,0.0,67.58,,55.2,,113.0,44.2,18.7,4360.0,2025,Dec,98180
Kritipur Ward 3 (SC-25) - GD Labs,2025-12-06,13.84,0.0,67.39,,41.5,,67.6,41.8,18.9,3070.0,2025,Dec,98180
Kritipur Ward 3 (SC-25) - GD Labs,2025-12-07,13.91,0.0,70.27,,45.6,,74.0,41.4,19.6,3450.0,2025,Dec,98180
Kritipur Ward 3 (SC-25) - GD Labs,2025-12-08,14.56,0.0,72.41,,45.9,,74.5,41.2,19.8,3390.0,2025,Dec,98180
Kritipur Ward 3 (SC-25) - GD Labs,2025-12-09,14.79,0.0,70.79,,47.2,,74.7,41.1,19.7,3480.0,2025,Dec,98180
Kritipur Ward 3 (SC-25) - GD Labs,2025-12-10,14.39,0.0,66.17,,41.1,,64.3,40.8,19.3,3010.0,2025,Dec,98180
Kritipur Ward 3 (SC-25) - GD Labs,2025-12-11,14.73,0.0,67.47,,40.6,,63.3,42.8,17.9,2990.0,2025,Dec,98180
Kritipur Ward 3 (SC-25) - GD Labs,2025-12-12,14.89,0.0,74.38,,45.2,,69.7,42.6,17.9,3320.0,2025,Dec,98180
Kritipur Ward 3 (SC-25) - GD Labs,2025-12-13,15.45,0.0,73.89,,55.7,,86.0,42.6,17.8,4140.0,2025,Dec,98180
Kritipur Ward 3 (SC-25) - GD Labs,2025-12-14,15.69,0.0,76.52,,51.3,,79.0,42.7,17.9,3800.0,2025,Dec,98180
Kritipur Ward 3 (SC-25) - GD Labs,2025-12-15,14.88,0.0,79.46,,49.0,,75.5,42.7,17.8,3610.0,2025,Dec,98180
Kritipur Ward 3 (SC-25) - GD Labs,2025-12-16,14.33,0.0,76.23,,52.1,,85.4,41.2,18.0,3820.0,2025,Dec,98180
Kritipur Ward 3 (SC-25) - GD Labs,2025-12-17,13.21,0.0,76.65,,63.8,,116.0,40.9,19.2,5060.0,2025,Dec,98180
Kritipur Ward 3 (SC-25) - GD Labs,2025-12-18,14.21,0.0,68.99,,57.7,,89.0,41.1,18.3,4340.0,2025,Dec,98180
Kritipur Ward 3 (SC-25) - GD Labs,2025-12-21,12.39,0.0,72.08,,45.7,,72.8,40.8,20.5,3390.0,2025,Dec,98180
Kritipur Ward 3 (SC-25) - GD Labs,2025-12-22,13.43,0.0,74.89,,49.4,,76.7,41.1,19.1,3670.0,2025,Dec,98180
Kritipur Ward 3 (SC-25) - GD Labs,2025-12-23,12.22,0.0,78.07,,48.3,,75.8,38.2,19.3,3520.0,2025,Dec,98180
Kritipur Ward 3 (SC-25) - GD Labs,2025-12-24,12.0,0.0,77.9,,49.9,,79.4,41.1,18.9,3760.0,2025,Dec,98180
Kritipur Ward 3 (SC-25) - GD Labs,2025-12-25,11.9,0.0,75.7,,57.7,,92.7,42.0,18.2,4360.0,2025,Dec,98180
Kritipur Ward 3 (SC-25) - GD Labs,2025-12-26,12.48,0.0,73.76,,52.3,,85.9,41.3,18.7,3940.0,2025,Dec,98180
Kritipur Ward 3 (SC-25) - GD Labs,2025-12-27,12.74,0.0,72.46,,57.2,,94.2,41.8,18.6,4290.0,2025,Dec,98180
Kritipur Ward 3 (SC-25) - GD Labs,2025-12-28,11.74,0.0,76.27,,55.9,,92.3,45.6,17.6,4190.0,2025,Dec,98180
Kritipur Ward 3 (SC-25) - GD Labs,2025-12-29,11.01,0.04,73.62,,48.0,,78.1,46.3,17.2,3610.0,2025,Dec,98180
Kritipur Ward 3 (SC-25) - GD Labs,2025-12-30,9.9,0.0,70.04,,53.1,,86.4,46.8,16.9,4000.0,2025,Dec,98180
Kritipur Ward 3 (SC-25) - GD Labs,2025-12-31,10.81,0.0,63.1,,60.5,,99.1,46.5,16.9,4530.0,2025,Dec,98180
Tyanglaphat (SC - 21) - GD Labs,2025-10-14,21.33,0.0,75.08,,22.6,,39.2,44.5,25.2,1360.0,2025,Oct,128443
Tyanglaphat (SC - 21) - GD Labs,2025-10-15,21.74,0.0,81.07,,22.0,,37.2,47.3,23.4,1460.0,2025,Oct,128443
Tyanglaphat (SC - 21) - GD Labs,2025-10-16,22.3,0.0,81.31,,27.4,,42.2,47.9,23.6,1530.0,2025,Oct,128443
Tyanglaphat (SC - 21) - GD Labs,2025-10-17,22.6,0.0,81.69,,26.3,,41.4,51.8,24.1,1700.0,2025,Oct,128443
Tyanglaphat (SC - 21) - GD Labs,2025-10-18,22.07,0.0,85.89,,23.0,,36.6,51.2,24.7,1460.0,2025,Oct,128443
Tyanglaphat (SC - 21) - GD Labs,2025-10-19,21.93,0.0,82.09,,22.0,,35.7,50.8,23.9,1350.0,2025,Oct,128443
Tyanglaphat (SC - 21) - GD Labs,2025-10-20,21.77,0.0,84.38,,27.1,,44.9,53.7,20.5,1780.0,2025,Oct,128443
Tyanglaphat (SC - 21) - GD Labs,2025-10-26,22.31,0.0,60.9,,22.7,,37.7,32.0,22.8,1560.0,2025,Oct,128443
Tyanglaphat (SC - 21) - GD Labs,2025-10-27,22.36,0.03,63.11,,23.9,,38.8,40.5,21.8,1510.0,2025,Oct,128443
Tyanglaphat (SC - 21) - GD Labs,2025-10-28,21.11,1.93,72.2,,33.1,,52.7,53.1,20.2,2320.0,2025,Oct,128443
Tyanglaphat (SC - 21) - GD Labs,2025-10-29,21.65,0.16,78.9,,39.5,,63.9,54.4,21.4,2960.0,2025,Oct,128443
Tyanglaphat (SC - 21) - GD Labs,2025-10-30,20.18,27.94,89.18,,24.0,,38.7,62.1,20.6,1660.0,2025,Oct,128443
Tyanglaphat (SC - 21) - GD Labs,2025-10-31,19.77,27.55,92.08,,11.2,,17.1,63.7,21.3,747.0,2025,Oct,128443
Tyanglaphat (SC - 21) - GD Labs,2025-11-01,20.8,6.74,91.35,,0.931,,2.09,63.6,21.6,259.0,2025,Nov,116552
Tyanglaphat (SC - 21) - GD Labs,2025-11-02,19.95,0.79,88.99,,7.33,,13.2,58.8,21.9,566.0,2025,Nov,116552
Tyanglaphat (SC - 21) - GD Labs,2025-11-03,20.42,0.15,80.31,,16.1,,27.9,53.8,23.1,999.0,2025,Nov,116552
Tyanglaphat (SC - 21) - GD Labs,2025-11-04,21.29,0.06,75.67,,28.6,,51.4,53.8,23.7,2010.0,2025,Nov,116552
Tyanglaphat (SC - 21) - GD Labs,2025-11-05,21.03,0.0,77.42,,23.1,,41.5,51.0,22.7,1540.0,2025,Nov,116552
Tyanglaphat (SC - 21) - GD Labs,2025-11-06,21.09,0.0,74.44,,17.7,,30.4,50.7,22.4,1120.0,2025,Nov,116552
Tyanglaphat (SC - 21) - GD Labs,2025-11-07,19.79,0.0,80.38,,18.5,,31.2,49.8,22.0,1230.0,2025,Nov,116552
Tyanglaphat (SC - 21) - GD Labs,2025-11-08,19.36,0.0,78.63,,23.3,,38.9,53.5,19.1,1550.0,2025,Nov,116552
Tyanglaphat (SC - 21) - GD Labs,2025-11-09,19.26,0.0,77.32,,23.8,,38.8,46.5,22.6,1620.0,2025,Nov,116552
Tyanglaphat (SC - 21) - GD Labs,2025-11-10,17.99,0.0,78.49,,24.4,,38.6,48.3,21.0,1570.0,2025,Nov,116552
Tyanglaphat (SC - 21) - GD Labs,2025-11-11,17.36,0.0,79.38,,26.3,,42.3,49.8,20.1,1750.0,2025,Nov,116552
Tyanglaphat (SC - 21) - GD Labs,2025-11-12,17.34,0.0,78.19,,29.5,,47.1,53.5,18.4,2030.0,2025,Nov,116552
Tyanglaphat (SC - 21) - GD Labs,2025-11-13,17.14,0.0,76.34,,29.0,,47.0,49.4,19.9,2050.0,2025,Nov,116552
Tyanglaphat (SC - 21) - GD Labs,2025-11-14,17.23,0.0,71.59,,32.1,,51.5,53.1,18.2,2290.0,2025,Nov,116552
Tyanglaphat (SC - 21) - GD Labs,2025-11-15,17.24,0.0,74.29,,30.5,,48.4,47.6,20.1,2110.0,2025,Nov,116552
Tyanglaphat (SC - 21) - GD Labs,2025-11-16,17.51,0.0,70.44,,31.2,,50.2,45.2,20.8,2170.0,2025,Nov,116552
Tyanglaphat (SC - 21) - GD Labs,2025-11-17,16.94,0.0,71.39,,31.5,,50.3,45.9,20.4,2210.0,2025,Nov,116552
Tyanglaphat (SC - 21) - GD Labs,2025-11-18,17.25,0.0,71.82,,30.6,,48.6,46.8,20.5,2130.0,2025,Nov,116552
Tyanglaphat (SC - 21) - GD Labs,2025-11-19,17.49,0.0,81.01,,33.8,,53.0,49.1,19.8,2400.0,2025,Nov,116552
Tyanglaphat (SC - 21) - GD Labs,2025-11-20,17.43,0.0,82.81,,29.0,,44.8,47.3,20.6,1980.0,2025,Nov,116552
Tyanglaphat (SC - 21) - GD Labs,2025-11-21,17.26,0.0,82.89,,28.0,,43.1,47.3,20.4,1910.0,2025,Nov,116552
Tyanglaphat (SC - 21) - GD Labs,2025-11-22,16.72,0.0,84.6,,30.4,,46.7,47.0,19.8,2070.0,2025,Nov,116552
Tyanglaphat (SC - 21) - GD Labs,2025-11-23,16.13,0.0,81.08,,33.3,,54.1,46.5,19.7,2370.0,2025,Nov,116552
Tyanglaphat (SC - 21) - GD Labs,2025-11-24,15.06,0.0,78.48,,37.8,,66.3,48.1,19.0,2830.0,2025,Nov,116552
Tyanglaphat (SC - 21) - GD Labs,2025-11-25,15.6,0.0,75.33,,39.6,,68.6,46.9,18.0,2960.0,2025,Nov,116552
Tyanglaphat (SC - 21) - GD Labs,2025-11-26,16.08,0.0,75.38,,35.3,,56.6,45.6,17.9,2550.0,2025,Nov,116552
Tyanglaphat (SC - 21) - GD Labs,2025-11-27,17.27,0.0,72.76,,44.1,,69.8,46.1,18.4,3280.0,2025,Nov,116552
Tyanglaphat (SC - 21) - GD Labs,2025-11-28,17.21,0.0,70.96,,41.2,,63.7,45.6,18.3,3020.0,2025,Nov,116552
Tyanglaphat (SC - 21) - GD Labs,2025-11-29,16.32,0.0,75.51,,34.2,,52.4,45.4,17.9,2490.0,2025,Nov,116552
Tyanglaphat (SC - 21) - GD Labs,2025-11-30,15.7,0.0,74.13,,38.8,,59.1,46.7,18.0,2790.0,2025,Nov,116552
Tyanglaphat (SC - 21) - GD Labs,2025-12-01,15.1,0.0,76.66,,44.9,,70.7,50.7,18.2,3350.0,2025,Dec,98180
Tyanglaphat (SC - 21) - GD Labs,2025-12-02,14.26,0.0,67.48,,50.1,,83.6,52.1,18.0,3770.0,2025,Dec,98180
Tyanglaphat (SC - 21) - GD Labs,2025-12-03,14.74,0.0,66.95,,46.5,,80.0,50.5,18.7,3520.0,2025,Dec,98180
Tyanglaphat (SC - 21) - GD Labs,2025-12-04,14.68,0.0,65.29,,36.4,,61.6,44.4,19.4,2730.0,2025,Dec,98180
Tyanglaphat (SC - 21) - GD Labs,2025-12-05,14.45,0.0,67.58,,34.3,,56.9,44.7,19.1,2490.0,2025,Dec,98180
Tyanglaphat (SC - 21) - GD Labs,2025-12-06,13.84,0.0,67.39,,37.6,,62.3,44.0,18.7,2780.0,2025,Dec,98180
Tyanglaphat (SC - 21) - GD Labs,2025-12-07,13.91,0.0,70.27,,45.8,,75.3,45.8,18.4,3450.0,2025,Dec,98180
Tyanglaphat (SC - 21) - GD Labs,2025-12-08,14.56,0.0,72.41,,45.1,,74.5,47.4,18.3,3330.0,2025,Dec,98180
Tyanglaphat (SC - 21) - GD Labs,2025-12-09,14.79,0.0,70.79,,42.6,,67.8,47.2,17.9,3140.0,2025,Dec,98180
Tyanglaphat (SC - 21) - GD Labs,2025-12-10,14.39,0.0,66.17,,43.4,,68.2,47.4,17.5,3170.0,2025,Dec,98180
Tyanglaphat (SC - 21) - GD Labs,2025-12-11,14.73,0.0,67.47,,42.8,,67.8,46.3,17.4,3150.0,2025,Dec,98180
Tyanglaphat (SC - 21) - GD Labs,2025-12-12,14.89,0.0,74.38,,41.0,,63.2,46.1,17.2,2980.0,2025,Dec,98180
Tyanglaphat (SC - 21) - GD Labs,2025-12-13,15.45,0.0,73.89,,49.4,,75.9,45.8,17.2,3620.0,2025,Dec,98180
Tyanglaphat (SC - 21) - GD Labs,2025-12-14,15.69,0.0,76.52,,46.6,,71.7,46.8,17.1,3390.0,2025,Dec,98180
Tyanglaphat (SC - 21) - GD Labs,2025-12-15,14.88,0.0,79.46,,39.9,,60.8,45.3,17.4,2900.0,2025,Dec,98180
Tyanglaphat (SC - 21) - GD Labs,2025-12-16,14.33,0.0,76.23,,38.4,,58.1,42.7,18.1,2790.0,2025,Dec,98180
Tyanglaphat (SC - 21) - GD Labs,2025-12-17,13.21,0.0,76.65,,49.7,,76.6,45.1,18.2,3710.0,2025,Dec,98180
Tyanglaphat (SC - 21) - GD Labs,2025-12-18,14.21,0.0,68.99,,52.7,,81.0,42.0,18.6,3900.0,2025,Dec,98180
Tyanglaphat (SC - 21) - GD Labs,2025-12-19,13.61,0.0,69.95,,47.7,,73.1,43.4,18.0,3500.0,2025,Dec,98180
Tyanglaphat (SC - 21) - GD Labs,2025-12-20,11.98,0.0,68.85,,46.7,,72.9,47.6,17.1,3430.0,2025,Dec,98180
Tyanglaphat (SC - 21) - GD Labs,2025-12-21,12.39,0.0,72.08,,50.1,,79.1,47.9,17.7,3710.0,2025,Dec,98180
Tyanglaphat (SC - 21) - GD Labs,2025-12-22,13.43,0.0,74.89,,45.1,,70.6,45.2,17.9,3300.0,2025,Dec,98180
Tyanglaphat (SC - 21) - GD Labs,2025-12-23,12.22,0.0,78.07,,48.3,,74.9,46.8,16.6,3540.0,2025,Dec,98180
Tyanglaphat (SC - 21) - GD Labs,2025-12-24,12.0,0.0,77.9,,47.3,,75.4,47.5,17.1,3520.0,2025,Dec,98180
Tyanglaphat (SC - 21) - GD Labs,2025-12-25,11.9,0.0,75.7,,42.1,,68.3,49.2,16.3,3140.0,2025,Dec,98180
Tyanglaphat (SC - 21) - GD Labs,2025-12-26,12.48,0.0,73.76,,49.1,,81.5,45.5,18.3,3650.0,2025,Dec,98180
Tyanglaphat (SC - 21) - GD Labs,2025-12-27,12.74,0.0,72.46,,55.1,,92.5,49.5,16.4,4110.0,2025,Dec,98180
Tyanglaphat (SC - 21) - GD Labs,2025-12-28,11.74,0.0,76.27,,51.5,,86.0,49.9,16.6,3830.0,2025,Dec,98180
Tyanglaphat (SC - 21) - GD Labs,2025-12-29,11.01,0.04,73.62,,47.3,,78.3,51.1,16.0,3530.0,2025,Dec,98180
Tyanglaphat (SC - 21) - GD Labs,2025-12-30,9.9,0.0,70.04,,54.2,,89.6,50.9,16.1,4030.0,2025,Dec,98180
Tyanglaphat (SC - 21) - GD Labs,2025-12-31,10.81,0.0,63.1,,59.1,,97.2,46.6,17.5,4390.0,2025,Dec,98180
Sanepa (SC - 22) - GD Labs,2025-10-14,21.33,0.0,75.08,,22.8,,37.4,38.8,26.8,1430.0,2025,Oct,128443
Sanepa (SC - 22) - GD Labs,2025-10-15,21.74,0.0,81.07,,22.9,,37.5,40.1,26.2,1540.0,2025,Oct,128443
Sanepa (SC - 22) - GD Labs,2025-10-16,22.3,0.0,81.31,,25.8,,40.1,43.1,24.9,1670.0,2025,Oct,128443
Sanepa (SC - 22) - GD Labs,2025-10-17,22.6,0.0,81.69,,24.8,,38.4,42.3,27.4,1610.0,2025,Oct,128443
Sanepa (SC - 22) - GD Labs,2025-10-18,22.07,0.0,85.89,,22.5,,35.1,41.6,27.6,1460.0,2025,Oct,128443
Sanepa (SC - 22) - GD Labs,2025-10-19,21.93,0.0,82.09,,21.4,,34.0,40.1,27.3,1370.0,2025,Oct,128443
Sanepa (SC - 22) - GD Labs,2025-10-20,21.77,0.0,84.38,,23.9,,37.8,38.6,25.8,1610.0,2025,Oct,128443
Sanepa (SC - 22) - GD Labs,2025-10-21,22.9,0.0,77.61,,19.7,,31.7,35.7,26.6,1320.0,2025,Oct,128443
Sanepa (SC - 22) - GD Labs,2025-10-22,23.13,0.0,78.47,,21.4,,33.6,38.3,26.6,1400.0,2025,Oct,128443
Sanepa (SC - 22) - GD Labs,2025-10-23,22.9,0.0,83.96,,20.4,,31.6,40.2,26.6,1300.0,2025,Oct,128443
Sanepa (SC - 22) - GD Labs,2025-10-24,22.27,0.0,86.59,,19.0,,30.9,40.0,26.7,1140.0,2025,Oct,128443
Sanepa (SC - 22) - GD Labs,2025-10-25,22.26,0.0,72.65,,21.7,,36.1,38.9,26.3,1370.0,2025,Oct,128443
Sanepa (SC - 22) - GD Labs,2025-10-26,22.31,0.0,60.9,,22.4,,37.8,33.9,26.2,1510.0,2025,Oct,128443
Sanepa (SC - 22) - GD Labs,2025-10-27,22.36,0.03,63.11,,28.5,,45.4,36.1,23.1,2020.0,2025,Oct,128443
Sanepa (SC - 22) - GD Labs,2025-10-28,21.11,1.93,72.2,,33.7,,52.4,44.7,22.5,2430.0,2025,Oct,128443
Sanepa (SC - 22) - GD Labs,2025-10-29,21.65,0.16,78.9,,43.5,,69.2,47.8,23.1,3340.0,2025,Oct,128443
Sanepa (SC - 22) - GD Labs,2025-10-30,20.18,27.94,89.18,,26.0,,40.4,54.8,22.4,1810.0,2025,Oct,128443
Sanepa (SC - 22) - GD Labs,2025-10-31,19.77,27.55,92.08,,14.0,,20.7,56.6,23.1,942.0,2025,Oct,128443
Sanepa (SC - 22) - GD Labs,2025-11-01,20.8,6.74,91.35,,3.64,,6.28,55.7,23.7,441.0,2025,Nov,116552
Sanepa (SC - 22) - GD Labs,2025-11-02,19.95,0.79,88.99,,8.9,,15.2,51.5,23.8,667.0,2025,Nov,116552
Sanepa (SC - 22) - GD Labs,2025-11-03,20.42,0.15,80.31,,19.1,,31.3,44.6,25.9,1220.0,2025,Nov,116552
Sanepa (SC - 22) - GD Labs,2025-11-04,21.29,0.06,75.67,,28.8,,48.9,43.2,26.3,2020.0,2025,Nov,116552
Sanepa (SC - 22) - GD Labs,2025-11-05,21.03,0.0,77.42,,24.4,,41.4,41.1,26.1,1650.0,2025,Nov,116552
Sanepa (SC - 22) - GD Labs,2025-11-06,21.09,0.0,74.44,,15.9,,26.6,40.1,26.0,1060.0,2025,Nov,116552
Sanepa (SC - 22) - GD Labs,2025-11-07,19.79,0.0,80.38,,18.4,,30.1,40.6,25.4,1210.0,2025,Nov,116552
Sanepa (SC - 22) - GD Labs,2025-11-08,19.36,0.0,78.63,,23.3,,37.7,39.1,24.9,1640.0,2025,Nov,116552
Sanepa (SC - 22) - GD Labs,2025-11-09,19.26,0.0,77.32,,24.3,,37.7,40.1,24.3,1620.0,2025,Nov,116552
Sanepa (SC - 22) - GD Labs,2025-11-10,17.99,0.0,78.49,,24.3,,37.5,40.1,23.8,1610.0,2025,Nov,116552
Sanepa (SC - 22) - GD Labs,2025-11-11,17.36,0.0,79.38,,27.4,,42.7,40.1,23.7,1880.0,2025,Nov,116552
Sanepa (SC - 22) - GD Labs,2025-11-12,17.34,0.0,78.19,,32.2,,50.6,42.3,21.6,2310.0,2025,Nov,116552
Sanepa (SC - 22) - GD Labs,2025-11-13,17.14,0.0,76.34,,28.6,,45.1,39.2,22.9,2010.0,2025,Nov,116552
Sanepa (SC - 22) - GD Labs,2025-11-14,17.23,0.0,71.59,,29.5,,45.9,42.8,21.2,2030.0,2025,Nov,116552
Sanepa (SC - 22) - GD Labs,2025-11-15,17.24,0.0,74.29,,29.5,,45.7,39.2,22.7,2040.0,2025,Nov,116552
Sanepa (SC - 22) - GD Labs,2025-11-16,17.51,0.0,70.44,,29.8,,46.4,39.2,22.4,2050.0,2025,Nov,116552
Sanepa (SC - 22) - GD Labs,2025-11-17,16.94,0.0,71.39,,31.1,,48.2,39.6,22.1,2180.0,2025,Nov,116552
Sanepa (SC - 22) - GD Labs,2025-11-18,17.25,0.0,71.82,,33.2,,51.1,40.0,22.9,2410.0,2025,Nov,116552
Sanepa (SC - 22) - GD Labs,2025-11-19,17.49,0.0,81.01,,30.1,,45.5,40.0,22.8,2080.0,2025,Nov,116552
Sanepa (SC - 22) - GD Labs,2025-11-20,17.43,0.0,82.81,,27.0,,40.9,40.1,22.8,1850.0,2025,Nov,116552
Sanepa (SC - 22) - GD Labs,2025-11-21,17.26,0.0,82.89,,27.3,,41.3,40.3,22.9,1870.0,2025,Nov,116552
Sanepa (SC - 22) - GD Labs,2025-11-22,16.72,0.0,84.6,,32.1,,48.6,40.2,22.2,2270.0,2025,Nov,116552
Sanepa (SC - 22) - GD Labs,2025-11-23,16.13,0.0,81.08,,35.5,,58.2,39.8,22.1,2630.0,2025,Nov,116552
Sanepa (SC - 22) - GD Labs,2025-11-24,15.06,0.0,78.48,,37.5,,63.9,39.5,21.9,2820.0,2025,Nov,116552
Sanepa (SC - 22) - GD Labs,2025-11-25,15.6,0.0,75.33,,37.7,,62.7,36.7,21.6,2860.0,2025,Nov,116552
Sanepa (SC - 22) - GD Labs,2025-11-26,16.08,0.0,75.38,,39.3,,61.8,35.9,21.7,2920.0,2025,Nov,116552
Sanepa (SC - 22) - GD Labs,2025-11-27,17.27,0.0,72.76,,50.4,,77.2,38.5,21.4,3850.0,2025,Nov,116552
Sanepa (SC - 22) - GD Labs,2025-11-28,17.21,0.0,70.96,,40.0,,60.3,36.4,22.2,3000.0,2025,Nov,116552
Sanepa (SC - 22) - GD Labs,2025-11-29,16.32,0.0,75.51,,35.8,,55.3,35.9,22.0,2700.0,2025,Nov,116552
Sanepa (SC - 22) - GD Labs,2025-11-30,15.7,0.0,74.13,,32.3,,48.3,36.4,21.6,2320.0,2025,Nov,116552
Sanepa (SC - 22) - GD Labs,2025-12-01,15.1,0.0,76.66,,42.1,,65.3,40.0,21.7,3140.0,2025,Dec,98180
Sanepa (SC - 22) - GD Labs,2025-12-02,14.26,0.0,67.48,,49.9,,80.4,41.2,21.6,3820.0,2025,Dec,98180
Sanepa (SC - 22) - GD Labs,2025-12-03,14.74,0.0,66.95,,50.0,,83.2,41.2,21.9,3840.0,2025,Dec,98180
Sanepa (SC - 22) - GD Labs,2025-12-04,14.68,0.0,65.29,,39.4,,64.3,37.0,22.0,3000.0,2025,Dec,98180
Sanepa (SC - 22) - GD Labs,2025-12-05,14.45,0.0,67.58,,35.9,,58.0,37.2,21.6,2680.0,2025,Dec,98180
Sanepa (SC - 22) - GD Labs,2025-12-06,13.84,0.0,67.39,,41.8,,66.6,37.3,21.1,3130.0,2025,Dec,98180
Sanepa (SC - 22) - GD Labs,2025-12-07,13.91,0.0,70.27,,42.5,,67.8,39.1,20.5,3270.0,2025,Dec,98180
Sanepa (SC - 22) - GD Labs,2025-12-08,14.56,0.0,72.41,,48.5,,76.0,38.5,21.1,3640.0,2025,Dec,98180
Sanepa (SC - 22) - GD Labs,2025-12-09,14.79,0.0,70.79,,44.5,,68.6,38.3,21.4,3320.0,2025,Dec,98180
Sanepa (SC - 22) - GD Labs,2025-12-10,14.39,0.0,66.17,,40.7,,61.8,37.6,20.7,2990.0,2025,Dec,98180
Sanepa (SC - 22) - GD Labs,2025-12-11,14.73,0.0,67.47,,45.1,,67.7,37.7,20.7,3370.0,2025,Dec,98180
Sanepa (SC - 22) - GD Labs,2025-12-12,14.89,0.0,74.38,,44.4,,66.1,37.4,20.7,3290.0,2025,Dec,98180
Sanepa (SC - 22) - GD Labs,2025-12-13,15.45,0.0,73.89,,55.2,,83.6,37.1,20.7,4180.0,2025,Dec,98180
Sanepa (SC - 22) - GD Labs,2025-12-14,15.69,0.0,76.52,,52.2,,78.1,37.0,20.8,3930.0,2025,Dec,98180
Sanepa (SC - 22) - GD Labs,2025-12-15,14.88,0.0,79.46,,45.5,,67.6,37.2,20.6,3420.0,2025,Dec,98180
Sanepa (SC - 22) - GD Labs,2025-12-16,14.33,0.0,76.23,,43.5,,64.8,37.3,20.3,3260.0,2025,Dec,98180
Sanepa (SC - 22) - GD Labs,2025-12-17,13.21,0.0,76.65,,46.6,,69.3,39.2,20.3,3530.0,2025,Dec,98180
Sanepa (SC - 22) - GD Labs,2025-12-18,14.21,0.0,68.99,,56.7,,85.3,36.2,20.8,4290.0,2025,Dec,98180
Sanepa (SC - 22) - GD Labs,2025-12-19,13.61,0.0,69.95,,48.9,,73.2,37.2,20.7,3690.0,2025,Dec,98180
Sanepa (SC - 22) - GD Labs,2025-12-20,11.98,0.0,68.85,,43.4,,66.1,38.4,20.5,3240.0,2025,Dec,98180
Sanepa (SC - 22) - GD Labs,2025-12-21,12.39,0.0,72.08,,51.4,,79.9,38.7,20.7,3910.0,2025,Dec,98180
Sanepa (SC - 22) - GD Labs,2025-12-22,13.43,0.0,74.89,,49.0,,74.8,38.4,20.6,3690.0,2025,Dec,98180
Sanepa (SC - 22) - GD Labs,2025-12-23,12.22,0.0,78.07,,47.7,,72.4,36.7,20.9,3600.0,2025,Dec,98180
Sanepa (SC - 22) - GD Labs,2025-12-24,12.0,0.0,77.9,,38.2,,58.4,37.2,20.4,2870.0,2025,Dec,98180
Sanepa (SC - 22) - GD Labs,2025-12-25,11.9,0.0,75.7,,42.0,,65.5,38.5,19.7,3150.0,2025,Dec,98180
Sanepa (SC - 22) - GD Labs,2025-12-26,12.48,0.0,73.76,,54.0,,87.0,40.0,19.4,4090.0,2025,Dec,98180
Sanepa (SC - 22) - GD Labs,2025-12-27,12.74,0.0,72.46,,56.8,,92.2,39.4,20.0,4350.0,2025,Dec,98180
Sanepa (SC - 22) - GD Labs,2025-12-28,11.74,0.0,76.27,,53.6,,86.1,38.8,20.5,4100.0,2025,Dec,98180
Sanepa (SC - 22) - GD Labs,2025-12-29,11.01,0.04,73.62,,47.9,,76.6,39.4,19.8,3690.0,2025,Dec,98180
Sanepa (SC - 22) - GD Labs,2025-12-30,9.9,0.0,70.04,,47.6,,75.9,39.6,19.7,3640.0,2025,Dec,98180
Sanepa (SC - 22) - GD Labs,2025-12-31,10.81,0.0,63.1,,45.3,,72.0,38.4,20.2,3430.0,2025,Dec,98180
Balaju (SC-26)- GD Labs,2025-10-14,21.33,0.0,75.08,,26.7,,43.2,41.0,27.0,1690.0,2025,Oct,128443
Balaju (SC-26)- GD Labs,2025-10-15,21.74,0.0,81.07,,26.4,,42.7,40.6,27.0,1760.0,2025,Oct,128443
Balaju (SC-26)- GD Labs,2025-10-16,22.3,0.0,81.31,,27.3,,42.2,41.5,27.2,1720.0,2025,Oct,128443
Balaju (SC-26)- GD Labs,2025-10-17,22.6,0.0,81.69,,28.7,,44.2,44.2,27.6,1870.0,2025,Oct,128443
Balaju (SC-26)- GD Labs,2025-10-18,22.07,0.0,85.89,,28.7,,44.4,44.9,27.9,1890.0,2025,Oct,128443
Balaju (SC-26)- GD Labs,2025-10-19,21.93,0.0,82.09,,25.9,,40.2,42.9,27.6,1620.0,2025,Oct,128443
Balaju (SC-26)- GD Labs,2025-10-20,21.77,0.0,84.38,,26.9,,42.1,40.4,26.5,1830.0,2025,Oct,128443
Balaju (SC-26)- GD Labs,2025-10-21,22.9,0.0,77.61,,27.4,,42.7,38.5,27.0,1860.0,2025,Oct,128443
Balaju (SC-26)- GD Labs,2025-10-22,23.13,0.0,78.47,,28.1,,42.9,42.4,26.2,1840.0,2025,Oct,128443
Balaju (SC-26)- GD Labs,2025-10-23,22.9,0.0,83.96,,23.4,,37.0,43.3,26.1,1520.0,2025,Oct,128443
Balaju (SC-26)- GD Labs,2025-10-24,22.27,0.0,86.59,,20.5,,32.7,41.0,26.7,1220.0,2025,Oct,128443
Balaju (SC-26)- GD Labs,2025-10-25,22.26,0.0,72.65,,26.1,,41.6,41.5,26.3,1620.0,2025,Oct,128443
Balaju (SC-26)- GD Labs,2025-10-26,22.31,0.0,60.9,,28.4,,46.3,49.3,23.2,1820.0,2025,Oct,128443
Balaju (SC-26)- GD Labs,2025-12-24,12.0,0.0,77.9,,64.4,,104.0,45.9,19.6,4720.0,2025,Dec,98180
Balaju (SC-26)- GD Labs,2025-12-25,11.9,0.0,75.7,,52.9,,85.5,42.9,19.4,3840.0,2025,Dec,98180
Balaju (SC-26)- GD Labs,2025-12-26,12.48,0.0,73.76,,64.1,,106.0,43.4,19.1,4690.0,2025,Dec,98180
Balaju (SC-26)- GD Labs,2025-12-27,12.74,0.0,72.46,,65.7,,111.0,43.6,19.1,4820.0,2025,Dec,98180
Balaju (SC-26)- GD Labs,2025-12-28,11.74,0.0,76.27,,58.6,,97.9,44.8,19.1,4320.0,2025,Dec,98180
Balaju (SC-26)- GD Labs,2025-12-29,11.01,0.04,73.62,,61.5,,101.0,44.5,19.0,4500.0,2025,Dec,98180
Balaju (SC-26)- GD Labs,2025-12-30,9.9,0.0,70.04,,64.9,,106.0,44.5,18.7,4740.0,2025,Dec,98180
Balaju (SC-26)- GD Labs,2025-12-31,10.81,0.0,63.1,,68.5,,113.0,44.4,18.7,5030.0,2025,Dec,98180
"CEN-SR-17: Bhaluwang, Dang",2025-10-14,20.9,0.0,83.43,,27.6,,45.8,58.5,27.0,1810.0,2025,Oct,128443
"CEN-SR-17: Bhaluwang, Dang",2025-10-15,20.94,0.0,82.0,,28.1,,47.0,56.0,26.7,1870.0,2025,Oct,128443
"CEN-SR-17: Bhaluwang, Dang",2025-10-16,21.58,0.0,77.43,,23.7,,39.2,55.0,26.5,1440.0,2025,Oct,128443
"CEN-SR-17: Bhaluwang, Dang",2025-10-17,21.99,0.0,81.72,,21.9,,35.7,54.3,26.9,1260.0,2025,Oct,128443
"CEN-SR-17: Bhaluwang, Dang",2025-10-18,22.34,0.0,80.86,,25.6,,41.8,55.3,27.5,1620.0,2025,Oct,128443
"CEN-SR-17: Bhaluwang, Dang",2025-10-19,21.94,0.0,83.29,,26.1,,42.4,56.1,27.6,1650.0,2025,Oct,128443
"CEN-SR-17: Bhaluwang, Dang",2025-10-20,21.87,0.0,83.22,,29.7,,50.4,55.9,26.7,2050.0,2025,Oct,128443
"CEN-SR-17: Bhaluwang, Dang",2025-10-21,22.63,0.0,82.35,,30.0,,50.6,53.8,27.3,2080.0,2025,Oct,128443
"CEN-SR-17: Bhaluwang, Dang",2025-10-22,23.13,0.01,78.48,,25.8,,42.9,55.3,27.7,1620.0,2025,Oct,128443
"CEN-SR-17: Bhaluwang, Dang",2025-10-23,23.58,0.37,71.81,,28.0,,46.7,56.3,28.2,1860.0,2025,Oct,128443
"CEN-SR-17: Bhaluwang, Dang",2025-10-24,22.15,0.0,66.11,,30.8,,52.0,55.6,28.1,2170.0,2025,Oct,128443
"CEN-SR-17: Bhaluwang, Dang",2025-10-25,21.07,0.0,59.54,,28.0,,48.4,52.8,25.9,1880.0,2025,Oct,128443
"CEN-SR-17: Bhaluwang, Dang",2025-10-26,20.66,0.0,56.53,,30.6,,54.0,50.6,25.4,2170.0,2025,Oct,128443
"CEN-SR-17: Bhaluwang, Dang",2025-10-27,21.34,1.22,58.05,,26.8,,46.7,53.9,24.9,1750.0,2025,Oct,128443
"CEN-SR-17: Bhaluwang, Dang",2025-10-28,19.38,5.55,79.15,,15.3,,29.0,59.0,23.1,1100.0,2025,Oct,128443
"CEN-SR-17: Bhaluwang, Dang",2025-10-29,22.1,0.11,70.21,,10.8,,19.9,54.3,25.6,773.0,2025,Oct,128443
"CEN-SR-17: Bhaluwang, Dang",2025-10-30,20.48,18.65,88.46,,17.7,,30.1,62.0,24.5,1180.0,2025,Oct,128443
"CEN-SR-17: Bhaluwang, Dang",2025-10-31,19.88,4.12,90.35,,7.87,,13.7,63.6,24.8,656.0,2025,Oct,128443
"CEN-SR-17: Bhaluwang, Dang",2025-11-01,20.77,0.02,86.13,,14.1,,24.8,60.2,26.7,915.0,2025,Nov,116552
"CEN-SR-17: Bhaluwang, Dang",2025-11-02,19.08,0.02,90.52,,49.6,,94.1,57.2,27.2,3760.0,2025,Nov,116552
"CEN-SR-17: Bhaluwang, Dang",2025-11-03,19.25,0.01,82.98,,69.6,,139.0,57.6,25.9,5400.0,2025,Nov,116552
"CEN-SR-17: Bhaluwang, Dang",2025-11-04,20.98,0.01,78.78,,63.0,,125.0,58.7,26.1,4890.0,2025,Nov,116552
"CEN-SR-17: Bhaluwang, Dang",2025-11-05,21.14,0.09,74.28,,42.5,,82.0,57.3,26.4,3300.0,2025,Nov,116552
"CEN-SR-17: Bhaluwang, Dang",2025-11-06,20.3,0.0,72.36,,27.8,,47.9,56.1,25.4,1860.0,2025,Nov,116552
"CEN-SR-17: Bhaluwang, Dang",2025-11-07,19.36,0.0,74.2,,31.1,,54.1,55.1,24.9,2150.0,2025,Nov,116552
"CEN-SR-17: Bhaluwang, Dang",2025-11-08,19.07,0.0,72.74,,32.4,,55.1,56.2,24.5,2290.0,2025,Nov,116552
"CEN-SR-17: Bhaluwang, Dang",2025-11-09,18.63,0.0,68.71,,26.0,,42.6,55.2,23.7,1640.0,2025,Nov,116552
"CEN-SR-17: Bhaluwang, Dang",2025-11-10,18.46,0.0,61.12,,22.3,,37.0,54.3,23.2,1380.0,2025,Nov,116552
"CEN-SR-17: Bhaluwang, Dang",2025-11-11,18.02,0.0,61.46,,25.0,,40.7,54.0,23.2,1580.0,2025,Nov,116552
"CEN-SR-17: Bhaluwang, Dang",2025-11-12,17.76,0.0,65.24,,25.1,,40.5,57.4,21.5,1600.0,2025,Nov,116552
"CEN-SR-17: Bhaluwang, Dang",2025-11-13,17.51,0.0,63.74,,31.4,,50.4,55.7,22.9,2190.0,2025,Nov,116552
"CEN-SR-17: Bhaluwang, Dang",2025-11-14,17.57,0.0,56.63,,35.5,,58.2,59.0,21.1,2560.0,2025,Nov,116552
"CEN-SR-17: Bhaluwang, Dang",2025-11-15,17.31,0.0,59.32,,31.1,,51.3,53.6,22.0,2210.0,2025,Nov,116552
"CEN-SR-17: Bhaluwang, Dang",2025-11-16,17.26,0.0,65.14,,32.6,,54.6,53.6,21.6,2350.0,2025,Nov,116552
"CEN-SR-17: Bhaluwang, Dang",2025-11-17,17.66,0.0,64.44,,27.6,,46.1,53.8,21.1,1820.0,2025,Nov,116552
"CEN-SR-17: Bhaluwang, Dang",2025-11-18,18.05,0.0,65.48,,24.3,,39.5,50.1,23.1,1480.0,2025,Nov,116552
"CEN-SR-17: Bhaluwang, Dang",2025-11-19,16.84,0.0,77.3,,37.9,,65.7,54.1,23.3,2800.0,2025,Nov,116552
"CEN-SR-17: Bhaluwang, Dang",2025-11-20,17.44,0.0,79.32,,34.6,,59.1,55.7,22.3,2580.0,2025,Nov,116552
"CEN-SR-17: Bhaluwang, Dang",2025-11-21,17.21,0.0,77.55,,31.7,,52.2,55.2,23.2,2260.0,2025,Nov,116552
"CEN-SR-17: Bhaluwang, Dang",2025-11-22,16.23,0.0,72.55,,45.6,,86.4,55.5,21.9,3420.0,2025,Nov,116552
"CEN-SR-17: Bhaluwang, Dang",2025-11-23,16.04,0.0,66.48,,54.2,,110.0,56.2,20.7,4230.0,2025,Nov,116552
"CEN-SR-17: Bhaluwang, Dang",2025-11-24,16.17,0.0,62.83,,41.1,,79.9,54.4,20.9,3160.0,2025,Nov,116552
"CEN-SR-17: Bhaluwang, Dang",2025-11-25,15.35,0.0,70.3,,26.6,,44.9,49.8,22.0,1700.0,2025,Nov,116552
"CEN-SR-17: Bhaluwang, Dang",2025-11-26,16.31,0.0,58.85,,24.9,,41.5,52.3,20.2,1540.0,2025,Nov,116552
"CEN-SR-17: Bhaluwang, Dang",2025-11-27,17.18,0.0,53.99,,27.6,,45.0,53.3,20.8,1750.0,2025,Nov,116552
"CEN-SR-17: Bhaluwang, Dang",2025-11-28,17.85,0.0,55.04,,19.4,,31.9,52.6,21.2,1130.0,2025,Nov,116552
"CEN-SR-17: Bhaluwang, Dang",2025-11-29,16.52,0.0,60.17,,19.4,,32.2,51.9,20.9,1170.0,2025,Nov,116552
"CEN-SR-17: Bhaluwang, Dang",2025-11-30,16.38,0.0,55.29,,27.6,,44.3,53.6,20.7,1820.0,2025,Nov,116552
"CEN-SR-17: Bhaluwang, Dang",2025-12-01,15.75,0.0,53.78,,45.1,,77.6,56.5,20.8,3410.0,2025,Dec,98180
"CEN-SR-17: Bhaluwang, Dang",2025-12-02,15.02,0.0,57.53,,53.3,,95.0,56.8,21.2,4080.0,2025,Dec,98180
"CEN-SR-17: Bhaluwang, Dang",2025-12-03,15.26,0.0,56.06,,39.9,,69.3,55.4,21.7,2940.0,2025,Dec,98180
"CEN-SR-17: Bhaluwang, Dang",2025-12-04,15.05,0.0,52.24,,36.8,,62.2,54.9,20.6,2670.0,2025,Dec,98180
"CEN-SR-17: Bhaluwang, Dang",2025-12-05,14.25,0.0,58.83,,30.9,,51.1,55.5,20.5,2190.0,2025,Dec,98180
"CEN-SR-17: Bhaluwang, Dang",2025-12-06,14.59,0.0,57.42,,37.7,,63.1,55.6,20.3,2730.0,2025,Dec,98180
"CEN-SR-17: Bhaluwang, Dang",2025-12-07,14.88,0.0,56.54,,32.7,,55.7,55.6,20.2,2370.0,2025,Dec,98180
"CEN-SR-17: Bhaluwang, Dang",2025-12-08,15.32,0.0,53.58,,32.9,,55.0,55.8,20.1,2350.0,2025,Dec,98180
"CEN-SR-17: Bhaluwang, Dang",2025-12-09,15.12,0.0,50.29,,27.7,,45.4,54.7,20.0,1820.0,2025,Dec,98180
"CEN-SR-17: Bhaluwang, Dang",2025-12-10,15.12,0.0,51.03,,39.8,,71.5,54.9,20.1,2860.0,2025,Dec,98180
"CEN-SR-17: Bhaluwang, Dang",2025-12-11,14.88,0.0,53.85,,49.1,,87.5,56.2,20.1,3670.0,2025,Dec,98180
"CEN-SR-17: Bhaluwang, Dang",2025-12-12,15.09,0.0,58.0,,29.6,,48.8,55.3,20.0,2030.0,2025,Dec,98180
"CEN-SR-17: Bhaluwang, Dang",2025-12-13,15.33,0.0,60.02,,28.0,,45.6,55.0,19.8,1840.0,2025,Dec,98180
"CEN-SR-17: Bhaluwang, Dang",2025-12-14,15.6,0.0,64.92,,24.8,,39.8,53.9,20.1,1530.0,2025,Dec,98180
"CEN-SR-17: Bhaluwang, Dang",2025-12-15,15.02,0.0,68.22,,25.3,,40.4,53.7,19.8,1560.0,2025,Dec,98180
"CEN-SR-17: Bhaluwang, Dang",2025-12-16,14.28,0.0,65.68,,35.3,,59.8,54.4,19.5,2530.0,2025,Dec,98180
"CEN-SR-17: Bhaluwang, Dang",2025-12-17,13.86,0.0,64.48,,42.8,,73.8,54.8,18.8,3130.0,2025,Dec,98180
"CEN-SR-17: Bhaluwang, Dang",2025-12-18,14.83,0.0,57.64,,30.6,,49.7,54.9,19.6,2100.0,2025,Dec,98180
"CEN-SR-17: Bhaluwang, Dang",2025-12-19,12.55,0.0,63.32,,39.4,,65.7,54.5,19.8,2880.0,2025,Dec,98180
"CEN-SR-17: Bhaluwang, Dang",2025-12-20,11.3,0.0,67.96,,38.8,,67.0,54.7,19.2,2930.0,2025,Dec,98180
"CEN-SR-17: Bhaluwang, Dang",2025-12-21,12.09,0.0,65.81,,32.1,,52.7,54.5,19.0,2280.0,2025,Dec,98180
"CEN-SR-17: Bhaluwang, Dang",2025-12-22,12.53,0.0,71.05,,41.4,,66.8,54.3,19.5,2910.0,2025,Dec,98180
"CEN-SR-17: Bhaluwang, Dang",2025-12-23,12.61,0.0,67.15,,50.9,,90.2,55.5,19.1,3770.0,2025,Dec,98180
"CEN-SR-17: Bhaluwang, Dang",2025-12-24,12.4,0.0,56.8,,63.7,,117.0,56.5,18.7,4890.0,2025,Dec,98180
"CEN-SR-17: Bhaluwang, Dang",2025-12-25,11.17,0.0,63.56,,36.6,,63.3,55.0,18.5,2700.0,2025,Dec,98180
"CEN-SR-17: Bhaluwang, Dang",2025-12-26,11.39,0.0,66.71,,39.2,,65.4,56.0,18.6,2830.0,2025,Dec,98180
"CEN-SR-17: Bhaluwang, Dang",2025-12-27,12.15,0.0,61.76,,40.5,,68.8,55.3,19.1,3010.0,2025,Dec,98180
"CEN-SR-17: Bhaluwang, Dang",2025-12-28,11.33,0.0,63.78,,37.2,,64.1,55.2,18.9,2730.0,2025,Dec,98180
"CEN-SR-17: Bhaluwang, Dang",2025-12-29,11.07,0.1,61.55,,36.4,,61.9,56.1,17.8,2610.0,2025,Dec,98180
"CEN-SR-17: Bhaluwang, Dang",2025-12-30,10.78,0.0,59.14,,33.9,,58.0,55.6,16.9,2390.0,2025,Dec,98180
"CEN-SR-17: Bhaluwang, Dang",2025-12-31,11.07,0.0,55.68,,28.3,,47.8,53.6,17.9,1890.0,2025,Dec,98180
CEN-SR-08/ Birendranagar Municipality,2025-10-15,19.61,0.0,82.25,,26.3,,42.9,47.9,27.9,1650.0,2025,Oct,128443
CEN-SR-08/ Birendranagar Municipality,2025-10-16,20.45,0.0,77.28,,22.0,,36.9,46.4,27.7,1340.0,2025,Oct,128443
CEN-SR-08/ Birendranagar Municipality,2025-10-17,20.27,0.0,82.77,,20.1,,34.7,44.5,28.0,1250.0,2025,Oct,128443
CEN-SR-08/ Birendranagar Municipality,2025-10-18,20.23,0.0,81.54,,21.6,,35.6,45.6,28.1,1280.0,2025,Oct,128443
CEN-SR-08/ Birendranagar Municipality,2025-10-19,20.41,0.0,81.69,,22.6,,36.5,46.8,28.4,1340.0,2025,Oct,128443
CEN-SR-08/ Birendranagar Municipality,2025-10-20,20.2,0.0,84.41,,25.7,,40.9,48.6,28.1,1570.0,2025,Oct,128443
CEN-SR-08/ Birendranagar Municipality,2025-10-21,20.41,0.0,86.6,,22.6,,37.0,46.6,28.3,1380.0,2025,Oct,128443
CEN-SR-08/ Birendranagar Municipality,2025-10-22,21.19,0.02,76.32,,22.5,,38.4,45.4,28.4,1430.0,2025,Oct,128443
CEN-SR-08/ Birendranagar Municipality,2025-10-23,21.44,0.38,70.18,,22.1,,37.4,48.0,28.0,1320.0,2025,Oct,128443
CEN-SR-08/ Birendranagar Municipality,2025-10-24,20.4,0.0,62.45,,21.8,,37.6,45.9,27.8,1250.0,2025,Oct,128443
CEN-SR-08/ Birendranagar Municipality,2025-10-25,19.25,0.0,54.24,,28.2,,49.9,41.0,26.6,1860.0,2025,Oct,128443
CEN-SR-08/ Birendranagar Municipality,2025-10-26,18.72,0.0,51.2,,32.4,,58.0,41.1,26.1,2280.0,2025,Oct,128443
CEN-SR-08/ Birendranagar Municipality,2025-10-27,19.03,0.65,53.2,,38.5,,70.0,45.9,24.7,2810.0,2025,Oct,128443
CEN-SR-08/ Birendranagar Municipality,2025-10-28,18.64,7.35,65.72,,27.6,,46.6,55.2,23.4,1810.0,2025,Oct,128443
CEN-SR-08/ Birendranagar Municipality,2025-10-29,20.07,0.04,69.18,,19.5,,33.5,53.8,24.4,1200.0,2025,Oct,128443
CEN-SR-08/ Birendranagar Municipality,2025-10-30,19.16,14.77,83.82,,23.2,,37.9,56.3,24.7,1390.0,2025,Oct,128443
CEN-SR-08/ Birendranagar Municipality,2025-10-31,18.58,5.79,85.42,,22.5,,36.6,55.4,25.6,1310.0,2025,Oct,128443
CEN-SR-08/ Birendranagar Municipality,2025-11-01,19.46,0.17,83.33,,23.3,,39.7,52.1,26.9,1420.0,2025,Nov,116552
CEN-SR-08/ Birendranagar Municipality,2025-11-02,18.1,0.21,87.72,,37.9,,69.8,50.7,26.3,2770.0,2025,Nov,116552
CEN-SR-08/ Birendranagar Municipality,2025-11-03,18.56,0.15,79.77,,50.5,,98.1,48.3,26.6,3820.0,2025,Nov,116552
CEN-SR-08/ Birendranagar Municipality,2025-11-04,18.56,0.25,84.44,,51.4,,99.3,51.4,25.7,3900.0,2025,Nov,116552
CEN-SR-08/ Birendranagar Municipality,2025-11-05,19.02,0.17,74.78,,35.8,,67.3,51.1,26.1,2590.0,2025,Nov,116552
CEN-SR-08/ Birendranagar Municipality,2025-11-06,18.45,0.0,70.8,,26.0,,44.3,47.6,26.1,1620.0,2025,Nov,116552
CEN-SR-08/ Birendranagar Municipality,2025-11-07,18.0,0.0,70.77,,26.3,,44.5,47.2,25.7,1670.0,2025,Nov,116552
CEN-SR-08/ Birendranagar Municipality,2025-11-08,17.55,0.0,69.08,,21.1,,37.1,44.9,24.9,1360.0,2025,Nov,116552
CEN-SR-08/ Birendranagar Municipality,2025-11-09,17.03,0.0,67.64,,22.0,,37.8,44.2,24.3,1430.0,2025,Nov,116552
CEN-SR-08/ Birendranagar Municipality,2025-11-10,16.65,0.0,61.63,,21.3,,36.2,45.5,24.2,1360.0,2025,Nov,116552
CEN-SR-08/ Birendranagar Municipality,2025-11-11,16.49,0.0,63.56,,21.3,,35.3,46.1,23.7,1330.0,2025,Nov,116552
CEN-SR-08/ Birendranagar Municipality,2025-11-12,16.39,0.0,64.04,,24.5,,39.3,47.5,21.9,1520.0,2025,Nov,116552
CEN-SR-08/ Birendranagar Municipality,2025-11-13,15.94,0.0,64.0,,26.2,,41.5,46.5,22.8,1650.0,2025,Nov,116552
CEN-SR-08/ Birendranagar Municipality,2025-11-14,15.59,0.0,65.71,,30.9,,48.2,49.4,21.7,2050.0,2025,Nov,116552
CEN-SR-08/ Birendranagar Municipality,2025-11-15,15.28,0.0,61.94,,31.1,,49.4,46.8,22.9,2050.0,2025,Nov,116552
CEN-SR-08/ Birendranagar Municipality,2025-11-16,15.51,0.0,68.5,,30.4,,49.2,46.0,22.9,2000.0,2025,Nov,116552
CEN-SR-08/ Birendranagar Municipality,2025-11-17,15.65,0.0,69.4,,27.7,,44.8,46.2,22.3,1780.0,2025,Nov,116552
CEN-SR-08/ Birendranagar Municipality,2025-11-18,16.58,0.0,67.48,,28.2,,45.5,45.1,22.8,1770.0,2025,Nov,116552
CEN-SR-08/ Birendranagar Municipality,2025-11-19,15.46,0.0,77.5,,25.2,,41.2,46.5,22.7,1570.0,2025,Nov,116552
CEN-SR-08/ Birendranagar Municipality,2025-11-20,15.47,0.0,81.36,,31.3,,51.4,47.4,23.1,2100.0,2025,Nov,116552
CEN-SR-08/ Birendranagar Municipality,2025-11-21,15.39,0.0,77.91,,29.7,,48.0,46.0,23.0,1940.0,2025,Nov,116552
CEN-SR-08/ Birendranagar Municipality,2025-11-22,14.71,0.0,73.47,,38.2,,65.3,46.1,22.3,2670.0,2025,Nov,116552
CEN-SR-08/ Birendranagar Municipality,2025-11-23,14.27,0.0,68.89,,40.3,,72.2,46.9,21.4,2930.0,2025,Nov,116552
CEN-SR-08/ Birendranagar Municipality,2025-11-24,13.93,0.0,63.05,,36.0,,61.5,44.2,21.5,2500.0,2025,Nov,116552
CEN-SR-08/ Birendranagar Municipality,2025-11-25,13.57,0.0,66.85,,35.9,,59.8,48.2,19.6,2530.0,2025,Nov,116552
CEN-SR-08/ Birendranagar Municipality,2025-11-30,15.11,0.0,54.48,,27.1,,42.4,42.8,23.2,1710.0,2025,Nov,116552
CEN-SR-08/ Birendranagar Municipality,2025-12-01,14.8,0.0,57.57,,37.6,,61.1,48.9,21.4,2680.0,2025,Dec,98180
CEN-SR-08/ Birendranagar Municipality,2025-12-02,13.85,0.0,65.55,,46.6,,78.7,49.4,21.4,3380.0,2025,Dec,98180
CEN-SR-08/ Birendranagar Municipality,2025-12-03,12.74,0.0,62.71,,42.5,,70.2,47.5,21.4,3020.0,2025,Dec,98180
CEN-SR-08/ Birendranagar Municipality,2025-12-04,13.32,0.0,53.32,,42.5,,72.1,46.9,20.8,3020.0,2025,Dec,98180
CEN-SR-08/ Birendranagar Municipality,2025-12-05,13.05,0.0,59.1,,34.4,,56.7,47.8,20.4,2370.0,2025,Dec,98180
CEN-SR-08/ Birendranagar Municipality,2025-12-06,13.57,0.0,54.47,,35.1,,57.3,48.4,20.0,2420.0,2025,Dec,98180
CEN-SR-08/ Birendranagar Municipality,2025-12-07,14.2,0.0,52.93,,38.4,,63.8,49.3,20.2,2730.0,2025,Dec,98180
CEN-SR-08/ Birendranagar Municipality,2025-12-08,14.51,0.0,48.52,,39.7,,65.3,49.4,20.1,2840.0,2025,Dec,98180
CEN-SR-08/ Birendranagar Municipality,2025-12-09,13.53,0.0,49.62,,38.6,,62.6,52.2,17.8,2760.0,2025,Dec,98180
CEN-SR-08/ Birendranagar Municipality,2025-12-10,13.54,0.0,50.38,,39.2,,65.1,48.7,21.5,2810.0,2025,Dec,98180
CEN-SR-08/ Birendranagar Municipality,2025-12-11,14.04,0.0,53.1,,38.5,,64.8,50.5,20.3,2770.0,2025,Dec,98180
CEN-SR-08/ Birendranagar Municipality,2025-12-12,13.73,0.0,59.17,,38.1,,61.5,48.4,20.5,2640.0,2025,Dec,98180
CEN-SR-08/ Birendranagar Municipality,2025-12-13,13.57,0.0,63.87,,37.9,,61.1,48.0,20.5,2620.0,2025,Dec,98180
CEN-SR-08/ Birendranagar Municipality,2025-12-14,14.12,0.0,66.08,,35.9,,56.8,47.4,21.0,2420.0,2025,Dec,98180
CEN-SR-08/ Birendranagar Municipality,2025-12-15,13.87,0.0,67.15,,38.6,,62.7,47.5,20.4,2680.0,2025,Dec,98180
CEN-SR-08/ Birendranagar Municipality,2025-12-16,13.45,0.0,63.28,,50.3,,84.3,48.5,20.1,3650.0,2025,Dec,98180
CEN-SR-08/ Birendranagar Municipality,2025-12-17,13.06,0.0,57.17,,51.5,,87.1,48.5,20.1,3780.0,2025,Dec,98180
CEN-SR-08/ Birendranagar Municipality,2025-12-18,14.1,0.0,52.64,,43.3,,69.9,47.9,20.3,3050.0,2025,Dec,98180
CEN-SR-08/ Birendranagar Municipality,2025-12-19,12.69,0.0,54.08,,42.4,,67.5,47.1,20.0,2980.0,2025,Dec,98180
CEN-SR-08/ Birendranagar Municipality,2025-12-20,11.42,0.0,60.69,,50.4,,82.0,47.2,19.5,3630.0,2025,Dec,98180
CEN-SR-08/ Birendranagar Municipality,2025-12-21,12.65,0.0,61.3,,49.4,,80.3,47.7,19.6,3520.0,2025,Dec,98180
CEN-SR-08/ Birendranagar Municipality,2025-12-22,13.27,0.0,63.55,,48.1,,77.6,48.4,20.2,3450.0,2025,Dec,98180
CEN-SR-08/ Birendranagar Municipality,2025-12-23,13.18,0.0,55.04,,48.7,,77.4,48.6,19.9,3480.0,2025,Dec,98180
CEN-SR-08/ Birendranagar Municipality,2025-12-24,12.03,0.0,50.57,,34.6,,57.2,51.3,18.3,2430.0,2025,Dec,98180
CEN-SR-08/ Birendranagar Municipality,2025-12-25,10.77,0.0,55.96,,39.9,,66.6,47.3,19.3,2800.0,2025,Dec,98180
CEN-SR-08/ Birendranagar Municipality,2025-12-26,11.1,0.0,58.92,,52.0,,85.0,48.5,19.1,3720.0,2025,Dec,98180
CEN-SR-08/ Birendranagar Municipality,2025-12-27,11.85,0.0,53.43,,54.1,,88.8,48.3,19.2,3910.0,2025,Dec,98180
CEN-SR-08/ Birendranagar Municipality,2025-12-28,11.64,0.0,54.45,,50.8,,82.7,48.4,18.9,3630.0,2025,Dec,98180
CEN-SR-08/ Birendranagar Municipality,2025-12-29,11.01,0.14,55.0,,48.7,,81.0,49.5,18.3,3470.0,2025,Dec,98180
CEN-SR-08/ Birendranagar Municipality,2025-12-30,11.23,0.0,52.71,,45.8,,79.1,51.3,17.8,3270.0,2025,Dec,98180
CEN-SR-08/ Birendranagar Municipality,2025-12-31,11.31,0.0,51.91,,38.6,,67.0,50.2,17.8,2770.0,2025,Dec,98180
CEN-SR-10: Siddharthanagar Municipality Ward no. 4,2025-10-15,23.93,0.0,81.86,,31.1,,52.1,45.0,31.7,2210.0,2025,Oct,128443
CEN-SR-10: Siddharthanagar Municipality Ward no. 4,2025-10-16,24.6,0.0,76.04,,67.0,,121.0,52.6,29.0,5040.0,2025,Oct,128443
CEN-SR-10: Siddharthanagar Municipality Ward no. 4,2025-10-17,25.0,0.0,76.21,,62.9,,113.0,50.0,29.7,4680.0,2025,Oct,128443
CEN-SR-10: Siddharthanagar Municipality Ward no. 4,2025-10-18,25.54,0.0,74.47,,57.0,,101.0,50.5,30.3,4220.0,2025,Oct,128443
CEN-SR-10: Siddharthanagar Municipality Ward no. 4,2025-10-19,25.26,0.0,76.55,,66.5,,122.0,52.2,29.7,5010.0,2025,Oct,128443
CEN-SR-10: Siddharthanagar Municipality Ward no. 4,2025-10-20,25.09,0.0,76.95,,79.0,,148.0,51.9,29.3,6000.0,2025,Oct,128443
CEN-SR-10: Siddharthanagar Municipality Ward no. 4,2025-10-21,25.6,0.0,76.07,,67.4,,126.0,48.6,30.0,5130.0,2025,Oct,128443
CEN-SR-10: Siddharthanagar Municipality Ward no. 4,2025-10-22,26.54,0.0,76.52,,77.2,,144.0,51.5,29.8,5850.0,2025,Oct,128443
CEN-SR-10: Siddharthanagar Municipality Ward no. 4,2025-10-23,26.27,0.05,76.84,,69.4,,128.0,51.8,30.2,5280.0,2025,Oct,128443
CEN-SR-10: Siddharthanagar Municipality Ward no. 4,2025-10-24,26.31,0.0,66.49,,60.1,,108.0,50.1,30.8,4550.0,2025,Oct,128443
CEN-SR-10: Siddharthanagar Municipality Ward no. 4,2025-10-25,24.96,0.0,59.63,,61.6,,111.0,49.3,30.0,4640.0,2025,Oct,128443
CEN-SR-10: Siddharthanagar Municipality Ward no. 4,2025-10-26,24.89,0.0,56.61,,69.1,,125.0,46.4,29.7,5230.0,2025,Oct,128443
CEN-SR-10: Siddharthanagar Municipality Ward no. 4,2025-10-27,24.59,1.37,61.16,,60.4,,111.0,51.0,27.8,4580.0,2025,Oct,128443
CEN-SR-10: Siddharthanagar Municipality Ward no. 4,2025-10-28,22.57,3.57,75.6,,36.0,,66.8,55.2,25.4,2660.0,2025,Oct,128443
CEN-SR-10: Siddharthanagar Municipality Ward no. 4,2025-10-29,25.04,0.14,71.8,,45.9,,79.7,53.9,26.8,3380.0,2025,Oct,128443
CEN-SR-10: Siddharthanagar Municipality Ward no. 4,2025-10-30,23.12,24.52,89.03,,40.4,,70.7,65.8,24.3,2830.0,2025,Oct,128443
CEN-SR-10: Siddharthanagar Municipality Ward no. 4,2025-10-31,22.03,9.58,91.83,,11.4,,20.9,66.8,24.6,766.0,2025,Oct,128443
CEN-SR-10: Siddharthanagar Municipality Ward no. 4,2025-11-01,23.8,0.65,85.84,,7.53,,14.1,65.8,25.6,589.0,2025,Nov,116552
CEN-SR-10: Siddharthanagar Municipality Ward no. 4,2025-11-02,22.56,0.15,84.21,,54.8,,107.0,58.5,27.9,4140.0,2025,Nov,116552
CEN-SR-10: Siddharthanagar Municipality Ward no. 4,2025-11-03,21.69,0.13,81.57,,100.0,,212.0,54.8,27.5,7750.0,2025,Nov,116552
CEN-SR-10: Siddharthanagar Municipality Ward no. 4,2025-11-04,23.36,0.01,73.45,,96.6,,199.0,53.0,28.1,7420.0,2025,Nov,116552
CEN-SR-10: Siddharthanagar Municipality Ward no. 4,2025-11-05,24.4,0.01,69.95,,66.9,,132.0,49.9,29.0,5140.0,2025,Nov,116552
CEN-SR-10: Siddharthanagar Municipality Ward no. 4,2025-11-06,23.25,0.0,72.81,,64.8,,123.0,46.0,29.1,4920.0,2025,Nov,116552
CEN-SR-10: Siddharthanagar Municipality Ward no. 4,2025-11-07,21.57,0.0,76.4,,110.0,,210.0,46.6,27.1,8340.0,2025,Nov,116552
CEN-SR-10: Siddharthanagar Municipality Ward no. 4,2025-11-08,21.43,0.0,72.42,,149.0,,303.0,46.4,27.3,11400.0,2025,Nov,116552
CEN-SR-10: Siddharthanagar Municipality Ward no. 4,2025-11-09,21.02,0.0,69.21,,131.0,,258.0,43.3,27.9,9950.0,2025,Nov,116552
CEN-SR-10: Siddharthanagar Municipality Ward no. 4,2025-11-10,20.61,0.0,66.56,,158.0,,326.0,44.2,26.6,12100.0,2025,Nov,116552
CEN-SR-10: Siddharthanagar Municipality Ward no. 4,2025-11-11,20.35,0.0,65.78,,149.0,,290.0,45.8,26.7,11200.0,2025,Nov,116552
CEN-SR-10: Siddharthanagar Municipality Ward no. 4,2025-11-12,19.86,0.0,67.56,,176.0,,352.0,48.3,25.0,13300.0,2025,Nov,116552
CEN-SR-10: Siddharthanagar Municipality Ward no. 4,2025-11-13,19.82,0.0,66.25,,140.0,,264.0,46.4,26.5,10500.0,2025,Nov,116552
CEN-SR-10: Siddharthanagar Municipality Ward no. 4,2025-11-14,20.07,0.0,62.02,,149.0,,275.0,52.7,24.2,11100.0,2025,Nov,116552
CEN-SR-10: Siddharthanagar Municipality Ward no. 4,2025-11-15,19.73,0.0,61.51,,135.0,,249.0,45.6,25.8,10100.0,2025,Nov,116552
CEN-SR-10: Siddharthanagar Municipality Ward no. 4,2025-11-16,20.44,0.0,61.33,,114.0,,209.0,44.3,26.1,8550.0,2025,Nov,116552
CEN-SR-10: Siddharthanagar Municipality Ward no. 4,2025-11-17,19.66,0.0,66.23,,112.0,,203.0,45.7,25.9,8390.0,2025,Nov,116552
CEN-SR-10: Siddharthanagar Municipality Ward no. 4,2025-11-18,20.57,0.0,64.27,,107.0,,191.0,44.6,26.4,7990.0,2025,Nov,116552
CEN-SR-10: Siddharthanagar Municipality Ward no. 4,2025-11-19,19.69,0.0,74.67,,117.0,,219.0,45.4,26.2,8810.0,2025,Nov,116552
CEN-SR-10: Siddharthanagar Municipality Ward no. 4,2025-11-20,20.05,0.0,74.94,,103.0,,187.0,44.5,27.1,7710.0,2025,Nov,116552
CEN-SR-10: Siddharthanagar Municipality Ward no. 4,2025-11-21,20.28,0.0,74.5,,102.0,,183.0,44.6,27.0,7660.0,2025,Nov,116552
CEN-SR-10: Siddharthanagar Municipality Ward no. 4,2025-11-22,19.62,0.0,71.05,,133.0,,245.0,44.9,25.6,9910.0,2025,Nov,116552
CEN-SR-10: Siddharthanagar Municipality Ward no. 4,2025-11-23,18.99,0.0,65.86,,168.0,,334.0,47.5,24.2,12700.0,2025,Nov,116552
CEN-SR-10: Siddharthanagar Municipality Ward no. 4,2025-11-24,18.47,0.0,67.04,,122.0,,244.0,47.5,23.9,9270.0,2025,Nov,116552
CEN-SR-10: Siddharthanagar Municipality Ward no. 4,2025-11-25,18.56,0.0,69.95,,82.9,,156.0,44.0,24.9,6280.0,2025,Nov,116552
CEN-SR-10: Siddharthanagar Municipality Ward no. 4,2025-11-26,18.97,0.0,62.32,,101.0,,181.0,44.1,24.4,7550.0,2025,Nov,116552
CEN-SR-10: Siddharthanagar Municipality Ward no. 4,2025-11-27,19.62,0.0,59.96,,91.1,,159.0,52.2,21.5,6800.0,2025,Nov,116552
CEN-SR-10: Siddharthanagar Municipality Ward no. 4,2025-12-01,17.13,0.0,63.5,,132.0,,251.0,45.7,23.8,9980.0,2025,Dec,98180
CEN-SR-10: Siddharthanagar Municipality Ward no. 4,2025-12-02,17.57,0.0,52.36,,132.0,,254.0,47.4,24.2,9960.0,2025,Dec,98180
CEN-SR-10: Siddharthanagar Municipality Ward no. 4,2025-12-03,17.34,0.0,59.11,,102.0,,193.0,46.7,24.8,7720.0,2025,Dec,98180
CEN-SR-10: Siddharthanagar Municipality Ward no. 4,2025-12-04,17.4,0.0,54.51,,99.3,,181.0,43.4,24.3,7470.0,2025,Dec,98180
CEN-SR-10: Siddharthanagar Municipality Ward no. 4,2025-12-05,16.64,0.0,58.14,,117.0,,222.0,42.8,24.2,8840.0,2025,Dec,98180
CEN-SR-10: Siddharthanagar Municipality Ward no. 4,2025-12-06,15.58,0.0,62.53,,123.0,,231.0,46.2,23.5,9240.0,2025,Dec,98180
CEN-SR-10: Siddharthanagar Municipality Ward no. 4,2025-12-07,15.79,0.0,63.47,,142.0,,279.0,48.1,22.7,10700.0,2025,Dec,98180
CEN-SR-10: Siddharthanagar Municipality Ward no. 4,2025-12-08,16.91,0.0,58.12,,110.0,,203.0,46.9,23.7,8240.0,2025,Dec,98180
CEN-SR-10: Siddharthanagar Municipality Ward no. 4,2025-12-09,17.19,0.0,54.93,,93.6,,172.0,47.1,23.3,7050.0,2025,Dec,98180
CEN-SR-10: Siddharthanagar Municipality Ward no. 4,2025-12-10,16.56,0.0,56.3,,107.0,,206.0,51.0,22.2,8110.0,2025,Dec,98180
CEN-SR-10: Siddharthanagar Municipality Ward no. 4,2025-12-11,17.19,0.0,57.13,,121.0,,227.0,50.4,22.2,9110.0,2025,Dec,98180
CEN-SR-10: Siddharthanagar Municipality Ward no. 4,2025-12-12,17.53,0.0,58.57,,85.3,,155.0,49.2,22.5,6420.0,2025,Dec,98180
CEN-SR-10: Siddharthanagar Municipality Ward no. 4,2025-12-13,18.21,0.0,59.16,,93.5,,166.0,48.6,22.7,6990.0,2025,Dec,98180
CEN-SR-10: Siddharthanagar Municipality Ward no. 4,2025-12-14,18.2,0.0,64.04,,93.4,,162.0,47.8,22.6,6940.0,2025,Dec,98180
CEN-SR-10: Siddharthanagar Municipality Ward no. 4,2025-12-15,17.18,0.0,68.54,,107.0,,192.0,50.9,21.9,7990.0,2025,Dec,98180
CEN-SR-10: Siddharthanagar Municipality Ward no. 4,2025-12-16,16.23,0.0,68.16,,146.0,,284.0,54.0,20.8,11000.0,2025,Dec,98180
CEN-SR-10: Siddharthanagar Municipality Ward no. 4,2025-12-17,15.79,0.0,67.98,,121.0,,240.0,59.1,19.4,9200.0,2025,Dec,98180
CEN-SR-10: Siddharthanagar Municipality Ward no. 4,2025-12-18,16.22,0.0,63.95,,117.0,,222.0,58.2,19.8,8820.0,2025,Dec,98180
CEN-SR-10: Siddharthanagar Municipality Ward no. 4,2025-12-19,15.21,0.0,63.15,,85.4,,162.0,63.1,18.0,6480.0,2025,Dec,98180
CEN-SR-10: Siddharthanagar Municipality Ward no. 4,2025-12-20,13.19,0.0,67.18,,50.7,,93.0,59.4,17.8,3880.0,2025,Dec,98180
CEN-SR-10: Siddharthanagar Municipality Ward no. 4,2025-12-21,13.85,0.0,64.75,,67.0,,131.0,59.3,17.4,5160.0,2025,Dec,98180
CEN-SR-10: Siddharthanagar Municipality Ward no. 4,2025-12-22,15.31,0.0,65.43,,71.6,,138.0,61.7,17.6,5480.0,2025,Dec,98180
CEN-SR-10: Siddharthanagar Municipality Ward no. 4,2025-12-23,14.25,0.0,72.92,,115.0,,232.0,62.3,17.9,8810.0,2025,Dec,98180
CEN-SR-10: Siddharthanagar Municipality Ward no. 4,2025-12-24,14.13,0.0,69.1,,104.0,,207.0,60.1,17.9,7960.0,2025,Dec,98180
CEN-SR-10: Siddharthanagar Municipality Ward no. 4,2025-12-25,13.91,0.0,61.76,,104.0,,193.0,56.7,18.6,7750.0,2025,Dec,98180
CEN-SR-10: Siddharthanagar Municipality Ward no. 4,2025-12-26,14.14,0.0,63.38,,122.0,,236.0,62.7,17.6,9250.0,2025,Dec,98180
CEN-SR-10: Siddharthanagar Municipality Ward no. 4,2025-12-27,14.28,0.0,65.19,,64.3,,122.0,63.6,17.5,4920.0,2025,Dec,98180
CEN-SR-10: Siddharthanagar Municipality Ward no. 4,2025-12-28,13.75,0.0,64.38,,38.1,,70.3,62.5,17.3,2900.0,2025,Dec,98180
CEN-SR-10: Siddharthanagar Municipality Ward no. 4,2025-12-29,13.04,0.32,63.74,,44.2,,81.2,61.0,16.6,3340.0,2025,Dec,98180
CEN-SR-10: Siddharthanagar Municipality Ward no. 4,2025-12-30,12.38,0.04,60.46,,43.9,,78.0,58.2,16.5,3190.0,2025,Dec,98180
CEN-SR-10: Siddharthanagar Municipality Ward no. 4,2025-12-31,12.52,0.0,59.16,,54.2,,97.2,58.3,17.2,4120.0,2025,Dec,98180
CEN-SR-07: Siddharthanagar Municipality City Office Ward No. 5,2025-10-15,24.03,0.0,81.71,,55.4,,99.9,46.8,31.2,4160.0,2025,Oct,128443
CEN-SR-07: Siddharthanagar Municipality City Office Ward No. 5,2025-10-16,24.44,0.0,80.27,,66.4,,122.0,49.5,30.0,4990.0,2025,Oct,128443
CEN-SR-07: Siddharthanagar Municipality City Office Ward No. 5,2025-10-17,24.91,0.0,77.88,,51.5,,91.0,47.1,30.9,3810.0,2025,Oct,128443
CEN-SR-07: Siddharthanagar Municipality City Office Ward No. 5,2025-10-18,24.84,0.0,78.57,,49.8,,86.5,48.3,31.2,3670.0,2025,Oct,128443
CEN-SR-07: Siddharthanagar Municipality City Office Ward No. 5,2025-10-19,24.62,0.0,79.95,,58.9,,104.0,49.1,31.2,4420.0,2025,Oct,128443
CEN-SR-07: Siddharthanagar Municipality City Office Ward No. 5,2025-10-20,24.39,0.0,80.79,,78.9,,144.0,48.9,30.4,5950.0,2025,Oct,128443
CEN-SR-07: Siddharthanagar Municipality City Office Ward No. 5,2025-10-21,24.96,0.0,78.7,,65.2,,120.0,46.3,30.7,4940.0,2025,Oct,128443
CEN-SR-07: Siddharthanagar Municipality City Office Ward No. 5,2025-10-22,25.69,0.0,79.34,,73.3,,135.0,49.1,30.8,5540.0,2025,Oct,128443
CEN-SR-07: Siddharthanagar Municipality City Office Ward No. 5,2025-10-23,25.57,0.01,82.15,,63.8,,114.0,49.3,31.3,4810.0,2025,Oct,128443
CEN-SR-07: Siddharthanagar Municipality City Office Ward No. 5,2025-10-24,25.13,0.0,76.96,,54.5,,95.5,48.4,31.4,4120.0,2025,Oct,128443
CEN-SR-07: Siddharthanagar Municipality City Office Ward No. 5,2025-10-25,24.69,0.0,62.63,,59.6,,105.0,47.9,30.7,4470.0,2025,Oct,128443
CEN-SR-07: Siddharthanagar Municipality City Office Ward No. 5,2025-10-26,24.46,0.01,60.16,,63.6,,114.0,44.1,30.3,4810.0,2025,Oct,128443
CEN-SR-07: Siddharthanagar Municipality City Office Ward No. 5,2025-10-27,23.46,0.76,69.91,,62.9,,113.0,47.3,29.4,4740.0,2025,Oct,128443
CEN-SR-07: Siddharthanagar Municipality City Office Ward No. 5,2025-10-28,22.07,3.23,79.71,,32.2,,58.7,50.1,27.0,2440.0,2025,Oct,128443
CEN-SR-07: Siddharthanagar Municipality City Office Ward No. 5,2025-10-29,24.33,0.11,76.33,,42.7,,72.4,49.7,28.4,3090.0,2025,Oct,128443
CEN-SR-07: Siddharthanagar Municipality City Office Ward No. 5,2025-10-30,22.66,27.25,90.48,,38.0,,64.2,59.0,26.6,2600.0,2025,Oct,128443
CEN-SR-07: Siddharthanagar Municipality City Office Ward No. 5,2025-10-31,21.69,16.78,92.06,,7.77,,14.7,61.8,26.4,600.0,2025,Oct,128443
CEN-SR-07: Siddharthanagar Municipality City Office Ward No. 5,2025-11-01,23.71,1.67,88.22,,5.29,,9.63,61.8,27.0,472.0,2025,Nov,116552
CEN-SR-07: Siddharthanagar Municipality City Office Ward No. 5,2025-11-02,22.22,0.31,87.25,,53.9,,104.0,57.5,28.1,4050.0,2025,Nov,116552
CEN-SR-07: Siddharthanagar Municipality City Office Ward No. 5,2025-11-03,21.8,0.41,83.93,,103.0,,219.0,55.1,27.6,7920.0,2025,Nov,116552
CEN-SR-07: Siddharthanagar Municipality City Office Ward No. 5,2025-11-04,22.95,0.02,76.46,,98.7,,205.0,52.9,28.1,7570.0,2025,Nov,116552
CEN-SR-07: Siddharthanagar Municipality City Office Ward No. 5,2025-11-05,23.92,0.0,72.26,,69.6,,137.0,51.1,28.5,5320.0,2025,Nov,116552
CEN-SR-07: Siddharthanagar Municipality City Office Ward No. 5,2025-11-06,23.52,0.0,73.88,,66.8,,127.0,48.5,28.2,5060.0,2025,Nov,116552
CEN-SR-07: Siddharthanagar Municipality City Office Ward No. 5,2025-11-07,21.49,0.0,81.84,,113.0,,219.0,47.1,26.9,8530.0,2025,Nov,116552
CEN-SR-07: Siddharthanagar Municipality City Office Ward No. 5,2025-11-08,21.05,0.0,79.13,,151.0,,321.0,47.4,26.7,11600.0,2025,Nov,116552
CEN-SR-07: Siddharthanagar Municipality City Office Ward No. 5,2025-11-09,20.83,0.0,74.83,,131.0,,272.0,46.1,26.6,10100.0,2025,Nov,116552
CEN-SR-07: Siddharthanagar Municipality City Office Ward No. 5,2025-11-10,20.12,0.0,74.54,,154.0,,339.0,46.2,26.0,12000.0,2025,Nov,116552
CEN-SR-07: Siddharthanagar Municipality City Office Ward No. 5,2025-11-11,19.56,0.0,75.1,,144.0,,291.0,47.8,25.9,11000.0,2025,Nov,116552
CEN-SR-07: Siddharthanagar Municipality City Office Ward No. 5,2025-11-12,19.45,0.0,75.17,,179.0,,373.0,49.8,24.3,13700.0,2025,Nov,116552
CEN-SR-07: Siddharthanagar Municipality City Office Ward No. 5,2025-11-13,19.28,0.0,74.67,,142.0,,279.0,48.3,25.8,10700.0,2025,Nov,116552
CEN-SR-07: Siddharthanagar Municipality City Office Ward No. 5,2025-11-14,19.19,0.0,71.14,,151.0,,291.0,53.4,24.1,11300.0,2025,Nov,116552
CEN-SR-07: Siddharthanagar Municipality City Office Ward No. 5,2025-11-15,19.01,0.0,71.61,,125.0,,234.0,47.2,25.3,9380.0,2025,Nov,116552
CEN-SR-07: Siddharthanagar Municipality City Office Ward No. 5,2025-11-16,19.72,0.0,66.91,,104.0,,190.0,45.8,25.5,7810.0,2025,Nov,116552
CEN-SR-07: Siddharthanagar Municipality City Office Ward No. 5,2025-11-17,18.61,0.0,72.34,,106.0,,195.0,48.0,25.4,7980.0,2025,Nov,116552
CEN-SR-07: Siddharthanagar Municipality City Office Ward No. 5,2025-11-18,19.66,0.0,69.69,,101.0,,183.0,47.1,25.7,7540.0,2025,Nov,116552
CEN-SR-07: Siddharthanagar Municipality City Office Ward No. 5,2025-11-19,19.13,0.0,79.63,,105.0,,197.0,46.8,25.7,7880.0,2025,Nov,116552
CEN-SR-07: Siddharthanagar Municipality City Office Ward No. 5,2025-11-20,19.45,0.0,77.83,,88.8,,161.0,47.5,25.9,6670.0,2025,Nov,116552
CEN-SR-07: Siddharthanagar Municipality City Office Ward No. 5,2025-11-21,19.73,0.0,78.93,,95.3,,171.0,47.5,25.8,7140.0,2025,Nov,116552
CEN-SR-07: Siddharthanagar Municipality City Office Ward No. 5,2025-11-22,18.68,0.0,80.01,,123.0,,231.0,47.3,24.8,9220.0,2025,Nov,116552
CEN-SR-07: Siddharthanagar Municipality City Office Ward No. 5,2025-11-23,18.48,0.0,71.33,,142.0,,283.0,49.7,23.7,10700.0,2025,Nov,116552
CEN-SR-07: Siddharthanagar Municipality City Office Ward No. 5,2025-11-24,17.6,0.0,75.2,,113.0,,232.0,48.2,24.1,8670.0,2025,Nov,116552
CEN-SR-07: Siddharthanagar Municipality City Office Ward No. 5,2025-11-25,17.98,0.0,76.35,,76.6,,147.0,45.5,24.3,5830.0,2025,Nov,116552
CEN-SR-07: Siddharthanagar Municipality City Office Ward No. 5,2025-11-26,18.23,0.0,71.77,,91.5,,168.0,45.5,24.0,6890.0,2025,Nov,116552
CEN-SR-07: Siddharthanagar Municipality City Office Ward No. 5,2025-11-27,19.19,0.0,66.46,,82.1,,146.0,46.6,24.5,6170.0,2025,Nov,116552
CEN-SR-07: Siddharthanagar Municipality City Office Ward No. 5,2025-11-28,19.39,0.0,62.94,,83.2,,146.0,47.3,24.6,6220.0,2025,Nov,116552
CEN-SR-07: Siddharthanagar Municipality City Office Ward No. 5,2025-11-29,18.19,0.0,71.24,,114.0,,202.0,48.0,24.4,8490.0,2025,Nov,116552
CEN-SR-07: Siddharthanagar Municipality City Office Ward No. 5,2025-11-30,17.14,0.0,73.89,,143.0,,274.0,47.2,23.8,10700.0,2025,Nov,116552
CEN-SR-07: Siddharthanagar Municipality City Office Ward No. 5,2025-12-01,16.74,0.0,71.62,,119.0,,226.0,46.9,23.8,8930.0,2025,Dec,98180
CEN-SR-07: Siddharthanagar Municipality City Office Ward No. 5,2025-12-02,17.01,0.0,57.67,,130.0,,258.0,50.9,22.6,9850.0,2025,Dec,98180
CEN-SR-16: Pokhara Metropolitan City Ward No. 7 Office,2025-10-16,19.62,0.0,85.38,,21.7,,33.5,27.4,39.8,1410.0,2025,Oct,128443
CEN-SR-16: Pokhara Metropolitan City Ward No. 7 Office,2025-10-17,20.15,0.0,83.92,,21.5,,32.3,35.6,33.1,1280.0,2025,Oct,128443
CEN-SR-16: Pokhara Metropolitan City Ward No. 7 Office,2025-10-19,18.75,0.0,85.67,,24.2,,36.9,34.4,33.7,1580.0,2025,Oct,128443
CEN-SR-16: Pokhara Metropolitan City Ward No. 7 Office,2025-10-26,19.36,0.04,60.69,,28.9,,45.0,38.1,31.1,1940.0,2025,Oct,128443
CEN-SR-16: Pokhara Metropolitan City Ward No. 7 Office,2025-10-27,19.51,0.35,62.52,,34.5,,55.3,48.6,25.5,2450.0,2025,Oct,128443
CEN-SR-16: Pokhara Metropolitan City Ward No. 7 Office,2025-10-28,17.07,5.06,82.36,,11.0,,19.4,55.1,22.0,897.0,2025,Oct,128443
CEN-SR-16: Pokhara Metropolitan City Ward No. 7 Office,2025-10-29,18.97,0.05,79.17,,18.9,,31.1,50.4,25.7,1230.0,2025,Oct,128443
CEN-SR-16: Pokhara Metropolitan City Ward No. 7 Office,2025-10-30,17.91,26.16,91.11,,23.8,,37.4,58.8,23.0,1480.0,2025,Oct,128443
CEN-SR-16: Pokhara Metropolitan City Ward No. 7 Office,2025-10-31,17.49,19.69,92.1,,7.99,,13.7,58.9,24.0,637.0,2025,Oct,128443
CEN-SR-16: Pokhara Metropolitan City Ward No. 7 Office,2025-11-01,19.34,1.21,89.72,,3.36,,5.83,53.4,26.3,408.0,2025,Nov,116552
CEN-SR-16: Pokhara Metropolitan City Ward No. 7 Office,2025-11-02,18.3,0.57,89.39,,11.7,,18.8,54.8,25.2,825.0,2025,Nov,116552
CEN-SR-16: Pokhara Metropolitan City Ward No. 7 Office,2025-11-03,17.86,0.8,88.26,,22.7,,37.8,51.9,27.2,1480.0,2025,Nov,116552
CEN-SR-16: Pokhara Metropolitan City Ward No. 7 Office,2025-11-04,18.45,0.04,83.4,,28.9,,45.9,44.3,29.9,1930.0,2025,Nov,116552
CEN-SR-16: Pokhara Metropolitan City Ward No. 7 Office,2025-11-05,18.6,0.03,73.25,,26.1,,41.1,47.1,27.8,1650.0,2025,Nov,116552
CEN-SR-16: Pokhara Metropolitan City Ward No. 7 Office,2025-11-06,18.4,0.0,77.31,,20.8,,33.3,44.7,28.0,1270.0,2025,Nov,116552
CEN-SR-16: Pokhara Metropolitan City Ward No. 7 Office,2025-11-07,17.79,0.0,79.59,,16.7,,27.8,30.8,34.6,1080.0,2025,Nov,116552
CEN-SR-16: Pokhara Metropolitan City Ward No. 7 Office,2025-11-09,16.82,0.0,74.78,,27.2,,41.2,39.7,29.8,1770.0,2025,Nov,116552
CEN-SR-16: Pokhara Metropolitan City Ward No. 7 Office,2025-11-10,16.6,0.0,73.23,,24.3,,36.4,44.9,26.5,1480.0,2025,Nov,116552
CEN-SR-16: Pokhara Metropolitan City Ward No. 7 Office,2025-11-11,15.94,0.0,71.77,,56.9,,87.4,37.4,28.8,3950.0,2025,Nov,116552
CEN-SR-16: Pokhara Metropolitan City Ward No. 7 Office,2025-11-12,15.52,0.0,74.19,,30.7,,47.8,42.6,24.7,2150.0,2025,Nov,116552
CEN-SR-16: Pokhara Metropolitan City Ward No. 7 Office,2025-11-13,14.71,0.0,78.73,,21.3,,32.9,26.2,33.5,1330.0,2025,Nov,116552
CEN-SR-16: Pokhara Metropolitan City Ward No. 7 Office,2025-11-14,14.93,0.0,73.61,,24.2,,37.0,40.5,22.6,1430.0,2025,Nov,116552
CEN-SR-16: Pokhara Metropolitan City Ward No. 7 Office,2025-11-16,14.78,0.0,71.34,,24.5,,37.9,26.1,31.9,1620.0,2025,Nov,116552
CEN-SR-16: Pokhara Metropolitan City Ward No. 7 Office,2025-11-17,14.49,0.0,69.61,,30.7,,46.4,35.2,26.0,2070.0,2025,Nov,116552
CEN-SR-16: Pokhara Metropolitan City Ward No. 7 Office,2025-11-18,15.84,0.0,67.8,,27.1,,40.6,30.6,29.7,1760.0,2025,Nov,116552
CEN-SR-16: Pokhara Metropolitan City Ward No. 7 Office,2025-11-19,14.9,0.0,82.74,,22.3,,34.4,27.7,33.2,1490.0,2025,Nov,116552
CEN-SR-16: Pokhara Metropolitan City Ward No. 7 Office,2025-11-20,14.74,0.0,86.61,,24.5,,36.7,32.3,30.2,1440.0,2025,Nov,116552
CEN-SR-16: Pokhara Metropolitan City Ward No. 7 Office,2025-11-21,14.54,0.0,88.15,,26.3,,39.2,32.8,29.9,1680.0,2025,Nov,116552
CEN-SR-16: Pokhara Metropolitan City Ward No. 7 Office,2025-11-23,13.93,0.0,74.64,,28.2,,42.8,28.1,33.1,1880.0,2025,Nov,116552
CEN-SR-16: Pokhara Metropolitan City Ward No. 7 Office,2025-11-24,12.85,0.0,78.98,,26.2,,40.2,26.5,31.8,1670.0,2025,Nov,116552
CEN-SR-16: Pokhara Metropolitan City Ward No. 7 Office,2025-11-25,13.77,0.0,76.37,,30.1,,47.4,27.3,31.1,2130.0,2025,Nov,116552
CEN-SR-16: Pokhara Metropolitan City Ward No. 7 Office,2025-11-26,13.48,0.0,75.11,,29.9,,44.9,26.7,29.9,1970.0,2025,Nov,116552
CEN-SR-16: Pokhara Metropolitan City Ward No. 7 Office,2025-11-27,15.02,0.0,62.69,,31.3,,47.4,31.2,28.0,2190.0,2025,Nov,116552
CEN-SR-16: Pokhara Metropolitan City Ward No. 7 Office,2025-11-28,15.28,0.0,60.16,,32.0,,47.2,33.4,26.7,2210.0,2025,Nov,116552
CEN-SR-16: Pokhara Metropolitan City Ward No. 7 Office,2025-11-30,13.12,0.0,72.05,,32.9,,47.7,31.5,30.4,2220.0,2025,Nov,116552
CEN-SR-16: Pokhara Metropolitan City Ward No. 7 Office,2025-12-01,13.26,0.0,65.74,,37.6,,56.8,38.1,25.4,2720.0,2025,Dec,98180
CEN-SR-16: Pokhara Metropolitan City Ward No. 7 Office,2025-12-02,13.59,0.0,56.48,,39.0,,60.7,42.7,23.7,2790.0,2025,Dec,98180
CEN-SR-16: Pokhara Metropolitan City Ward No. 7 Office,2025-12-03,13.11,0.0,59.92,,41.3,,64.7,41.9,24.4,3050.0,2025,Dec,98180
CEN-SR-16: Pokhara Metropolitan City Ward No. 7 Office,2025-12-04,13.25,0.0,55.61,,39.0,,61.6,42.0,23.7,2820.0,2025,Dec,98180
CEN-SR-16: Pokhara Metropolitan City Ward No. 7 Office,2025-12-05,12.76,0.0,60.21,,38.9,,62.5,41.3,23.4,2850.0,2025,Dec,98180
CEN-SR-16: Pokhara Metropolitan City Ward No. 7 Office,2025-12-06,11.96,0.0,62.94,,36.0,,57.4,41.2,22.8,2590.0,2025,Dec,98180
CEN-SR-16: Pokhara Metropolitan City Ward No. 7 Office,2025-12-07,12.07,0.0,66.69,,36.1,,56.7,41.3,21.9,2550.0,2025,Dec,98180
CEN-SR-16: Pokhara Metropolitan City Ward No. 7 Office,2025-12-08,12.83,0.0,60.95,,37.5,,58.9,41.5,22.5,2640.0,2025,Dec,98180
CEN-SR-16: Pokhara Metropolitan City Ward No. 7 Office,2025-12-09,12.45,0.0,56.97,,38.8,,60.7,41.5,22.5,2720.0,2025,Dec,98180
CEN-SR-16: Pokhara Metropolitan City Ward No. 7 Office,2025-12-10,12.22,0.0,56.26,,35.0,,53.6,41.3,22.6,2470.0,2025,Dec,98180
CEN-SR-16: Pokhara Metropolitan City Ward No. 7 Office,2025-12-11,12.66,0.0,60.07,,30.6,,46.7,44.7,20.4,2040.0,2025,Dec,98180
CEN-SR-16: Pokhara Metropolitan City Ward No. 7 Office,2025-12-12,12.75,0.0,63.93,,36.1,,54.1,35.1,25.3,2550.0,2025,Dec,98180
CEN-SR-16: Pokhara Metropolitan City Ward No. 7 Office,2025-12-13,13.08,0.0,68.24,,36.4,,54.5,41.2,22.5,2520.0,2025,Dec,98180
CEN-SR-16: Pokhara Metropolitan City Ward No. 7 Office,2025-12-14,13.41,0.0,70.56,,35.7,,53.0,41.3,22.6,2490.0,2025,Dec,98180
CEN-SR-16: Pokhara Metropolitan City Ward No. 7 Office,2025-12-15,12.09,0.0,77.13,,36.2,,54.1,41.6,22.7,2550.0,2025,Dec,98180
CEN-SR-16: Pokhara Metropolitan City Ward No. 7 Office,2025-12-16,11.44,0.0,75.32,,35.1,,52.7,40.1,22.2,2460.0,2025,Dec,98180
CEN-SR-16: Pokhara Metropolitan City Ward No. 7 Office,2025-12-17,11.3,0.0,69.9,,34.4,,51.3,40.6,21.5,2330.0,2025,Dec,98180
CEN-SR-16: Pokhara Metropolitan City Ward No. 7 Office,2025-12-18,12.57,0.0,61.05,,37.0,,54.9,41.7,22.5,2600.0,2025,Dec,98180
CEN-SR-16: Pokhara Metropolitan City Ward No. 7 Office,2025-12-19,11.31,0.0,66.39,,39.9,,59.8,42.4,22.4,2820.0,2025,Dec,98180
CEN-SR-16: Pokhara Metropolitan City Ward No. 7 Office,2025-12-20,9.69,0.0,70.78,,36.4,,54.7,41.3,21.1,2560.0,2025,Dec,98180
CEN-SR-16: Pokhara Metropolitan City Ward No. 7 Office,2025-12-21,10.19,0.0,69.11,,39.0,,58.3,41.9,21.3,2740.0,2025,Dec,98180
CEN-SR-16: Pokhara Metropolitan City Ward No. 7 Office,2025-12-22,11.35,0.0,69.04,,38.0,,57.5,44.6,21.2,2710.0,2025,Dec,98180
CEN-SR-16: Pokhara Metropolitan City Ward No. 7 Office,2025-12-24,9.59,0.0,73.78,,36.7,,57.8,29.8,29.1,2680.0,2025,Dec,98180
CEN-SR-16: Pokhara Metropolitan City Ward No. 7 Office,2025-12-26,9.43,0.0,71.05,,32.1,,49.0,30.2,26.7,2250.0,2025,Dec,98180
CEN-SR-16: Pokhara Metropolitan City Ward No. 7 Office,2025-12-28,10.2,0.0,66.06,,35.3,,56.0,32.4,26.8,2590.0,2025,Dec,98180
CEN-SR-16: Pokhara Metropolitan City Ward No. 7 Office,2025-12-29,9.29,0.4,66.67,,43.0,,69.0,39.2,23.8,3180.0,2025,Dec,98180
CEN-SR-16: Pokhara Metropolitan City Ward No. 7 Office,2025-12-30,8.59,0.0,64.51,,42.7,,70.8,44.7,21.1,3170.0,2025,Dec,98180
CEN-SR-16: Pokhara Metropolitan City Ward No. 7 Office,2025-12-31,8.71,0.0,61.13,,48.4,,79.1,43.2,21.0,3490.0,2025,Dec,98180
"CEN-SR-12: Lamahi Municipality Office, Dang",2025-10-26,20.66,0.0,56.53,,43.9,,78.9,46.9,28.0,3360.0,2025,Oct,128443
"CEN-SR-12: Lamahi Municipality Office, Dang",2025-10-27,21.34,1.22,58.05,,55.4,,99.4,56.9,24.6,4310.0,2025,Oct,128443
"CEN-SR-12: Lamahi Municipality Office, Dang",2025-10-28,19.38,5.55,79.15,,28.2,,50.3,63.9,23.0,2090.0,2025,Oct,128443
"CEN-SR-12: Lamahi Municipality Office, Dang",2025-10-29,22.1,0.11,70.21,,21.5,,38.5,57.7,25.6,1510.0,2025,Oct,128443
"CEN-SR-12: Lamahi Municipality Office, Dang",2025-10-30,20.48,18.65,88.46,,24.9,,43.3,64.0,24.3,1830.0,2025,Oct,128443
"CEN-SR-12: Lamahi Municipality Office, Dang",2025-10-31,19.88,4.12,90.35,,5.61,,10.3,67.5,23.8,544.0,2025,Oct,128443
"CEN-SR-12: Lamahi Municipality Office, Dang",2025-11-01,20.77,0.02,86.13,,15.9,,28.0,61.1,26.4,1080.0,2025,Nov,116552
"CEN-SR-12: Lamahi Municipality Office, Dang",2025-11-02,19.08,0.02,90.52,,55.3,,105.0,59.1,26.4,4220.0,2025,Nov,116552
"CEN-SR-12: Lamahi Municipality Office, Dang",2025-11-03,19.25,0.01,82.98,,79.5,,156.0,55.0,27.0,6100.0,2025,Nov,116552
"CEN-SR-12: Lamahi Municipality Office, Dang",2025-11-04,20.98,0.01,78.78,,74.2,,145.0,56.2,26.4,5700.0,2025,Nov,116552
"CEN-SR-12: Lamahi Municipality Office, Dang",2025-11-05,21.14,0.09,74.28,,53.2,,101.0,54.4,26.9,4100.0,2025,Nov,116552
"CEN-SR-12: Lamahi Municipality Office, Dang",2025-11-06,20.3,0.0,72.36,,39.4,,69.6,53.2,26.8,2970.0,2025,Nov,116552
"CEN-SR-12: Lamahi Municipality Office, Dang",2025-11-07,19.36,0.0,74.2,,50.2,,87.9,52.5,25.9,3810.0,2025,Nov,116552
"CEN-SR-12: Lamahi Municipality Office, Dang",2025-11-08,19.07,0.0,72.74,,54.5,,96.1,52.4,25.7,4110.0,2025,Nov,116552
"CEN-SR-12: Lamahi Municipality Office, Dang",2025-11-09,18.63,0.0,68.71,,42.1,,72.1,51.3,25.3,3170.0,2025,Nov,116552
"CEN-SR-12: Lamahi Municipality Office, Dang",2025-11-10,18.46,0.0,61.12,,44.1,,73.0,51.6,24.3,3290.0,2025,Nov,116552
"CEN-SR-12: Lamahi Municipality Office, Dang",2025-11-11,18.02,0.0,61.46,,42.4,,70.0,52.9,23.6,3160.0,2025,Nov,116552
"CEN-SR-12: Lamahi Municipality Office, Dang",2025-11-12,17.76,0.0,65.24,,45.9,,73.4,54.6,22.1,3500.0,2025,Nov,116552
"CEN-SR-12: Lamahi Municipality Office, Dang",2025-11-13,17.51,0.0,63.74,,47.4,,76.9,51.6,23.7,3550.0,2025,Nov,116552
"CEN-SR-12: Lamahi Municipality Office, Dang",2025-11-14,17.57,0.0,56.63,,52.7,,86.3,57.1,21.3,4020.0,2025,Nov,116552
"CEN-SR-12: Lamahi Municipality Office, Dang",2025-11-15,17.31,0.0,59.32,,52.3,,86.1,53.4,22.0,3940.0,2025,Nov,116552
"CEN-SR-12: Lamahi Municipality Office, Dang",2025-11-16,17.26,0.0,65.14,,50.0,,81.6,52.8,21.9,3760.0,2025,Nov,116552
"CEN-SR-12: Lamahi Municipality Office, Dang",2025-11-17,17.66,0.0,64.44,,45.8,,74.1,54.8,21.0,3430.0,2025,Nov,116552
"CEN-SR-12: Lamahi Municipality Office, Dang",2025-11-18,18.05,0.0,65.48,,41.3,,67.0,54.2,21.9,3060.0,2025,Nov,116552
"CEN-SR-12: Lamahi Municipality Office, Dang",2025-11-19,16.84,0.0,77.3,,55.1,,92.8,55.8,21.7,4160.0,2025,Nov,116552
"CEN-SR-12: Lamahi Municipality Office, Dang",2025-11-20,17.44,0.0,79.32,,64.5,,111.0,56.3,22.0,4900.0,2025,Nov,116552
"CEN-SR-12: Lamahi Municipality Office, Dang",2025-11-21,17.21,0.0,77.55,,52.7,,87.4,56.1,21.8,3990.0,2025,Nov,116552
"CEN-SR-12: Lamahi Municipality Office, Dang",2025-11-22,16.23,0.0,72.55,,58.9,,111.0,57.1,21.1,4510.0,2025,Nov,116552
"CEN-SR-12: Lamahi Municipality Office, Dang",2025-11-23,16.04,0.0,66.48,,72.3,,142.0,58.1,20.0,5560.0,2025,Nov,116552
"CEN-SR-12: Lamahi Municipality Office, Dang",2025-11-24,16.17,0.0,62.83,,65.2,,121.0,56.5,20.6,4960.0,2025,Nov,116552
"CEN-SR-12: Lamahi Municipality Office, Dang",2025-11-25,15.35,0.0,70.3,,50.4,,87.3,54.1,20.6,3810.0,2025,Nov,116552
"CEN-SR-12: Lamahi Municipality Office, Dang",2025-11-26,16.31,0.0,58.85,,51.9,,87.9,52.5,19.9,3780.0,2025,Nov,116552
"CEN-SR-12: Lamahi Municipality Office, Dang",2025-11-27,17.18,0.0,53.99,,44.3,,70.6,53.7,20.2,3230.0,2025,Nov,116552
"CEN-SR-12: Lamahi Municipality Office, Dang",2025-11-28,17.85,0.0,55.04,,43.0,,67.3,54.5,20.9,3130.0,2025,Nov,116552
"CEN-SR-12: Lamahi Municipality Office, Dang",2025-11-29,16.52,0.0,60.17,,44.8,,69.5,52.7,20.3,3290.0,2025,Nov,116552
"CEN-SR-12: Lamahi Municipality Office, Dang",2025-11-30,16.38,0.0,55.29,,61.7,,101.0,53.2,20.0,4580.0,2025,Nov,116552
"CEN-SR-12: Lamahi Municipality Office, Dang",2025-12-01,15.75,0.0,53.78,,78.4,,134.0,57.0,19.7,5880.0,2025,Dec,98180
"CEN-SR-12: Lamahi Municipality Office, Dang",2025-12-02,15.02,0.0,57.53,,69.6,,120.0,58.6,20.3,5260.0,2025,Dec,98180
"CEN-SR-12: Lamahi Municipality Office, Dang",2025-12-03,15.26,0.0,56.06,,55.5,,94.9,56.5,20.8,4200.0,2025,Dec,98180
"CEN-SR-12: Lamahi Municipality Office, Dang",2025-12-04,15.05,0.0,52.24,,51.7,,86.7,54.2,20.0,3880.0,2025,Dec,98180
"CEN-SR-12: Lamahi Municipality Office, Dang",2025-12-05,14.25,0.0,58.83,,51.4,,86.1,55.7,19.5,3860.0,2025,Dec,98180
"CEN-SR-12: Lamahi Municipality Office, Dang",2025-12-06,14.59,0.0,57.42,,54.9,,92.8,55.5,19.5,4120.0,2025,Dec,98180
"CEN-SR-12: Lamahi Municipality Office, Dang",2025-12-07,14.88,0.0,56.54,,68.1,,117.0,56.3,19.6,5100.0,2025,Dec,98180
"CEN-SR-12: Lamahi Municipality Office, Dang",2025-12-08,15.32,0.0,53.58,,55.9,,92.4,56.5,19.3,4150.0,2025,Dec,98180
"CEN-SR-12: Lamahi Municipality Office, Dang",2025-12-09,15.12,0.0,50.29,,49.8,,80.9,55.6,19.4,3670.0,2025,Dec,98180
"CEN-SR-12: Lamahi Municipality Office, Dang",2025-12-10,15.12,0.0,51.03,,69.9,,121.0,55.9,19.1,5240.0,2025,Dec,98180
"CEN-SR-12: Lamahi Municipality Office, Dang",2025-12-11,14.88,0.0,53.85,,67.4,,119.0,57.1,19.7,5050.0,2025,Dec,98180
"CEN-SR-12: Lamahi Municipality Office, Dang",2025-12-12,15.09,0.0,58.0,,56.1,,91.6,54.8,19.6,4200.0,2025,Dec,98180
"CEN-SR-12: Lamahi Municipality Office, Dang",2025-12-13,15.33,0.0,60.02,,52.5,,84.9,54.5,19.3,3890.0,2025,Dec,98180
"CEN-SR-12: Lamahi Municipality Office, Dang",2025-12-14,15.6,0.0,64.92,,51.3,,82.5,55.2,19.5,3760.0,2025,Dec,98180
"CEN-SR-12: Lamahi Municipality Office, Dang",2025-12-15,15.02,0.0,68.22,,58.7,,96.2,54.0,18.9,4290.0,2025,Dec,98180
"CEN-SR-12: Lamahi Municipality Office, Dang",2025-12-16,14.28,0.0,65.68,,63.3,,107.0,55.9,18.2,4650.0,2025,Dec,98180
"CEN-SR-12: Lamahi Municipality Office, Dang",2025-12-17,13.86,0.0,64.48,,61.5,,104.0,56.2,18.5,4570.0,2025,Dec,98180
"CEN-SR-12: Lamahi Municipality Office, Dang",2025-12-18,14.83,0.0,57.64,,51.6,,83.5,55.0,18.5,3770.0,2025,Dec,98180
"CEN-SR-12: Lamahi Municipality Office, Dang",2025-12-19,12.55,0.0,63.32,,45.1,,75.7,57.8,18.3,3370.0,2025,Dec,98180
"CEN-SR-12: Lamahi Municipality Office, Dang",2025-12-20,11.3,0.0,67.96,,40.9,,70.3,57.7,17.9,3040.0,2025,Dec,98180
"CEN-SR-12: Lamahi Municipality Office, Dang",2025-12-21,12.09,0.0,65.81,,40.6,,67.5,54.3,19.0,3020.0,2025,Dec,98180
"CEN-SR-12: Lamahi Municipality Office, Dang",2025-12-22,12.53,0.0,71.05,,45.7,,72.6,52.8,19.7,3400.0,2025,Dec,98180
"CEN-SR-12: Lamahi Municipality Office, Dang",2025-12-23,12.61,0.0,67.15,,53.8,,95.7,55.6,19.1,4100.0,2025,Dec,98180
"CEN-SR-12: Lamahi Municipality Office, Dang",2025-12-24,12.4,0.0,56.8,,65.8,,119.0,58.1,17.5,4960.0,2025,Dec,98180
"CEN-SR-12: Lamahi Municipality Office, Dang",2025-12-25,11.17,0.0,63.56,,58.4,,100.0,56.2,17.9,4350.0,2025,Dec,98180
"CEN-SR-12: Lamahi Municipality Office, Dang",2025-12-26,11.39,0.0,66.71,,50.0,,84.9,57.2,18.2,3700.0,2025,Dec,98180
"CEN-SR-12: Lamahi Municipality Office, Dang",2025-12-27,12.15,0.0,61.76,,40.6,,70.4,59.5,18.4,3010.0,2025,Dec,98180
"CEN-SR-12: Lamahi Municipality Office, Dang",2025-12-28,11.33,0.0,63.78,,30.1,,51.2,60.8,16.8,2000.0,2025,Dec,98180
"CEN-SR-12: Lamahi Municipality Office, Dang",2025-12-29,11.07,0.1,61.55,,26.6,,43.8,60.9,15.8,1570.0,2025,Dec,98180
"CEN-SR-12: Lamahi Municipality Office, Dang",2025-12-30,10.78,0.0,59.14,,33.7,,57.1,58.6,15.8,2290.0,2025,Dec,98180
"CEN-SR-12: Lamahi Municipality Office, Dang",2025-12-31,11.07,0.0,55.68,,35.5,,59.4,56.1,16.9,2520.0,2025,Dec,98180
CEN-SR-22:Birendranagar Ward 12 Sahakari Chowk,2025-10-26,18.72,0.0,51.2,,31.0,,54.6,48.4,25.6,2150.0,2025,Oct,128443
CEN-SR-22:Birendranagar Ward 12 Sahakari Chowk,2025-10-27,19.03,0.65,53.2,,42.5,,76.9,55.4,21.9,3140.0,2025,Oct,128443
CEN-SR-22:Birendranagar Ward 12 Sahakari Chowk,2025-10-28,18.64,7.35,65.72,,27.4,,45.9,64.0,21.1,1800.0,2025,Oct,128443
CEN-SR-22:Birendranagar Ward 12 Sahakari Chowk,2025-10-29,20.07,0.04,69.18,,19.3,,32.8,57.9,23.4,1300.0,2025,Oct,128443
CEN-SR-22:Birendranagar Ward 12 Sahakari Chowk,2025-10-30,19.16,14.77,83.82,,21.9,,37.1,61.9,22.9,1390.0,2025,Oct,128443
CEN-SR-22:Birendranagar Ward 12 Sahakari Chowk,2025-10-31,18.58,5.79,85.42,,23.6,,38.2,59.7,24.2,1440.0,2025,Oct,128443
CEN-SR-22:Birendranagar Ward 12 Sahakari Chowk,2025-11-01,19.46,0.17,83.33,,24.8,,42.2,56.8,25.3,1590.0,2025,Nov,116552
CEN-SR-22:Birendranagar Ward 12 Sahakari Chowk,2025-11-02,18.1,0.21,87.72,,30.4,,51.5,60.4,23.1,2030.0,2025,Nov,116552
CEN-SR-22:Birendranagar Ward 12 Sahakari Chowk,2025-11-05,19.02,0.17,74.78,,26.7,,45.3,47.4,27.9,1740.0,2025,Nov,116552
CEN-SR-22:Birendranagar Ward 12 Sahakari Chowk,2025-11-06,18.45,0.0,70.8,,28.7,,48.0,50.4,25.0,1860.0,2025,Nov,116552
CEN-SR-22:Birendranagar Ward 12 Sahakari Chowk,2025-11-07,18.0,0.0,70.77,,30.7,,50.7,51.7,24.1,2050.0,2025,Nov,116552
CEN-SR-22:Birendranagar Ward 12 Sahakari Chowk,2025-11-08,17.55,0.0,69.08,,31.8,,54.5,51.7,23.2,2210.0,2025,Nov,116552
CEN-SR-22:Birendranagar Ward 12 Sahakari Chowk,2025-11-09,17.03,0.0,67.64,,20.8,,36.4,48.6,22.9,1380.0,2025,Nov,116552
CEN-SR-22:Birendranagar Ward 12 Sahakari Chowk,2025-11-10,16.65,0.0,61.63,,25.5,,43.5,50.3,22.6,1680.0,2025,Nov,116552
CEN-SR-22:Birendranagar Ward 12 Sahakari Chowk,2025-11-11,16.49,0.0,63.56,,23.8,,38.5,51.7,21.7,1520.0,2025,Nov,116552
CEN-SR-22:Birendranagar Ward 12 Sahakari Chowk,2025-11-12,16.39,0.0,64.04,,27.5,,44.9,53.7,19.8,1810.0,2025,Nov,116552
CEN-SR-22:Birendranagar Ward 12 Sahakari Chowk,2025-11-13,15.94,0.0,64.0,,26.4,,41.3,48.2,22.3,1690.0,2025,Nov,116552
CEN-SR-22:Birendranagar Ward 12 Sahakari Chowk,2025-11-14,15.59,0.0,65.71,,32.1,,50.0,57.0,18.9,2150.0,2025,Nov,116552
CEN-SR-22:Birendranagar Ward 12 Sahakari Chowk,2025-11-15,15.28,0.0,61.94,,30.3,,47.8,52.4,20.8,1970.0,2025,Nov,116552
CEN-SR-22:Birendranagar Ward 12 Sahakari Chowk,2025-11-16,15.51,0.0,68.5,,29.9,,47.4,48.9,22.0,1930.0,2025,Nov,116552
CEN-SR-22:Birendranagar Ward 12 Sahakari Chowk,2025-11-17,15.65,0.0,69.4,,33.8,,51.8,49.2,21.3,2240.0,2025,Nov,116552
CEN-SR-22:Birendranagar Ward 12 Sahakari Chowk,2025-11-18,16.58,0.0,67.48,,29.4,,47.0,48.5,21.8,1890.0,2025,Nov,116552
CEN-SR-22:Birendranagar Ward 12 Sahakari Chowk,2025-11-19,15.46,0.0,77.5,,27.7,,44.9,50.7,21.5,1800.0,2025,Nov,116552
CEN-SR-22:Birendranagar Ward 12 Sahakari Chowk,2025-11-20,15.47,0.0,81.36,,34.2,,55.1,50.9,21.6,2350.0,2025,Nov,116552
CEN-SR-22:Birendranagar Ward 12 Sahakari Chowk,2025-11-21,15.39,0.0,77.91,,35.0,,56.6,52.9,20.6,2360.0,2025,Nov,116552
CEN-SR-22:Birendranagar Ward 12 Sahakari Chowk,2025-11-22,14.71,0.0,73.47,,35.6,,59.2,52.9,20.0,2490.0,2025,Nov,116552
CEN-SR-22:Birendranagar Ward 12 Sahakari Chowk,2025-11-23,14.27,0.0,68.89,,42.0,,73.6,54.1,18.9,3040.0,2025,Nov,116552
CEN-SR-22:Birendranagar Ward 12 Sahakari Chowk,2025-11-24,13.93,0.0,63.05,,34.8,,58.2,50.4,19.7,2390.0,2025,Nov,116552
CEN-SR-22:Birendranagar Ward 12 Sahakari Chowk,2025-11-25,13.57,0.0,66.85,,34.6,,57.2,47.4,20.4,2350.0,2025,Nov,116552
CEN-SR-22:Birendranagar Ward 12 Sahakari Chowk,2025-11-26,14.15,0.0,60.46,,31.3,,51.0,47.6,19.9,2070.0,2025,Nov,116552
CEN-SR-22:Birendranagar Ward 12 Sahakari Chowk,2025-11-27,15.15,0.0,57.19,,30.7,,49.8,48.1,19.7,2030.0,2025,Nov,116552
CEN-SR-22:Birendranagar Ward 12 Sahakari Chowk,2025-11-28,15.7,0.0,57.01,,26.0,,42.3,50.2,19.2,1690.0,2025,Nov,116552
CEN-SR-22:Birendranagar Ward 12 Sahakari Chowk,2025-11-29,15.02,0.0,57.47,,28.0,,44.6,46.5,20.8,1900.0,2025,Nov,116552
CEN-SR-22:Birendranagar Ward 12 Sahakari Chowk,2025-11-30,15.11,0.0,54.48,,27.6,,44.6,49.5,20.0,1850.0,2025,Nov,116552
CEN-SR-22:Birendranagar Ward 12 Sahakari Chowk,2025-12-01,14.8,0.0,57.57,,38.6,,62.5,52.3,19.9,2710.0,2025,Dec,98180
CEN-SR-22:Birendranagar Ward 12 Sahakari Chowk,2025-12-02,13.85,0.0,65.55,,50.0,,83.0,51.1,20.6,3650.0,2025,Dec,98180
CEN-SR-22:Birendranagar Ward 12 Sahakari Chowk,2025-12-03,12.74,0.0,62.71,,40.8,,66.1,51.7,19.7,2860.0,2025,Dec,98180
CEN-SR-22:Birendranagar Ward 12 Sahakari Chowk,2025-12-04,13.32,0.0,53.32,,36.4,,60.0,51.6,19.0,2530.0,2025,Dec,98180
CEN-SR-22:Birendranagar Ward 12 Sahakari Chowk,2025-12-05,13.05,0.0,59.1,,36.2,,58.4,50.7,19.4,2480.0,2025,Dec,98180
CEN-SR-22:Birendranagar Ward 12 Sahakari Chowk,2025-12-06,13.57,0.0,54.47,,34.6,,56.3,49.0,19.7,2370.0,2025,Dec,98180
CEN-SR-22:Birendranagar Ward 12 Sahakari Chowk,2025-12-07,14.2,0.0,52.93,,40.2,,65.4,52.3,18.8,2800.0,2025,Dec,98180
CEN-SR-22:Birendranagar Ward 12 Sahakari Chowk,2025-12-08,14.51,0.0,48.52,,38.1,,61.9,53.5,18.5,2630.0,2025,Dec,98180
CEN-SR-22:Birendranagar Ward 12 Sahakari Chowk,2025-12-09,13.53,0.0,49.62,,35.2,,56.1,52.3,18.6,2360.0,2025,Dec,98180
CEN-SR-22:Birendranagar Ward 12 Sahakari Chowk,2025-12-10,13.54,0.0,50.38,,36.4,,58.2,52.7,18.3,2470.0,2025,Dec,98180
CEN-SR-22:Birendranagar Ward 12 Sahakari Chowk,2025-12-11,14.04,0.0,53.1,,42.0,,69.7,54.5,18.6,3000.0,2025,Dec,98180
CEN-SR-22:Birendranagar Ward 12 Sahakari Chowk,2025-12-12,13.73,0.0,59.17,,38.9,,63.1,50.3,19.7,2670.0,2025,Dec,98180
CEN-SR-22:Birendranagar Ward 12 Sahakari Chowk,2025-12-13,13.57,0.0,63.87,,40.3,,63.8,51.1,19.4,2740.0,2025,Dec,98180
CEN-SR-22:Birendranagar Ward 12 Sahakari Chowk,2025-12-14,14.12,0.0,66.08,,44.0,,74.4,50.8,19.8,3080.0,2025,Dec,98180
CEN-SR-22:Birendranagar Ward 12 Sahakari Chowk,2025-12-15,13.87,0.0,67.15,,33.7,,53.1,52.1,18.6,2250.0,2025,Dec,98180
CEN-SR-22:Birendranagar Ward 12 Sahakari Chowk,2025-12-16,13.45,0.0,63.28,,43.8,,71.0,51.2,19.0,3110.0,2025,Dec,98180
CEN-SR-22:Birendranagar Ward 12 Sahakari Chowk,2025-12-17,13.06,0.0,57.17,,51.7,,85.7,53.2,18.3,3790.0,2025,Dec,98180
CEN-SR-22:Birendranagar Ward 12 Sahakari Chowk,2025-12-18,14.1,0.0,52.64,,43.7,,70.0,53.3,18.5,3070.0,2025,Dec,98180
CEN-SR-22:Birendranagar Ward 12 Sahakari Chowk,2025-12-19,12.69,0.0,54.08,,47.0,,76.9,52.2,18.1,3290.0,2025,Dec,98180
CEN-SR-22:Birendranagar Ward 12 Sahakari Chowk,2025-12-20,11.42,0.0,60.69,,42.6,,67.5,53.4,17.2,2990.0,2025,Dec,98180
CEN-SR-22:Birendranagar Ward 12 Sahakari Chowk,2025-12-21,12.65,0.0,61.3,,42.6,,67.6,53.1,17.7,2990.0,2025,Dec,98180
CEN-SR-22:Birendranagar Ward 12 Sahakari Chowk,2025-12-22,13.27,0.0,63.55,,40.5,,63.5,53.3,18.4,2790.0,2025,Dec,98180
CEN-SR-22:Birendranagar Ward 12 Sahakari Chowk,2025-12-23,13.18,0.0,55.04,,45.9,,72.1,52.2,18.6,3260.0,2025,Dec,98180
CEN-SR-22:Birendranagar Ward 12 Sahakari Chowk,2025-12-24,12.03,0.0,50.57,,39.4,,67.0,56.7,16.3,2870.0,2025,Dec,98180
CEN-SR-22:Birendranagar Ward 12 Sahakari Chowk,2025-12-25,10.77,0.0,55.96,,40.4,,68.5,50.6,18.2,2870.0,2025,Dec,98180
CEN-SR-22:Birendranagar Ward 12 Sahakari Chowk,2025-12-26,11.1,0.0,58.92,,48.1,,77.4,53.4,17.5,3410.0,2025,Dec,98180
CEN-SR-22:Birendranagar Ward 12 Sahakari Chowk,2025-12-27,11.85,0.0,53.43,,50.6,,82.6,51.4,18.0,3620.0,2025,Dec,98180
CEN-SR-22:Birendranagar Ward 12 Sahakari Chowk,2025-12-28,11.64,0.0,54.45,,48.1,,79.1,50.0,18.2,3410.0,2025,Dec,98180
CEN-SR-22:Birendranagar Ward 12 Sahakari Chowk,2025-12-29,11.01,0.14,55.0,,58.6,,96.4,53.1,16.8,4230.0,2025,Dec,98180
CEN-SR-22:Birendranagar Ward 12 Sahakari Chowk,2025-12-30,11.23,0.0,52.71,,52.8,,90.5,51.2,17.9,3890.0,2025,Dec,98180
CEN-SR-22:Birendranagar Ward 12 Sahakari Chowk,2025-12-31,11.31,0.0,51.91,,42.6,,74.0,52.6,16.9,3170.0,2025,Dec,98180
"CEN-SR-05: Shree Vindhyavasini Secondary School, Pokhara",2025-11-04,8.47,0.22,87.74,,25.0,,40.6,56.5,25.2,1540.0,2025,Nov,116552
"CEN-SR-05: Shree Vindhyavasini Secondary School, Pokhara",2025-11-05,7.01,0.08,81.45,,20.9,,35.1,54.7,24.0,1270.0,2025,Nov,116552
"CEN-SR-05: Shree Vindhyavasini Secondary School, Pokhara",2025-11-06,6.63,0.0,82.06,,21.0,,35.6,53.6,23.1,1370.0,2025,Nov,116552
"CEN-SR-05: Shree Vindhyavasini Secondary School, Pokhara",2025-11-07,6.79,0.0,73.11,,23.0,,38.0,54.4,22.9,1480.0,2025,Nov,116552
"CEN-SR-05: Shree Vindhyavasini Secondary School, Pokhara",2025-11-08,6.84,0.0,66.95,,21.8,,35.3,53.8,22.9,1370.0,2025,Nov,116552
"CEN-SR-05: Shree Vindhyavasini Secondary School, Pokhara",2025-11-09,6.12,0.0,72.2,,26.2,,41.4,54.5,22.0,1720.0,2025,Nov,116552
"CEN-SR-05: Shree Vindhyavasini Secondary School, Pokhara",2025-11-10,5.76,0.0,64.87,,24.4,,38.1,52.4,21.4,1520.0,2025,Nov,116552
"CEN-SR-05: Shree Vindhyavasini Secondary School, Pokhara",2025-11-11,6.13,0.0,53.08,,23.8,,37.2,52.1,21.3,1450.0,2025,Nov,116552
"CEN-SR-05: Shree Vindhyavasini Secondary School, Pokhara",2025-11-12,6.27,0.0,53.45,,26.4,,41.3,54.6,20.3,1680.0,2025,Nov,116552
"CEN-SR-05: Shree Vindhyavasini Secondary School, Pokhara",2025-11-13,5.27,0.0,61.85,,29.6,,46.7,51.4,20.7,1930.0,2025,Nov,116552
"CEN-SR-05: Shree Vindhyavasini Secondary School, Pokhara",2025-11-14,4.86,0.0,60.71,,27.6,,43.2,54.6,18.1,1710.0,2025,Nov,116552
"CEN-SR-05: Shree Vindhyavasini Secondary School, Pokhara",2025-11-15,5.15,0.0,58.58,,28.3,,44.7,50.6,19.2,1800.0,2025,Nov,116552
"CEN-SR-05: Shree Vindhyavasini Secondary School, Pokhara",2025-11-16,5.42,0.0,52.67,,28.1,,44.9,49.1,19.6,1810.0,2025,Nov,116552
"CEN-SR-05: Shree Vindhyavasini Secondary School, Pokhara",2025-11-17,4.98,0.0,55.15,,29.7,,48.2,50.4,19.3,1950.0,2025,Nov,116552
"CEN-SR-05: Shree Vindhyavasini Secondary School, Pokhara",2025-11-18,6.48,0.0,61.67,,29.4,,47.5,51.3,19.6,1980.0,2025,Nov,116552
"CEN-SR-05: Shree Vindhyavasini Secondary School, Pokhara",2025-11-19,5.97,0.0,71.45,,31.2,,49.2,53.2,19.9,2060.0,2025,Nov,116552
"CEN-SR-05: Shree Vindhyavasini Secondary School, Pokhara",2025-11-20,5.4,0.0,79.23,,32.1,,50.9,53.2,20.0,2140.0,2025,Nov,116552
"CEN-SR-05: Shree Vindhyavasini Secondary School, Pokhara",2025-11-21,4.62,0.0,81.34,,32.5,,50.6,54.1,19.8,2160.0,2025,Nov,116552
"CEN-SR-05: Shree Vindhyavasini Secondary School, Pokhara",2025-11-22,3.9,0.0,71.15,,31.9,,49.8,53.3,20.0,2120.0,2025,Nov,116552
"CEN-SR-05: Shree Vindhyavasini Secondary School, Pokhara",2025-11-23,3.34,0.0,67.74,,34.8,,55.6,52.2,19.7,2350.0,2025,Nov,116552
"CEN-SR-05: Shree Vindhyavasini Secondary School, Pokhara",2025-11-24,3.07,0.0,59.62,,33.3,,54.7,49.6,19.8,2250.0,2025,Nov,116552
"CEN-SR-05: Shree Vindhyavasini Secondary School, Pokhara",2025-11-25,3.2,0.0,59.32,,35.0,,57.3,46.2,18.9,2310.0,2025,Nov,116552
"CEN-SR-05: Shree Vindhyavasini Secondary School, Pokhara",2025-11-26,4.83,0.0,52.85,,29.7,,48.6,45.3,18.5,1970.0,2025,Nov,116552
"CEN-SR-05: Shree Vindhyavasini Secondary School, Pokhara",2025-11-27,5.22,0.0,53.12,,37.4,,61.3,49.5,18.8,2670.0,2025,Nov,116552
"CEN-SR-05: Shree Vindhyavasini Secondary School, Pokhara",2025-11-28,4.78,0.0,52.55,,37.1,,58.9,48.4,18.9,2490.0,2025,Nov,116552
"CEN-SR-05: Shree Vindhyavasini Secondary School, Pokhara",2025-11-29,5.68,0.0,46.54,,30.8,,47.9,50.9,19.2,2030.0,2025,Nov,116552
"CEN-SR-05: Shree Vindhyavasini Secondary School, Pokhara",2025-11-30,5.9,0.0,42.31,,31.6,,49.2,51.5,19.5,2080.0,2025,Nov,116552
"CEN-SR-05: Shree Vindhyavasini Secondary School, Pokhara",2025-12-01,5.92,0.0,42.59,,37.7,,59.6,51.7,19.1,2560.0,2025,Dec,98180
"CEN-SR-05: Shree Vindhyavasini Secondary School, Pokhara",2025-12-02,4.57,0.0,42.31,,37.0,,59.2,52.5,19.4,2580.0,2025,Dec,98180
"CEN-SR-05: Shree Vindhyavasini Secondary School, Pokhara",2025-12-03,2.15,0.0,54.81,,36.9,,60.3,51.2,19.8,2610.0,2025,Dec,98180
"CEN-SR-05: Shree Vindhyavasini Secondary School, Pokhara",2025-12-04,1.63,0.0,54.19,,36.6,,59.0,51.0,18.7,2490.0,2025,Dec,98180
"CEN-SR-05: Shree Vindhyavasini Secondary School, Pokhara",2025-12-05,3.47,0.0,43.38,,38.2,,63.1,51.2,18.5,2610.0,2025,Dec,98180
"CEN-SR-05: Shree Vindhyavasini Secondary School, Pokhara",2025-12-06,3.87,0.0,43.44,,37.9,,62.8,49.9,17.7,2500.0,2025,Dec,98180
"CEN-SR-05: Shree Vindhyavasini Secondary School, Pokhara",2025-12-07,5.44,0.0,44.72,,39.8,,65.4,50.0,17.6,2660.0,2025,Dec,98180
"CEN-SR-05: Shree Vindhyavasini Secondary School, Pokhara",2025-12-08,3.91,0.0,44.45,,40.3,,65.9,49.4,17.7,2700.0,2025,Dec,98180
"CEN-SR-05: Shree Vindhyavasini Secondary School, Pokhara",2025-12-09,1.89,0.0,44.5,,37.9,,61.2,50.5,17.7,2520.0,2025,Dec,98180
"CEN-SR-05: Shree Vindhyavasini Secondary School, Pokhara",2025-12-10,2.55,0.0,44.5,,35.0,,55.9,50.9,17.9,2300.0,2025,Dec,98180
"CEN-SR-05: Shree Vindhyavasini Secondary School, Pokhara",2025-12-11,4.18,0.0,44.6,,34.7,,55.3,50.0,17.7,2260.0,2025,Dec,98180
"CEN-SR-05: Shree Vindhyavasini Secondary School, Pokhara",2025-12-12,4.18,0.0,49.99,,34.6,,55.8,48.5,17.4,2310.0,2025,Dec,98180
"CEN-SR-05: Shree Vindhyavasini Secondary School, Pokhara",2025-12-13,4.1,0.0,55.24,,38.1,,59.6,50.2,17.5,2540.0,2025,Dec,98180
"CEN-SR-05: Shree Vindhyavasini Secondary School, Pokhara",2025-12-14,5.0,0.0,54.98,,34.3,,53.1,49.3,17.7,2270.0,2025,Dec,98180
"CEN-SR-05: Shree Vindhyavasini Secondary School, Pokhara",2025-12-15,4.03,0.0,55.72,,34.7,,53.1,50.1,17.8,2260.0,2025,Dec,98180
"CEN-SR-05: Shree Vindhyavasini Secondary School, Pokhara",2025-12-16,3.46,0.0,51.47,,33.8,,52.8,48.9,17.6,2220.0,2025,Dec,98180
"CEN-SR-05: Shree Vindhyavasini Secondary School, Pokhara",2025-12-17,3.76,0.0,50.21,,36.3,,56.3,50.0,17.6,2380.0,2025,Dec,98180
"CEN-SR-05: Shree Vindhyavasini Secondary School, Pokhara",2025-12-18,5.83,0.0,42.66,,38.1,,58.5,49.9,17.9,2530.0,2025,Dec,98180
"CEN-SR-05: Shree Vindhyavasini Secondary School, Pokhara",2025-12-19,6.37,0.0,39.67,,36.0,,55.6,50.2,17.7,2380.0,2025,Dec,98180
"CEN-SR-05: Shree Vindhyavasini Secondary School, Pokhara",2025-12-20,5.81,0.0,43.46,,38.4,,60.3,49.2,17.7,2560.0,2025,Dec,98180
"CEN-SR-05: Shree Vindhyavasini Secondary School, Pokhara",2025-12-21,6.66,0.0,39.63,,39.7,,62.4,50.6,17.7,2630.0,2025,Dec,98180
"CEN-SR-05: Shree Vindhyavasini Secondary School, Pokhara",2025-12-22,6.22,0.0,42.67,,39.0,,60.9,51.7,18.0,2600.0,2025,Dec,98180
"CEN-SR-05: Shree Vindhyavasini Secondary School, Pokhara",2025-12-23,5.79,0.0,36.27,,43.1,,68.8,52.8,17.8,2930.0,2025,Dec,98180
"CEN-SR-05: Shree Vindhyavasini Secondary School, Pokhara",2025-12-24,3.91,0.0,37.53,,41.6,,66.8,51.1,17.2,2760.0,2025,Dec,98180
"CEN-SR-05: Shree Vindhyavasini Secondary School, Pokhara",2025-12-25,3.14,0.0,38.82,,42.2,,66.9,51.3,16.6,2770.0,2025,Dec,98180
"CEN-SR-05: Shree Vindhyavasini Secondary School, Pokhara",2025-12-26,3.61,0.0,43.35,,36.7,,58.9,49.2,16.6,2340.0,2025,Dec,98180
"CEN-SR-05: Shree Vindhyavasini Secondary School, Pokhara",2025-12-27,3.63,0.0,44.43,,40.9,,66.8,50.0,17.0,2690.0,2025,Dec,98180
"CEN-SR-05: Shree Vindhyavasini Secondary School, Pokhara",2025-12-28,3.73,0.0,44.28,,41.1,,67.4,51.8,17.3,2780.0,2025,Dec,98180
"CEN-SR-05: Shree Vindhyavasini Secondary School, Pokhara",2025-12-29,2.44,0.22,47.26,,38.8,,63.7,52.9,17.7,2680.0,2025,Dec,98180
"CEN-SR-05: Shree Vindhyavasini Secondary School, Pokhara",2025-12-30,1.64,0.0,48.8,,43.2,,73.3,55.8,16.9,3010.0,2025,Dec,98180
"CEN-SR-05: Shree Vindhyavasini Secondary School, Pokhara",2025-12-31,2.15,0.0,46.29,,45.0,,76.5,55.3,16.5,3140.0,2025,Dec,98180
Sitapaila (SC-30) - GD Labs,2025-11-06,21.09,0.0,74.44,,14.4,,25.3,41.6,25.9,945.0,2025,Nov,116552
Sitapaila (SC-30) - GD Labs,2025-11-07,19.79,0.0,80.38,,19.5,,31.0,42.5,24.6,1230.0,2025,Nov,116552
Sitapaila (SC-30) - GD Labs,2025-11-08,19.36,0.0,78.63,,22.2,,34.3,42.3,24.1,1350.0,2025,Nov,116552
Sitapaila (SC-30) - GD Labs,2025-11-09,19.26,0.0,77.32,,24.9,,38.3,40.3,24.4,1590.0,2025,Nov,116552
Sitapaila (SC-30) - GD Labs,2025-11-10,17.99,0.0,78.49,,24.1,,36.8,40.9,23.7,1490.0,2025,Nov,116552
Sitapaila (SC-30) - GD Labs,2025-11-11,17.36,0.0,79.38,,26.1,,40.3,40.9,23.1,1700.0,2025,Nov,116552
Sitapaila (SC-30) - GD Labs,2025-11-12,17.34,0.0,78.19,,29.6,,46.2,42.7,22.1,1980.0,2025,Nov,116552
Sitapaila (SC-30) - GD Labs,2025-11-13,17.14,0.0,76.34,,29.7,,46.3,40.0,23.1,2020.0,2025,Nov,116552
Sitapaila (SC-30) - GD Labs,2025-11-14,17.23,0.0,71.59,,31.6,,49.5,43.0,21.5,2190.0,2025,Nov,116552
Sitapaila (SC-30) - GD Labs,2025-11-15,17.24,0.0,74.29,,27.4,,42.2,37.9,23.8,1750.0,2025,Nov,116552
Sitapaila (SC-30) - GD Labs,2025-11-16,17.51,0.0,70.44,,30.6,,47.5,39.4,22.6,2070.0,2025,Nov,116552
Sitapaila (SC-30) - GD Labs,2025-11-17,16.94,0.0,71.39,,31.8,,48.8,40.0,22.3,2170.0,2025,Nov,116552
Sitapaila (SC-30) - GD Labs,2025-11-18,17.25,0.0,71.82,,34.0,,52.0,40.4,22.6,2350.0,2025,Nov,116552
Sitapaila (SC-30) - GD Labs,2025-11-19,17.49,0.0,81.01,,32.4,,49.4,41.2,22.6,2220.0,2025,Nov,116552
Sitapaila (SC-30) - GD Labs,2025-11-20,17.43,0.0,82.81,,30.6,,46.3,41.7,22.4,2030.0,2025,Nov,116552
Sitapaila (SC-30) - GD Labs,2025-11-21,17.26,0.0,82.89,,28.2,,42.2,41.6,22.4,1870.0,2025,Nov,116552
Sitapaila (SC-30) - GD Labs,2025-11-22,16.72,0.0,84.6,,29.7,,44.4,39.8,22.0,1960.0,2025,Nov,116552
Sitapaila (SC-30) - GD Labs,2025-11-23,16.13,0.0,81.08,,35.6,,55.4,40.1,21.6,2480.0,2025,Nov,116552
Sitapaila (SC-30) - GD Labs,2025-11-24,15.06,0.0,78.48,,38.4,,64.7,40.1,21.6,2840.0,2025,Nov,116552
Sitapaila (SC-30) - GD Labs,2025-11-25,15.6,0.0,75.33,,41.1,,68.0,38.3,20.7,2980.0,2025,Nov,116552
Sitapaila (SC-30) - GD Labs,2025-11-26,16.08,0.0,75.38,,38.4,,60.2,37.3,20.6,2750.0,2025,Nov,116552
Sitapaila (SC-30) - GD Labs,2025-11-27,17.27,0.0,72.76,,49.3,,76.4,37.7,20.9,3580.0,2025,Nov,116552
Sitapaila (SC-30) - GD Labs,2025-11-28,17.21,0.0,70.96,,43.2,,65.4,36.4,21.5,3130.0,2025,Nov,116552
Sitapaila (SC-30) - GD Labs,2025-11-29,16.32,0.0,75.51,,37.0,,55.7,37.2,21.2,2650.0,2025,Nov,116552
Sitapaila (SC-30) - GD Labs,2025-11-30,15.7,0.0,74.13,,36.8,,54.7,38.6,20.5,2550.0,2025,Nov,116552
Sitapaila (SC-30) - GD Labs,2025-12-01,15.1,0.0,76.66,,45.4,,68.7,41.8,20.9,3310.0,2025,Dec,98180
Sitapaila (SC-30) - GD Labs,2025-12-02,14.26,0.0,67.48,,51.0,,82.1,42.5,21.0,3760.0,2025,Dec,98180
Sitapaila (SC-30) - GD Labs,2025-12-03,14.74,0.0,66.95,,47.2,,78.1,43.7,20.8,3510.0,2025,Dec,98180
Sitapaila (SC-30) - GD Labs,2025-12-04,14.68,0.0,65.29,,38.7,,64.0,39.5,21.0,2850.0,2025,Dec,98180
Sitapaila (SC-30) - GD Labs,2025-12-05,14.45,0.0,67.58,,36.6,,59.6,39.2,20.6,2650.0,2025,Dec,98180
Sitapaila (SC-30) - GD Labs,2025-12-06,13.84,0.0,67.39,,45.4,,73.2,38.7,20.3,3310.0,2025,Dec,98180
Sitapaila (SC-30) - GD Labs,2025-12-07,13.91,0.0,70.27,,48.5,,78.1,40.9,19.7,3600.0,2025,Dec,98180
Sitapaila (SC-30) - GD Labs,2025-12-08,14.56,0.0,72.41,,46.5,,73.7,40.9,20.1,3370.0,2025,Dec,98180
Sitapaila (SC-30) - GD Labs,2025-12-09,14.79,0.0,70.79,,44.6,,69.3,40.6,20.0,3250.0,2025,Dec,98180
Sitapaila (SC-30) - GD Labs,2025-12-10,14.39,0.0,66.17,,43.8,,67.4,39.8,19.7,3190.0,2025,Dec,98180
Sitapaila (SC-30) - GD Labs,2025-12-11,14.73,0.0,67.47,,47.1,,71.9,38.9,19.8,3390.0,2025,Dec,98180
Sitapaila (SC-30) - GD Labs,2025-12-12,14.89,0.0,74.38,,47.8,,72.4,39.4,19.5,3450.0,2025,Dec,98180
Sitapaila (SC-30) - GD Labs,2025-12-13,15.45,0.0,73.89,,54.8,,83.0,39.0,19.7,4000.0,2025,Dec,98180
Sitapaila (SC-30) - GD Labs,2025-12-14,15.69,0.0,76.52,,52.5,,79.2,38.4,19.7,3760.0,2025,Dec,98180
Sitapaila (SC-30) - GD Labs,2025-12-15,14.88,0.0,79.46,,48.2,,72.1,39.0,19.4,3430.0,2025,Dec,98180
Sitapaila (SC-30) - GD Labs,2025-12-16,14.33,0.0,76.23,,43.6,,65.3,38.7,19.2,3140.0,2025,Dec,98180
Sitapaila (SC-30) - GD Labs,2025-12-17,13.21,0.0,76.65,,54.1,,81.9,40.6,19.5,3950.0,2025,Dec,98180
Sitapaila (SC-30) - GD Labs,2025-12-18,14.21,0.0,68.99,,57.8,,88.1,38.5,19.6,4180.0,2025,Dec,98180
Sitapaila (SC-30) - GD Labs,2025-12-19,13.61,0.0,69.95,,54.5,,82.8,39.5,19.3,3940.0,2025,Dec,98180
Sitapaila (SC-30) - GD Labs,2025-12-20,11.98,0.0,68.85,,47.4,,72.4,39.6,19.6,3420.0,2025,Dec,98180
Sitapaila (SC-30) - GD Labs,2025-12-21,12.39,0.0,72.08,,62.7,,97.2,44.3,17.7,4630.0,2025,Dec,98180
Sitapaila (SC-30) - GD Labs,2025-12-22,13.43,0.0,74.89,,53.5,,83.7,38.1,20.5,3850.0,2025,Dec,98180
Sitapaila (SC-30) - GD Labs,2025-12-23,12.22,0.0,78.07,,54.7,,84.2,37.0,20.1,3950.0,2025,Dec,98180
Sitapaila (SC-30) - GD Labs,2025-12-24,12.0,0.0,77.9,,53.0,,82.6,38.8,19.9,3890.0,2025,Dec,98180
Sitapaila (SC-30) - GD Labs,2025-12-25,11.9,0.0,75.7,,44.7,,70.1,38.3,19.7,3270.0,2025,Dec,98180
Sitapaila (SC-30) - GD Labs,2025-12-26,12.48,0.0,73.76,,58.3,,93.4,39.5,19.4,4280.0,2025,Dec,98180
Sitapaila (SC-30) - GD Labs,2025-12-27,12.74,0.0,72.46,,58.5,,95.3,39.1,19.9,4300.0,2025,Dec,98180
Sitapaila (SC-30) - GD Labs,2025-12-28,11.74,0.0,76.27,,54.7,,87.9,39.9,19.7,4010.0,2025,Dec,98180
Sitapaila (SC-30) - GD Labs,2025-12-29,11.01,0.04,73.62,,53.8,,86.6,42.7,17.7,4010.0,2025,Dec,98180
Sitapaila (SC-30) - GD Labs,2025-12-30,9.9,0.0,70.04,,57.2,,93.1,40.4,19.3,4200.0,2025,Dec,98180
Sitapaila (SC-30) - GD Labs,2025-12-31,10.81,0.0,63.1,,60.6,,97.6,37.6,20.5,4450.0,2025,Dec,98180
Tokha (SC-31) - GD Labs,2025-11-06,7.08,0.0,67.44,,10.2,,23.0,48.9,23.8,735.0,2025,Nov,116552
Tokha (SC-31) - GD Labs,2025-11-07,7.29,0.0,72.28,,17.7,,31.9,50.3,22.6,1160.0,2025,Nov,116552
Tokha (SC-31) - GD Labs,2025-11-08,7.33,0.0,78.07,,19.9,,34.1,49.1,22.2,1260.0,2025,Nov,116552
Tokha (SC-31) - GD Labs,2025-11-09,6.61,0.0,77.17,,22.9,,37.3,48.2,21.9,1410.0,2025,Nov,116552
Tokha (SC-31) - GD Labs,2025-11-10,6.44,0.0,59.18,,24.5,,39.3,47.7,21.7,1490.0,2025,Nov,116552
Tokha (SC-31) - GD Labs,2025-11-11,6.7,0.0,58.92,,26.7,,42.8,48.1,21.2,1710.0,2025,Nov,116552
Tokha (SC-31) - GD Labs,2025-11-12,6.96,0.0,57.98,,32.5,,52.9,49.6,20.1,2290.0,2025,Nov,116552
Tokha (SC-31) - GD Labs,2025-11-13,5.52,0.0,64.86,,30.9,,50.7,48.0,20.7,2200.0,2025,Nov,116552
Tokha (SC-31) - GD Labs,2025-11-14,4.93,0.0,61.84,,36.8,,60.2,50.3,19.9,2680.0,2025,Nov,116552
Tokha (SC-31) - GD Labs,2025-11-15,5.66,0.0,68.42,,30.4,,49.6,48.2,19.9,2050.0,2025,Nov,116552
Tokha (SC-31) - GD Labs,2025-11-16,5.97,0.0,61.97,,30.3,,49.9,48.4,19.9,2050.0,2025,Nov,116552
Tokha (SC-31) - GD Labs,2025-11-17,5.27,0.0,61.36,,33.2,,54.5,49.1,19.7,2310.0,2025,Nov,116552
Tokha (SC-31) - GD Labs,2025-11-18,6.67,0.0,57.3,,34.6,,56.2,49.2,20.0,2410.0,2025,Nov,116552
Tokha (SC-31) - GD Labs,2025-11-19,6.18,0.0,79.58,,31.9,,51.4,49.9,20.0,2200.0,2025,Nov,116552
Tokha (SC-31) - GD Labs,2025-11-20,5.97,0.0,88.27,,30.7,,49.1,50.1,20.1,2090.0,2025,Nov,116552
Tokha (SC-31) - GD Labs,2025-11-21,5.53,0.0,91.66,,40.9,,65.2,49.7,20.4,2800.0,2025,Nov,116552
Tokha (SC-31) - GD Labs,2025-11-22,4.9,0.0,89.1,,32.4,,51.0,48.4,19.6,2200.0,2025,Nov,116552
Tokha (SC-31) - GD Labs,2025-11-23,4.48,0.0,80.38,,27.8,,44.3,49.8,18.0,1800.0,2025,Nov,116552
Tokha (SC-31) - GD Labs,2025-11-24,3.57,0.0,65.15,,38.0,,64.8,46.2,19.9,2820.0,2025,Nov,116552
Tokha (SC-31) - GD Labs,2025-11-25,4.08,0.0,57.28,,47.5,,83.7,45.8,18.7,3510.0,2025,Nov,116552
Tokha (SC-31) - GD Labs,2025-11-26,5.3,0.0,66.26,,47.1,,81.7,45.5,18.3,3430.0,2025,Nov,116552
Tokha (SC-31) - GD Labs,2025-11-27,6.34,0.0,66.53,,53.9,,88.2,47.4,18.5,3930.0,2025,Nov,116552
Tokha (SC-31) - GD Labs,2025-11-28,5.27,0.0,64.16,,45.8,,74.1,44.5,19.5,3280.0,2025,Nov,116552
Tokha (SC-31) - GD Labs,2025-11-29,5.96,0.0,62.37,,39.4,,61.8,47.1,17.9,2820.0,2025,Nov,116552
Tokha (SC-31) - GD Labs,2025-11-30,6.06,0.0,61.19,,40.2,,62.7,46.6,18.2,2880.0,2025,Nov,116552
Tokha (SC-31) - GD Labs,2025-12-01,6.28,0.0,56.79,,46.3,,73.9,50.2,18.5,3420.0,2025,Dec,98180
Tokha (SC-31) - GD Labs,2025-12-02,5.75,0.0,49.02,,60.3,,102.0,51.0,18.6,4510.0,2025,Dec,98180
Tokha (SC-31) - GD Labs,2025-12-03,3.67,0.0,52.31,,47.6,,82.3,50.6,18.8,3580.0,2025,Dec,98180
Tokha (SC-31) - GD Labs,2025-12-04,3.38,0.0,48.35,,40.4,,69.2,48.9,18.2,2990.0,2025,Dec,98180
Tokha (SC-31) - GD Labs,2025-12-05,4.0,0.0,50.83,,43.7,,74.4,47.7,18.0,3270.0,2025,Dec,98180
Tokha (SC-31) - GD Labs,2025-12-07,5.68,0.0,57.33,,54.8,,92.4,48.5,18.5,4120.0,2025,Dec,98180
Tokha (SC-31) - GD Labs,2025-12-08,4.87,0.0,57.57,,51.2,,84.8,48.3,17.9,3800.0,2025,Dec,98180
Tokha (SC-31) - GD Labs,2025-12-09,3.42,0.0,58.6,,50.4,,83.1,45.6,18.6,3630.0,2025,Dec,98180
Tokha (SC-31) - GD Labs,2025-12-10,2.85,0.0,53.64,,48.3,,77.6,47.1,17.4,3470.0,2025,Dec,98180
Tokha (SC-31) - GD Labs,2025-12-11,4.77,0.0,50.97,,52.1,,83.6,46.9,17.4,3800.0,2025,Dec,98180
Tokha (SC-31) - GD Labs,2025-12-12,4.68,0.0,58.69,,52.0,,82.8,47.2,17.4,3790.0,2025,Dec,98180
Tokha (SC-31) - GD Labs,2025-12-13,4.52,0.0,60.45,,64.8,,103.0,47.4,17.2,4770.0,2025,Dec,98180
Tokha (SC-31) - GD Labs,2025-12-14,5.1,0.0,69.33,,66.5,,107.0,46.7,17.2,4860.0,2025,Dec,98180
Tokha (SC-31) - GD Labs,2025-12-15,4.34,0.0,70.77,,51.9,,82.4,46.2,17.3,3750.0,2025,Dec,98180
Tokha (SC-31) - GD Labs,2025-12-16,3.98,0.0,64.84,,46.6,,73.2,46.0,17.1,3360.0,2025,Dec,98180
Tokha (SC-31) - GD Labs,2025-12-17,3.85,0.0,57.17,,56.0,,88.9,48.2,17.1,4120.0,2025,Dec,98180
Tokha (SC-31) - GD Labs,2025-12-18,5.73,0.0,51.3,,65.2,,103.0,46.9,17.3,4800.0,2025,Dec,98180
Tokha (SC-31) - GD Labs,2025-12-19,6.25,0.0,52.93,,77.0,,123.0,49.1,16.1,5700.0,2025,Dec,98180
Tokha (SC-31) - GD Labs,2025-12-28,3.72,0.0,60.68,,48.9,,83.0,48.9,18.0,3640.0,2025,Dec,98180
Tokha (SC-31) - GD Labs,2025-12-29,2.73,0.0,59.72,,56.8,,94.9,48.2,17.5,4180.0,2025,Dec,98180
Tokha (SC-31) - GD Labs,2025-12-30,2.27,0.0,53.96,,66.8,,112.0,48.2,17.2,4960.0,2025,Dec,98180
Tokha (SC-31) - GD Labs,2025-12-31,2.23,0.0,51.34,,68.9,,116.0,45.2,18.2,5160.0,2025,Dec,98180
Imadol(SC-27)- GD Labs,2025-11-06,18.03,0.0,75.37,,19.2,,31.9,44.4,26.0,1230.0,2025,Nov,116552
Imadol(SC-27)- GD Labs,2025-11-07,17.35,0.0,79.89,,19.1,,32.8,44.6,24.6,1260.0,2025,Nov,116552
Imadol(SC-27)- GD Labs,2025-11-08,17.09,0.0,79.39,,21.0,,35.4,42.2,24.1,1400.0,2025,Nov,116552
Imadol(SC-27)- GD Labs,2025-11-09,17.09,0.0,75.24,,23.4,,38.2,41.7,23.5,1560.0,2025,Nov,116552
Imadol(SC-27)- GD Labs,2025-11-10,16.19,0.0,73.07,,26.3,,41.6,39.8,24.8,1720.0,2025,Nov,116552
Imadol(SC-27)- GD Labs,2025-11-11,15.76,0.0,73.9,,28.9,,46.1,42.6,23.2,1930.0,2025,Nov,116552
Imadol(SC-27)- GD Labs,2025-11-12,15.45,0.0,74.36,,30.6,,48.8,45.9,20.9,2100.0,2025,Nov,116552
Imadol(SC-27)- GD Labs,2025-11-13,15.0,0.0,75.51,,28.1,,45.7,42.1,22.0,1890.0,2025,Nov,116552
Imadol(SC-27)- GD Labs,2025-11-14,14.58,0.0,70.83,,33.0,,52.4,46.5,20.6,2360.0,2025,Nov,116552
Imadol(SC-27)- GD Labs,2025-11-15,14.78,0.0,75.93,,31.5,,50.4,43.0,21.8,2160.0,2025,Nov,116552
Imadol(SC-27)- GD Labs,2025-11-16,14.88,0.0,74.77,,31.6,,51.1,42.8,21.8,2150.0,2025,Nov,116552
Imadol(SC-27)- GD Labs,2025-11-17,14.51,0.0,72.26,,30.4,,48.4,42.0,22.0,2080.0,2025,Nov,116552
Imadol(SC-27)- GD Labs,2025-11-18,15.55,0.0,67.09,,31.9,,50.3,40.1,23.4,2210.0,2025,Nov,116552
Imadol(SC-27)- GD Labs,2025-11-19,15.23,0.0,81.7,,29.6,,46.6,40.1,23.3,1990.0,2025,Nov,116552
Imadol(SC-27)- GD Labs,2025-11-20,14.72,0.0,88.0,,29.2,,45.5,40.6,23.2,2010.0,2025,Nov,116552
Imadol(SC-27)- GD Labs,2025-11-21,14.48,0.0,87.79,,29.3,,45.4,41.6,22.8,1940.0,2025,Nov,116552
Imadol(SC-27)- GD Labs,2025-11-22,14.11,0.0,88.76,,29.4,,45.9,40.3,22.6,1960.0,2025,Nov,116552
Imadol(SC-27)- GD Labs,2025-11-23,13.52,0.0,85.05,,38.0,,63.3,40.8,22.1,2800.0,2025,Nov,116552
Imadol(SC-27)- GD Labs,2025-11-24,12.56,0.0,79.1,,42.1,,72.6,41.7,21.3,3120.0,2025,Nov,116552
Imadol(SC-27)- GD Labs,2025-11-25,13.19,0.0,70.19,,44.1,,73.5,41.2,20.4,3200.0,2025,Nov,116552
Imadol(SC-27)- GD Labs,2025-11-26,13.76,0.0,76.11,,37.9,,60.6,44.0,17.6,2710.0,2025,Nov,116552
Balkumari(SC-28)- GD Labs,2025-11-06,18.03,0.0,75.37,,11.8,,23.0,38.0,28.6,822.0,2025,Nov,116552
Balkumari(SC-28)- GD Labs,2025-11-07,17.35,0.0,79.89,,22.1,,35.9,43.0,25.0,1460.0,2025,Nov,116552
Balkumari(SC-28)- GD Labs,2025-11-08,17.09,0.0,79.39,,23.4,,38.7,42.9,23.6,1650.0,2025,Nov,116552
Balkumari(SC-28)- GD Labs,2025-11-09,17.09,0.0,75.24,,25.6,,40.7,42.7,23.4,1700.0,2025,Nov,116552
Balkumari(SC-28)- GD Labs,2025-11-10,16.19,0.0,73.07,,25.3,,40.0,41.5,23.4,1690.0,2025,Nov,116552
Balkumari(SC-28)- GD Labs,2025-11-11,15.76,0.0,73.9,,29.8,,47.4,41.6,23.4,2100.0,2025,Nov,116552
Balkumari(SC-28)- GD Labs,2025-11-12,15.45,0.0,74.36,,31.0,,50.3,47.0,20.1,2190.0,2025,Nov,116552
Balkumari(SC-28)- GD Labs,2025-11-13,15.0,0.0,75.51,,29.8,,48.5,42.0,22.2,2100.0,2025,Nov,116552
Balkumari(SC-28)- GD Labs,2025-11-14,14.58,0.0,70.83,,32.6,,52.4,45.8,20.4,2290.0,2025,Nov,116552
Balkumari(SC-28)- GD Labs,2025-11-16,14.88,0.0,74.77,,31.6,,51.1,40.4,22.8,2190.0,2025,Nov,116552
Balkumari(SC-28)- GD Labs,2025-11-17,14.51,0.0,72.26,,32.8,,52.9,45.5,19.9,2310.0,2025,Nov,116552
Balkumari(SC-28)- GD Labs,2025-11-18,15.55,0.0,67.09,,35.1,,55.9,41.7,23.0,2500.0,2025,Nov,116552
Balkumari(SC-28)- GD Labs,2025-11-19,15.23,0.0,81.7,,31.9,,50.1,43.5,21.6,2240.0,2025,Nov,116552
Balkumari(SC-28)- GD Labs,2025-11-20,14.72,0.0,88.0,,31.1,,48.9,44.5,21.2,2170.0,2025,Nov,116552
Balkumari(SC-28)- GD Labs,2025-11-21,14.48,0.0,87.79,,30.3,,46.9,44.3,21.5,2110.0,2025,Nov,116552
Balkumari(SC-28)- GD Labs,2025-11-22,14.11,0.0,88.76,,31.2,,48.5,49.1,18.6,2170.0,2025,Nov,116552
Balkumari(SC-28)- GD Labs,2025-11-23,13.52,0.0,85.05,,39.6,,68.0,44.0,20.7,2950.0,2025,Nov,116552
Balkumari(SC-28)- GD Labs,2025-11-24,12.56,0.0,79.1,,42.8,,76.0,42.0,21.2,3250.0,2025,Nov,116552
Balkumari(SC-28)- GD Labs,2025-11-25,13.19,0.0,70.19,,44.8,,77.1,39.2,21.1,3360.0,2025,Nov,116552
Balkumari(SC-28)- GD Labs,2025-11-26,13.76,0.0,76.11,,37.1,,60.4,37.3,21.0,2670.0,2025,Nov,116552
Balkumari(SC-28)- GD Labs,2025-11-27,15.24,0.0,72.73,,46.1,,74.4,40.4,20.8,3440.0,2025,Nov,116552
Balkumari(SC-28)- GD Labs,2025-11-28,14.73,0.0,74.04,,46.8,,74.5,35.3,23.1,3390.0,2025,Nov,116552
Balkumari(SC-28)- GD Labs,2025-11-30,13.6,0.0,75.06,,37.4,,59.3,35.6,22.8,2670.0,2025,Nov,116552
Balkumari(SC-28)- GD Labs,2025-12-01,13.22,0.0,77.38,,56.9,,91.2,42.5,21.6,4280.0,2025,Dec,98180
Balkumari(SC-28)- GD Labs,2025-12-03,12.94,0.0,65.61,,51.2,,89.0,41.1,22.7,3900.0,2025,Dec,98180
Balkumari(SC-28)- GD Labs,2025-12-05,12.66,0.0,65.81,,33.5,,56.6,34.9,23.8,2360.0,2025,Dec,98180
Balkumari(SC-28)- GD Labs,2025-12-07,12.55,0.0,68.9,,48.9,,80.9,40.7,20.7,3680.0,2025,Dec,98180
Balkumari(SC-28)- GD Labs,2025-12-08,13.05,0.0,70.87,,44.7,,73.6,42.2,19.9,3270.0,2025,Dec,98180
Balkumari(SC-28)- GD Labs,2025-12-09,12.43,0.0,71.63,,47.2,,76.8,41.9,20.1,3460.0,2025,Dec,98180
Balkumari(SC-28)- GD Labs,2025-12-10,12.29,0.0,65.67,,42.2,,66.9,40.4,19.8,3030.0,2025,Dec,98180
Balkumari(SC-28)- GD Labs,2025-12-11,12.7,0.0,64.78,,46.8,,74.7,38.9,20.4,3390.0,2025,Dec,98180
Balkumari(SC-28)- GD Labs,2025-12-12,12.55,0.0,74.27,,56.2,,89.8,37.7,21.1,4110.0,2025,Dec,98180
Balkumari(SC-28)- GD Labs,2025-12-13,13.0,0.0,73.7,,46.6,,73.0,37.7,20.3,3370.0,2025,Dec,98180
Balkumari(SC-28)- GD Labs,2025-12-14,13.45,0.0,75.69,,64.7,,103.0,36.5,21.8,4790.0,2025,Dec,98180
Balkumari(SC-28)- GD Labs,2025-12-15,12.67,0.0,81.06,,49.3,,78.3,39.5,19.7,3590.0,2025,Dec,98180
Balkumari(SC-28)- GD Labs,2025-12-16,11.97,0.0,78.57,,43.9,,68.2,37.7,20.2,3120.0,2025,Dec,98180
Balkumari(SC-28)- GD Labs,2025-12-17,11.15,0.0,75.72,,60.1,,95.5,40.4,21.3,4360.0,2025,Dec,98180
Balkumari(SC-28)- GD Labs,2025-12-18,12.32,0.0,68.39,,67.8,,109.0,35.2,22.4,4910.0,2025,Dec,98180
Balkumari(SC-28)- GD Labs,2025-12-19,11.73,0.0,71.31,,58.9,,94.5,38.3,21.1,4320.0,2025,Dec,98180
Balkumari(SC-28)- GD Labs,2025-12-20,10.4,0.0,69.77,,51.5,,83.1,41.6,19.5,3790.0,2025,Dec,98180
Balkumari(SC-28)- GD Labs,2025-12-21,10.47,0.0,74.81,,50.4,,81.6,43.0,19.0,3760.0,2025,Dec,98180
Balkumari(SC-28)- GD Labs,2025-12-22,11.72,0.0,75.07,,53.9,,88.6,41.9,19.6,3970.0,2025,Dec,98180
Balkumari(SC-28)- GD Labs,2025-12-23,11.39,0.0,75.35,,58.0,,92.9,39.4,19.9,4110.0,2025,Dec,98180
Balkumari(SC-28)- GD Labs,2025-12-24,10.34,0.0,77.25,,40.2,,65.1,37.2,22.5,2890.0,2025,Dec,98180
Balkumari(SC-28)- GD Labs,2025-12-25,9.77,0.0,76.42,,44.3,,73.5,36.8,21.9,3210.0,2025,Dec,98180
Balkumari(SC-28)- GD Labs,2025-12-26,10.48,0.0,76.76,,52.8,,88.4,38.0,21.7,3780.0,2025,Dec,98180
Balkumari(SC-28)- GD Labs,2025-12-28,10.68,0.0,74.18,,75.3,,128.0,40.5,21.3,5550.0,2025,Dec,98180
Balkumari(SC-28)- GD Labs,2025-12-29,9.68,0.0,72.77,,67.5,,115.0,45.5,18.3,4900.0,2025,Dec,98180
Balkumari(SC-28)- GD Labs,2025-12-30,8.5,0.0,70.64,,51.6,,85.7,39.8,20.7,3780.0,2025,Dec,98180
Balkumari(SC-28)- GD Labs,2025-12-31,9.21,0.0,63.44,,57.4,,96.0,38.9,21.6,4200.0,2025,Dec,98180
Tokha (SC - 32) - GD Labs,2025-11-06,18.03,0.0,75.37,,14.2,,27.4,41.5,27.1,917.0,2025,Nov,116552
Tokha (SC - 32) - GD Labs,2025-11-07,17.35,0.0,79.89,,21.3,,36.2,43.5,25.3,1410.0,2025,Nov,116552
Tokha (SC - 32) - GD Labs,2025-11-08,17.09,0.0,79.39,,23.7,,39.1,41.3,25.3,1560.0,2025,Nov,116552
Tokha (SC - 32) - GD Labs,2025-11-09,17.09,0.0,75.24,,25.9,,41.9,41.2,25.0,1710.0,2025,Nov,116552
Tokha (SC - 32) - GD Labs,2025-11-10,16.19,0.0,73.07,,26.7,,42.7,41.5,24.5,1750.0,2025,Nov,116552
Tokha (SC - 32) - GD Labs,2025-11-11,15.76,0.0,73.9,,27.9,,44.4,42.8,23.5,1860.0,2025,Nov,116552
Tokha (SC - 32) - GD Labs,2025-11-12,15.45,0.0,74.36,,31.8,,52.3,48.0,20.7,2300.0,2025,Nov,116552
Tokha (SC - 32) - GD Labs,2025-11-13,15.0,0.0,75.51,,36.5,,60.7,48.9,20.0,2740.0,2025,Nov,116552
Tokha (SC - 32) - GD Labs,2025-11-14,14.58,0.0,70.83,,29.7,,48.2,47.1,21.0,2060.0,2025,Nov,116552
Tokha (SC - 32) - GD Labs,2025-11-15,14.78,0.0,75.93,,32.5,,53.5,45.0,21.2,2300.0,2025,Nov,116552
Tokha (SC - 32) - GD Labs,2025-11-16,14.88,0.0,74.77,,32.1,,52.9,43.7,21.9,2280.0,2025,Nov,116552
Tokha (SC - 32) - GD Labs,2025-11-17,14.51,0.0,72.26,,33.5,,55.1,43.6,21.9,2420.0,2025,Nov,116552
Tokha (SC - 32) - GD Labs,2025-11-18,15.55,0.0,67.09,,33.8,,55.2,43.6,22.4,2420.0,2025,Nov,116552
Tokha (SC - 32) - GD Labs,2025-11-19,15.23,0.0,81.7,,33.4,,54.2,43.7,22.6,2400.0,2025,Nov,116552
Tokha (SC - 32) - GD Labs,2025-11-20,14.72,0.0,88.0,,32.4,,51.7,43.9,22.5,2280.0,2025,Nov,116552
Tokha (SC - 32) - GD Labs,2025-11-21,14.48,0.0,87.79,,31.5,,49.7,43.8,22.6,2210.0,2025,Nov,116552
Tokha (SC - 32) - GD Labs,2025-11-22,14.11,0.0,88.76,,33.3,,53.0,42.8,21.7,2330.0,2025,Nov,116552
Tokha (SC - 32) - GD Labs,2025-11-23,13.52,0.0,85.05,,36.9,,61.6,43.8,21.1,2700.0,2025,Nov,116552
Tokha (SC - 32) - GD Labs,2025-11-24,12.56,0.0,79.1,,38.1,,67.0,42.7,21.3,2880.0,2025,Nov,116552
Tokha (SC - 32) - GD Labs,2025-11-25,13.19,0.0,70.19,,39.3,,68.3,40.0,21.0,2940.0,2025,Nov,116552
Tokha (SC - 32) - GD Labs,2025-11-26,13.76,0.0,76.11,,37.9,,62.2,39.1,20.7,2790.0,2025,Nov,116552
Tokha (SC - 32) - GD Labs,2025-11-27,15.24,0.0,72.73,,53.9,,87.9,40.8,20.9,4020.0,2025,Nov,116552
Tokha (SC - 32) - GD Labs,2025-11-28,14.73,0.0,74.04,,45.6,,73.2,39.8,21.5,3380.0,2025,Nov,116552
Tokha (SC - 32) - GD Labs,2025-11-29,14.01,0.0,76.82,,35.5,,56.8,37.7,21.7,2660.0,2025,Nov,116552
Tokha (SC - 32) - GD Labs,2025-11-30,13.6,0.0,75.06,,31.9,,49.7,43.0,18.9,2300.0,2025,Nov,116552
Tokha (SC - 32) - GD Labs,2025-12-03,12.94,0.0,65.61,,47.5,,83.5,45.9,21.0,3640.0,2025,Dec,98180
Tokha (SC - 32) - GD Labs,2025-12-04,12.94,0.0,59.29,,39.4,,69.2,43.4,20.1,3000.0,2025,Dec,98180
Tokha (SC - 32) - GD Labs,2025-12-05,12.66,0.0,65.81,,40.8,,70.9,42.5,20.6,3090.0,2025,Dec,98180
Tokha (SC - 32) - GD Labs,2025-12-06,12.34,0.0,63.16,,44.3,,75.5,42.0,19.9,3330.0,2025,Dec,98180
Tokha (SC - 32) - GD Labs,2025-12-07,12.55,0.0,68.9,,49.0,,83.7,43.4,19.9,3770.0,2025,Dec,98180
Tokha (SC - 32) - GD Labs,2025-12-08,13.05,0.0,70.87,,53.9,,92.2,47.7,18.0,4110.0,2025,Dec,98180
Tokha (SC - 32) - GD Labs,2025-12-19,11.73,0.0,71.31,,63.5,,102.0,41.5,20.4,4650.0,2025,Dec,98180
Tokha (SC - 32) - GD Labs,2025-12-20,10.4,0.0,69.77,,55.7,,90.4,43.4,19.3,4150.0,2025,Dec,98180
Tokha (SC - 32) - GD Labs,2025-12-21,10.47,0.0,74.81,,55.3,,91.1,43.7,19.7,4180.0,2025,Dec,98180
Tokha (SC - 32) - GD Labs,2025-12-22,11.72,0.0,75.07,,46.4,,76.8,47.5,18.4,3560.0,2025,Dec,98180
Tokha (SC - 32) - GD Labs,2025-12-24,10.34,0.0,77.25,,49.9,,82.5,41.0,21.1,3800.0,2025,Dec,98180
Tokha (SC - 32) - GD Labs,2025-12-25,9.77,0.0,76.42,,44.9,,74.7,41.4,19.5,3400.0,2025,Dec,98180
Tokha (SC - 32) - GD Labs,2025-12-26,10.48,0.0,76.76,,57.2,,96.9,42.4,19.5,4330.0,2025,Dec,98180
Tokha (SC - 32) - GD Labs,2025-12-27,11.1,0.0,72.48,,58.0,,98.7,42.4,19.7,4390.0,2025,Dec,98180
Tokha (SC - 32) - GD Labs,2025-12-28,10.68,0.0,74.18,,54.4,,93.6,44.2,19.2,4120.0,2025,Dec,98180
Tokha (SC - 32) - GD Labs,2025-12-29,9.68,0.0,72.77,,56.7,,97.2,46.1,18.3,4230.0,2025,Dec,98180
Tokha (SC - 32) - GD Labs,2025-12-30,8.5,0.0,70.64,,56.6,,96.1,46.1,18.2,4210.0,2025,Dec,98180
Tokha (SC - 32) - GD Labs,2025-12-31,9.21,0.0,63.44,,61.4,,105.0,45.5,18.2,4610.0,2025,Dec,98180
Kaushaltar (SC - 33) GD labs,2025-11-06,18.03,0.0,75.37,,40.3,,54.1,47.3,24.5,1210.0,2025,Nov,116552
Kaushaltar (SC - 33) GD labs,2025-11-07,17.35,0.0,79.89,,24.5,,38.5,46.4,24.2,1430.0,2025,Nov,116552
Kaushaltar (SC - 33) GD labs,2025-11-09,17.09,0.0,75.24,,23.6,,38.8,38.0,26.2,1510.0,2025,Nov,116552
Kaushaltar (SC - 33) GD labs,2025-11-10,16.19,0.0,73.07,,29.0,,46.0,40.3,24.5,1900.0,2025,Nov,116552
Kaushaltar (SC - 33) GD labs,2025-11-11,15.76,0.0,73.9,,29.4,,46.9,40.7,23.8,1930.0,2025,Nov,116552
Kaushaltar (SC - 33) GD labs,2025-11-12,15.45,0.0,74.36,,33.2,,53.4,42.6,22.6,2290.0,2025,Nov,116552
Kaushaltar (SC - 33) GD labs,2025-11-13,15.0,0.0,75.51,,32.9,,53.8,39.4,23.6,2270.0,2025,Nov,116552
Kaushaltar (SC - 33) GD labs,2025-11-14,14.58,0.0,70.83,,40.7,,66.1,43.2,22.3,3000.0,2025,Nov,116552
Kaushaltar (SC - 33) GD labs,2025-11-15,14.78,0.0,75.93,,36.2,,58.1,40.2,22.9,2510.0,2025,Nov,116552
Kaushaltar (SC - 33) GD labs,2025-11-16,14.88,0.0,74.77,,35.3,,57.9,40.7,22.6,2450.0,2025,Nov,116552
Kaushaltar (SC - 33) GD labs,2025-11-17,14.51,0.0,72.26,,37.8,,60.8,42.9,21.3,2620.0,2025,Nov,116552
Kaushaltar (SC - 33) GD labs,2025-11-18,15.55,0.0,67.09,,32.3,,52.5,38.3,24.3,2200.0,2025,Nov,116552
Kaushaltar (SC - 33) GD labs,2025-11-19,15.23,0.0,81.7,,35.4,,56.0,41.2,22.7,2450.0,2025,Nov,116552
Kaushaltar (SC - 33) GD labs,2025-11-20,14.72,0.0,88.0,,35.4,,56.2,41.6,22.5,2430.0,2025,Nov,116552
Kaushaltar (SC - 33) GD labs,2025-11-21,14.48,0.0,87.79,,35.7,,56.1,42.2,22.6,2450.0,2025,Nov,116552
Kaushaltar (SC - 33) GD labs,2025-11-22,14.11,0.0,88.76,,33.2,,51.8,41.0,22.2,2230.0,2025,Nov,116552
Kaushaltar (SC - 33) GD labs,2025-11-23,13.52,0.0,85.05,,45.0,,74.8,41.2,21.6,3230.0,2025,Nov,116552
Kaushaltar (SC - 33) GD labs,2025-11-24,12.56,0.0,79.1,,49.2,,85.3,41.2,21.8,3580.0,2025,Nov,116552
Kaushaltar (SC - 33) GD labs,2025-11-25,13.19,0.0,70.19,,46.3,,76.4,35.0,22.8,3300.0,2025,Nov,116552
Kaushaltar (SC - 33) GD labs,2025-11-26,13.76,0.0,76.11,,45.3,,73.8,37.7,21.3,3240.0,2025,Nov,116552
Kaushaltar (SC - 33) GD labs,2025-11-27,15.24,0.0,72.73,,58.3,,92.5,39.4,21.1,4230.0,2025,Nov,116552
Kaushaltar (SC - 33) GD labs,2025-11-28,14.73,0.0,74.04,,58.4,,90.5,41.3,19.4,4250.0,2025,Nov,116552
Kaushaltar (SC - 33) GD labs,2025-11-30,13.6,0.0,75.06,,36.8,,58.6,36.8,22.8,2610.0,2025,Nov,116552
Kaushaltar (SC - 33) GD labs,2025-12-01,13.22,0.0,77.38,,51.1,,80.6,41.6,21.2,3690.0,2025,Dec,98180
Kaushaltar (SC - 33) GD labs,2025-12-02,13.09,0.0,66.35,,59.7,,99.0,42.9,21.2,4370.0,2025,Dec,98180
Kaushaltar (SC - 33) GD labs,2025-12-03,12.94,0.0,65.61,,60.5,,102.0,42.7,21.3,4470.0,2025,Dec,98180
Kaushaltar (SC - 33) GD labs,2025-12-05,12.66,0.0,65.81,,29.9,,51.1,33.9,23.3,2030.0,2025,Dec,98180
Kaushaltar (SC - 33) GD labs,2025-12-07,12.55,0.0,68.9,,54.4,,88.5,38.9,21.6,3930.0,2025,Dec,98180
Kaushaltar (SC - 33) GD labs,2025-12-08,13.05,0.0,70.87,,55.0,,88.5,41.3,20.1,3940.0,2025,Dec,98180
Kaushaltar (SC - 33) GD labs,2025-12-09,12.43,0.0,71.63,,57.4,,92.4,39.9,20.6,4150.0,2025,Dec,98180
Kaushaltar (SC - 33) GD labs,2025-12-10,12.29,0.0,65.67,,52.7,,83.0,38.8,20.4,3760.0,2025,Dec,98180
Kaushaltar (SC - 33) GD labs,2025-12-11,12.7,0.0,64.78,,56.7,,88.6,38.1,20.5,4050.0,2025,Dec,98180
Kaushaltar (SC - 33) GD labs,2025-12-12,12.55,0.0,74.27,,58.6,,92.6,38.3,20.3,4210.0,2025,Dec,98180
Kaushaltar (SC - 33) GD labs,2025-12-13,13.0,0.0,73.7,,66.3,,104.0,37.7,20.4,4780.0,2025,Dec,98180
Kaushaltar (SC - 33) GD labs,2025-12-14,13.45,0.0,75.69,,69.2,,108.0,37.9,20.4,5010.0,2025,Dec,98180
Kaushaltar (SC - 33) GD labs,2025-12-15,12.67,0.0,81.06,,58.0,,91.9,37.9,20.2,4200.0,2025,Dec,98180
Kaushaltar (SC - 33) GD labs,2025-12-16,11.97,0.0,78.57,,54.0,,83.9,38.8,19.9,3850.0,2025,Dec,98180
Kaushaltar (SC - 33) GD labs,2025-12-17,11.15,0.0,75.72,,62.1,,96.6,40.2,20.1,4500.0,2025,Dec,98180
Kaushaltar (SC - 33) GD labs,2025-12-18,12.32,0.0,68.39,,75.3,,119.0,37.9,20.3,5440.0,2025,Dec,98180
Kaushaltar (SC - 33) GD labs,2025-12-19,11.73,0.0,71.31,,61.5,,96.3,38.0,20.1,4440.0,2025,Dec,98180
Kaushaltar (SC - 33) GD labs,2025-12-20,10.4,0.0,69.77,,58.2,,91.4,39.8,20.1,4170.0,2025,Dec,98180
Kaushaltar (SC - 33) GD labs,2025-12-21,10.47,0.0,74.81,,70.7,,112.0,40.8,20.1,5130.0,2025,Dec,98180
Kaushaltar (SC - 33) GD labs,2025-12-22,11.72,0.0,75.07,,64.6,,104.0,40.0,20.0,4660.0,2025,Dec,98180
Kaushaltar (SC - 33) GD labs,2025-12-23,11.39,0.0,75.35,,67.3,,106.0,38.7,20.0,4860.0,2025,Dec,98180
Kaushaltar (SC - 33) GD labs,2025-12-24,10.34,0.0,77.25,,53.3,,84.2,39.4,19.9,3820.0,2025,Dec,98180
Kaushaltar (SC - 33) GD labs,2025-12-25,9.77,0.0,76.42,,50.5,,81.3,40.1,19.6,3670.0,2025,Dec,98180
Kaushaltar (SC - 33) GD labs,2025-12-26,10.48,0.0,76.76,,58.7,,95.7,40.5,19.4,4250.0,2025,Dec,98180
Kaushaltar (SC - 33) GD labs,2025-12-27,11.1,0.0,72.48,,66.4,,108.0,40.7,19.5,4830.0,2025,Dec,98180
Kaushaltar (SC - 33) GD labs,2025-12-28,10.68,0.0,74.18,,67.0,,109.0,41.0,19.6,4910.0,2025,Dec,98180
Kaushaltar (SC - 33) GD labs,2025-12-29,9.68,0.0,72.77,,57.9,,94.6,40.9,19.4,4210.0,2025,Dec,98180
Kaushaltar (SC - 33) GD labs,2025-12-30,8.5,0.0,70.64,,62.0,,100.0,40.8,19.2,4530.0,2025,Dec,98180
Kaushaltar (SC - 33) GD labs,2025-12-31,9.21,0.0,63.44,,62.4,,101.0,40.3,19.5,4530.0,2025,Dec,98180
CEN-SR-04: Birgunj Metropolitan City Ward No 25,2025-11-07,21.14,0.0,83.76,,105.0,,193.0,48.2,28.7,7800.0,2025,Nov,116552
CEN-SR-04: Birgunj Metropolitan City Ward No 25,2025-11-08,20.31,0.0,82.07,,162.0,,320.0,49.2,27.2,12100.0,2025,Nov,116552
CEN-SR-04: Birgunj Metropolitan City Ward No 25,2025-11-09,20.01,0.0,82.56,,118.0,,226.0,45.9,28.4,8790.0,2025,Nov,116552
CEN-SR-04: Birgunj Metropolitan City Ward No 25,2025-11-10,19.11,0.0,81.34,,139.0,,274.0,45.8,27.0,10400.0,2025,Nov,116552
CEN-SR-04: Birgunj Metropolitan City Ward No 25,2025-11-11,18.47,0.0,83.73,,153.0,,307.0,47.3,25.9,11400.0,2025,Nov,116552
CEN-SR-04: Birgunj Metropolitan City Ward No 25,2025-11-12,18.73,0.0,82.08,,122.0,,226.0,50.4,25.1,9020.0,2025,Nov,116552
CEN-SR-04: Birgunj Metropolitan City Ward No 25,2025-11-13,19.02,0.0,77.13,,89.6,,159.0,49.2,26.0,6640.0,2025,Nov,116552
CEN-SR-04: Birgunj Metropolitan City Ward No 25,2025-11-14,19.34,0.0,73.3,,100.0,,178.0,50.4,25.5,7400.0,2025,Nov,116552
CEN-SR-04: Birgunj Metropolitan City Ward No 25,2025-11-15,19.43,0.0,72.8,,102.0,,184.0,45.8,27.6,7530.0,2025,Nov,116552
CEN-SR-04: Birgunj Metropolitan City Ward No 25,2025-11-16,19.1,0.0,72.64,,93.0,,169.0,45.5,27.8,6900.0,2025,Nov,116552
CEN-SR-04: Birgunj Metropolitan City Ward No 25,2025-11-17,18.86,0.0,74.39,,87.7,,158.0,46.5,27.7,6490.0,2025,Nov,116552
CEN-SR-04: Birgunj Metropolitan City Ward No 25,2025-11-18,19.27,0.0,78.38,,86.7,,154.0,44.4,28.6,6410.0,2025,Nov,116552
CEN-SR-04: Birgunj Metropolitan City Ward No 25,2025-11-19,19.94,0.0,81.26,,61.9,,105.0,46.9,27.6,4500.0,2025,Nov,116552
CEN-SR-04: Birgunj Metropolitan City Ward No 25,2025-11-20,19.71,0.0,81.09,,69.0,,118.0,47.3,27.6,4990.0,2025,Nov,116552
CEN-SR-04: Birgunj Metropolitan City Ward No 25,2025-11-21,19.77,0.0,79.11,,57.4,,96.3,47.4,26.8,4170.0,2025,Nov,116552
CEN-SR-04: Birgunj Metropolitan City Ward No 25,2025-11-22,19.04,0.0,82.49,,79.2,,138.0,45.8,26.3,5850.0,2025,Nov,116552
CEN-SR-04: Birgunj Metropolitan City Ward No 25,2025-11-23,18.19,0.0,81.19,,119.0,,223.0,48.1,24.7,8840.0,2025,Nov,116552
CEN-SR-04: Birgunj Metropolitan City Ward No 25,2025-11-24,17.81,0.0,75.33,,128.0,,247.0,48.1,24.3,9540.0,2025,Nov,116552
CEN-SR-04: Birgunj Metropolitan City Ward No 25,2025-11-25,17.84,0.0,75.83,,109.0,,206.0,47.7,24.4,8130.0,2025,Nov,116552
CEN-SR-04: Birgunj Metropolitan City Ward No 25,2025-11-26,18.54,0.0,72.22,,105.0,,191.0,49.1,24.7,7760.0,2025,Nov,116552
CEN-SR-04: Birgunj Metropolitan City Ward No 25,2025-11-27,19.35,0.0,71.44,,90.0,,161.0,48.9,25.2,6660.0,2025,Nov,116552
CEN-SR-04: Birgunj Metropolitan City Ward No 25,2025-11-28,19.13,0.0,74.64,,91.1,,159.0,47.3,25.4,6730.0,2025,Nov,116552
CEN-SR-04: Birgunj Metropolitan City Ward No 25,2025-11-29,17.93,0.0,78.03,,104.0,,182.0,46.6,25.5,7670.0,2025,Nov,116552
CEN-SR-04: Birgunj Metropolitan City Ward No 25,2025-11-30,17.28,0.0,78.52,,154.0,,294.0,49.1,24.4,11400.0,2025,Nov,116552
CEN-SR-04: Birgunj Metropolitan City Ward No 25,2025-12-01,17.46,0.0,76.61,,150.0,,280.0,49.2,23.0,11100.0,2025,Dec,98180
CEN-SR-04: Birgunj Metropolitan City Ward No 25,2025-12-02,16.03,0.0,70.86,,169.0,,334.0,51.1,22.5,12600.0,2025,Dec,98180
CEN-SR-04: Birgunj Metropolitan City Ward No 25,2025-12-03,16.65,0.0,72.37,,152.0,,297.0,50.5,23.7,11300.0,2025,Dec,98180
CEN-SR-04: Birgunj Metropolitan City Ward No 25,2025-12-04,16.54,0.0,69.49,,145.0,,273.0,49.5,23.6,10700.0,2025,Dec,98180
CEN-SR-04: Birgunj Metropolitan City Ward No 25,2025-12-05,15.3,0.0,74.5,,141.0,,266.0,46.8,24.2,10500.0,2025,Dec,98180
CEN-SR-04: Birgunj Metropolitan City Ward No 25,2025-12-06,14.76,0.0,73.56,,165.0,,318.0,47.6,23.3,12200.0,2025,Dec,98180
CEN-SR-04: Birgunj Metropolitan City Ward No 25,2025-12-07,15.3,0.0,71.7,,189.0,,381.0,49.2,22.5,14100.0,2025,Dec,98180
CEN-SR-04: Birgunj Metropolitan City Ward No 25,2025-12-08,16.68,0.0,73.15,,143.0,,268.0,49.0,22.8,10600.0,2025,Dec,98180
CEN-SR-04: Birgunj Metropolitan City Ward No 25,2025-12-09,16.82,0.0,73.42,,126.0,,233.0,48.8,23.2,9310.0,2025,Dec,98180
CEN-SR-04: Birgunj Metropolitan City Ward No 25,2025-12-10,16.24,0.0,69.54,,122.0,,224.0,48.6,23.4,9040.0,2025,Dec,98180
CEN-SR-04: Birgunj Metropolitan City Ward No 25,2025-12-11,16.5,0.0,71.3,,129.0,,233.0,48.8,23.1,9490.0,2025,Dec,98180
CEN-SR-04: Birgunj Metropolitan City Ward No 25,2025-12-12,17.14,0.0,70.69,,116.0,,211.0,48.2,23.3,8590.0,2025,Dec,98180
CEN-SR-04: Birgunj Metropolitan City Ward No 25,2025-12-13,17.8,0.0,71.32,,102.0,,183.0,47.1,23.5,7520.0,2025,Dec,98180
CEN-SR-04: Birgunj Metropolitan City Ward No 25,2025-12-14,17.99,0.0,72.86,,92.6,,164.0,46.3,23.8,6820.0,2025,Dec,98180
CEN-SR-04: Birgunj Metropolitan City Ward No 25,2025-12-15,16.95,0.0,79.06,,101.0,,179.0,46.4,23.8,7480.0,2025,Dec,98180
CEN-SR-04: Birgunj Metropolitan City Ward No 25,2025-12-16,16.31,0.0,76.99,,114.0,,212.0,46.9,23.2,8460.0,2025,Dec,98180
CEN-SR-04: Birgunj Metropolitan City Ward No 25,2025-12-17,16.01,0.0,76.26,,149.0,,292.0,47.2,23.5,11100.0,2025,Dec,98180
CEN-SR-04: Birgunj Metropolitan City Ward No 25,2025-12-18,16.14,0.0,74.5,,150.0,,294.0,53.0,21.8,11200.0,2025,Dec,98180
CEN-SR-04: Birgunj Metropolitan City Ward No 25,2025-12-19,15.08,0.0,75.82,,94.9,,179.0,56.1,20.4,7080.0,2025,Dec,98180
CEN-SR-04: Birgunj Metropolitan City Ward No 25,2025-12-20,13.44,0.0,74.28,,89.3,,169.0,54.1,19.6,6680.0,2025,Dec,98180
CEN-SR-04: Birgunj Metropolitan City Ward No 25,2025-12-21,14.52,0.0,72.41,,108.0,,202.0,55.2,19.0,8030.0,2025,Dec,98180
CEN-SR-04: Birgunj Metropolitan City Ward No 25,2025-12-22,15.06,0.0,75.84,,118.0,,225.0,57.2,19.4,8780.0,2025,Dec,98180
CEN-SR-04: Birgunj Metropolitan City Ward No 25,2025-12-23,13.74,0.0,80.76,,100.0,,187.0,56.1,19.3,7440.0,2025,Dec,98180
CEN-SR-04: Birgunj Metropolitan City Ward No 25,2025-12-24,14.1,0.0,78.15,,116.0,,230.0,47.9,21.7,8710.0,2025,Dec,98180
CEN-SR-04: Birgunj Metropolitan City Ward No 25,2025-12-25,14.08,0.0,75.89,,152.0,,287.0,49.1,21.6,11300.0,2025,Dec,98180
CEN-SR-04: Birgunj Metropolitan City Ward No 25,2025-12-26,14.58,0.0,74.65,,161.0,,318.0,56.0,19.6,12000.0,2025,Dec,98180
CEN-SR-04: Birgunj Metropolitan City Ward No 25,2025-12-27,14.16,0.0,75.68,,75.8,,142.0,56.4,19.6,5680.0,2025,Dec,98180
CEN-SR-04: Birgunj Metropolitan City Ward No 25,2025-12-28,13.59,0.0,77.54,,53.5,,99.6,57.0,18.7,4030.0,2025,Dec,98180
CEN-SR-04: Birgunj Metropolitan City Ward No 25,2025-12-29,12.71,0.01,76.05,,58.0,,106.0,55.5,18.5,4360.0,2025,Dec,98180
CEN-SR-04: Birgunj Metropolitan City Ward No 25,2025-12-30,11.85,0.02,70.61,,66.9,,121.0,53.8,18.3,4990.0,2025,Dec,98180
CEN-SR-04: Birgunj Metropolitan City Ward No 25,2025-12-31,12.85,0.0,64.43,,88.9,,159.0,53.8,19.1,6590.0,2025,Dec,98180
Kadhaghari (SC-42)-GD Labs,2025-11-13,15.0,0.0,75.51,,20.8,,34.4,39.1,24.5,1300.0,2025,Nov,116552
Kadhaghari (SC-42)-GD Labs,2025-11-14,14.58,0.0,70.83,,21.4,,32.9,40.6,23.6,1150.0,2025,Nov,116552
Kadhaghari (SC-42)-GD Labs,2025-11-17,14.51,0.0,72.26,,36.7,,58.2,41.3,23.6,2570.0,2025,Nov,116552
Kadhaghari (SC-42)-GD Labs,2025-11-18,15.55,0.0,67.09,,34.3,,53.9,42.7,22.5,2410.0,2025,Nov,116552
Kadhaghari (SC-42)-GD Labs,2025-11-19,15.23,0.0,81.7,,34.2,,53.0,45.0,21.4,2420.0,2025,Nov,116552
Kadhaghari (SC-42)-GD Labs,2025-11-20,14.72,0.0,88.0,,29.5,,45.3,39.1,24.5,1960.0,2025,Nov,116552
Kadhaghari (SC-42)-GD Labs,2025-11-21,14.48,0.0,87.79,,32.2,,49.5,43.9,22.2,2260.0,2025,Nov,116552
Kadhaghari (SC-42)-GD Labs,2025-11-22,14.11,0.0,88.76,,31.3,,47.7,41.5,22.4,2100.0,2025,Nov,116552
Kadhaghari (SC-42)-GD Labs,2025-11-23,13.52,0.0,85.05,,42.2,,69.1,41.9,21.4,3010.0,2025,Nov,116552
Kadhaghari (SC-42)-GD Labs,2025-11-24,12.56,0.0,79.1,,42.9,,74.0,42.6,21.1,3140.0,2025,Nov,116552
Kadhaghari (SC-42)-GD Labs,2025-11-25,13.19,0.0,70.19,,46.0,,78.0,39.9,21.0,3330.0,2025,Nov,116552
Kadhaghari (SC-42)-GD Labs,2025-11-26,13.76,0.0,76.11,,39.4,,62.7,42.2,19.3,2810.0,2025,Nov,116552
Kadhaghari (SC-42)-GD Labs,2025-11-27,15.24,0.0,72.73,,51.2,,82.2,40.6,20.8,3730.0,2025,Nov,116552
Kadhaghari (SC-42)-GD Labs,2025-11-28,14.73,0.0,74.04,,38.5,,59.1,38.5,21.7,2730.0,2025,Nov,116552
Kadhaghari (SC-42)-GD Labs,2025-11-29,14.01,0.0,76.82,,28.6,,43.9,31.0,24.8,2120.0,2025,Nov,116552
Kadhaghari (SC-42)-GD Labs,2025-11-30,13.6,0.0,75.06,,39.6,,61.3,39.6,21.1,2770.0,2025,Nov,116552
Kadhaghari (SC-42)-GD Labs,2025-12-01,13.22,0.0,77.38,,46.3,,72.6,43.2,20.9,3350.0,2025,Dec,98180
Kadhaghari (SC-42)-GD Labs,2025-12-02,13.09,0.0,66.35,,62.5,,104.0,43.9,20.8,4580.0,2025,Dec,98180
Kadhaghari (SC-42)-GD Labs,2025-12-03,12.94,0.0,65.61,,52.4,,88.2,41.0,22.3,3880.0,2025,Dec,98180
Kadhaghari (SC-42)-GD Labs,2025-12-04,12.94,0.0,59.29,,41.0,,67.9,37.9,22.4,2980.0,2025,Dec,98180
Kadhaghari (SC-42)-GD Labs,2025-12-05,12.66,0.0,65.81,,44.5,,73.7,38.6,21.6,3220.0,2025,Dec,98180
Kadhaghari (SC-42)-GD Labs,2025-12-06,12.34,0.0,63.16,,43.7,,72.3,38.6,21.1,3150.0,2025,Dec,98180
Kadhaghari (SC-42)-GD Labs,2025-12-07,12.55,0.0,68.9,,52.3,,85.5,39.7,21.5,3800.0,2025,Dec,98180
Kadhaghari (SC-42)-GD Labs,2025-12-08,13.05,0.0,70.87,,49.3,,79.7,43.0,19.5,3540.0,2025,Dec,98180
Kadhaghari (SC-42)-GD Labs,2025-12-09,12.43,0.0,71.63,,47.8,,76.2,38.9,21.1,3450.0,2025,Dec,98180
Kadhaghari (SC-42)-GD Labs,2025-12-10,12.29,0.0,65.67,,38.1,,59.2,38.1,20.7,2640.0,2025,Dec,98180
Kadhaghari (SC-42)-GD Labs,2025-12-11,12.7,0.0,64.78,,50.6,,79.5,33.9,23.2,3600.0,2025,Dec,98180
Kadhaghari (SC-42)-GD Labs,2025-12-12,12.55,0.0,74.27,,45.7,,70.2,37.6,21.1,3270.0,2025,Dec,98180
Kadhaghari (SC-42)-GD Labs,2025-12-13,13.0,0.0,73.7,,54.7,,84.6,38.0,21.0,3940.0,2025,Dec,98180
Kadhaghari (SC-42)-GD Labs,2025-12-14,13.45,0.0,75.69,,51.1,,79.2,38.1,20.5,3650.0,2025,Dec,98180
Kadhaghari (SC-42)-GD Labs,2025-12-15,12.67,0.0,81.06,,50.4,,77.8,37.8,20.5,3630.0,2025,Dec,98180
Kadhaghari (SC-42)-GD Labs,2025-12-16,11.97,0.0,78.57,,45.8,,70.1,44.8,16.3,3230.0,2025,Dec,98180
Kadhaghari (SC-42)-GD Labs,2025-12-17,11.15,0.0,75.72,,57.0,,88.2,35.1,23.3,4130.0,2025,Dec,98180
Kadhaghari (SC-42)-GD Labs,2025-12-18,12.32,0.0,68.39,,53.7,,82.7,37.1,21.2,3850.0,2025,Dec,98180
Kadhaghari (SC-42)-GD Labs,2025-12-19,11.73,0.0,71.31,,54.3,,84.8,37.5,20.9,3890.0,2025,Dec,98180
Kadhaghari (SC-42)-GD Labs,2025-12-20,10.4,0.0,69.77,,53.9,,84.9,39.2,20.6,3890.0,2025,Dec,98180
Kadhaghari (SC-42)-GD Labs,2025-12-21,10.47,0.0,74.81,,58.4,,93.1,40.2,20.5,4220.0,2025,Dec,98180
Kadhaghari (SC-42)-GD Labs,2025-12-22,11.72,0.0,75.07,,61.2,,98.0,40.0,20.8,4420.0,2025,Dec,98180
Kadhaghari (SC-42)-GD Labs,2025-12-23,11.39,0.0,75.35,,48.0,,75.3,38.3,20.2,3480.0,2025,Dec,98180
Kadhaghari (SC-42)-GD Labs,2025-12-24,10.34,0.0,77.25,,43.1,,67.2,36.5,21.8,3040.0,2025,Dec,98180
Kadhaghari (SC-42)-GD Labs,2025-12-25,9.77,0.0,76.42,,47.9,,76.9,38.9,20.5,3490.0,2025,Dec,98180
Kadhaghari (SC-42)-GD Labs,2025-12-26,10.48,0.0,76.76,,57.2,,93.3,40.6,19.6,4180.0,2025,Dec,98180
Kadhaghari (SC-42)-GD Labs,2025-12-27,11.1,0.0,72.48,,53.1,,88.4,40.4,19.9,3830.0,2025,Dec,98180
Kadhaghari (SC-42)-GD Labs,2025-12-28,10.68,0.0,74.18,,52.9,,87.5,38.1,21.9,3880.0,2025,Dec,98180
Kadhaghari (SC-42)-GD Labs,2025-12-29,9.68,0.0,72.77,,56.4,,92.3,42.3,19.0,4090.0,2025,Dec,98180
Kadhaghari (SC-42)-GD Labs,2025-12-30,8.5,0.0,70.64,,58.9,,97.7,42.1,18.9,4240.0,2025,Dec,98180
Kadhaghari (SC-42)-GD Labs,2025-12-31,9.21,0.0,63.44,,57.8,,94.4,41.5,19.4,4150.0,2025,Dec,98180
Jadibuti (SC-35)-GD Labs,2025-11-17,14.51,0.0,72.26,,35.1,,55.3,43.1,22.7,2430.0,2025,Nov,116552
Jadibuti (SC-35)-GD Labs,2025-11-18,15.55,0.0,67.09,,35.2,,55.3,43.0,22.7,2510.0,2025,Nov,116552
Jadibuti (SC-35)-GD Labs,2025-11-19,15.23,0.0,81.7,,36.0,,55.6,43.0,22.8,2530.0,2025,Nov,116552
Jadibuti (SC-35)-GD Labs,2025-11-20,14.72,0.0,88.0,,34.9,,53.5,43.2,22.8,2470.0,2025,Nov,116552
Jadibuti (SC-35)-GD Labs,2025-11-21,14.48,0.0,87.79,,31.0,,47.7,43.4,22.8,2160.0,2025,Nov,116552
Jadibuti (SC-35)-GD Labs,2025-11-22,14.11,0.0,88.76,,33.5,,50.7,42.4,22.2,2330.0,2025,Nov,116552
Jadibuti (SC-35)-GD Labs,2025-11-23,13.52,0.0,85.05,,42.0,,68.3,42.5,21.7,3040.0,2025,Nov,116552
Jadibuti (SC-35)-GD Labs,2025-11-24,12.56,0.0,79.1,,44.8,,76.2,42.2,21.6,3260.0,2025,Nov,116552
Jadibuti (SC-35)-GD Labs,2025-11-25,13.19,0.0,70.19,,49.2,,81.7,40.7,21.0,3590.0,2025,Nov,116552
Jadibuti (SC-35)-GD Labs,2025-11-26,13.76,0.0,76.11,,37.7,,59.6,39.0,21.2,2700.0,2025,Nov,116552
Jadibuti (SC-35)-GD Labs,2025-11-27,15.24,0.0,72.73,,55.0,,86.4,40.3,21.1,4030.0,2025,Nov,116552
Jadibuti (SC-35)-GD Labs,2025-11-28,14.73,0.0,74.04,,45.1,,69.5,39.3,21.6,3290.0,2025,Nov,116552
Jadibuti (SC-35)-GD Labs,2025-11-29,14.01,0.0,76.82,,40.2,,60.5,38.5,21.3,2960.0,2025,Nov,116552
Jadibuti (SC-35)-GD Labs,2025-11-30,13.6,0.0,75.06,,42.9,,64.7,40.4,21.1,3090.0,2025,Nov,116552
Jadibuti (SC-35)-GD Labs,2025-12-01,13.22,0.0,77.38,,58.8,,93.7,42.7,21.3,4300.0,2025,Dec,98180
Jadibuti (SC-35)-GD Labs,2025-12-02,13.09,0.0,66.35,,67.1,,111.0,44.2,21.0,4940.0,2025,Dec,98180
Jadibuti (SC-35)-GD Labs,2025-12-03,12.94,0.0,65.61,,55.1,,92.0,44.3,21.2,4090.0,2025,Dec,98180
Jadibuti (SC-35)-GD Labs,2025-12-04,12.94,0.0,59.29,,41.7,,68.4,39.9,21.6,3060.0,2025,Dec,98180
Jadibuti (SC-35)-GD Labs,2025-12-05,12.66,0.0,65.81,,49.2,,80.4,40.4,21.1,3600.0,2025,Dec,98180
Jadibuti (SC-35)-GD Labs,2025-12-06,12.34,0.0,63.16,,49.3,,80.2,40.5,20.4,3580.0,2025,Dec,98180
Jadibuti (SC-35)-GD Labs,2025-12-07,12.55,0.0,68.9,,56.9,,91.0,41.8,20.1,4140.0,2025,Dec,98180
Jadibuti (SC-35)-GD Labs,2025-12-08,13.05,0.0,70.87,,56.4,,89.5,41.4,20.6,4070.0,2025,Dec,98180
Jadibuti (SC-35)-GD Labs,2025-12-09,12.43,0.0,71.63,,48.1,,74.9,40.6,20.7,3480.0,2025,Dec,98180
Jadibuti (SC-35)-GD Labs,2025-12-10,12.29,0.0,65.67,,51.3,,79.3,40.1,20.5,3690.0,2025,Dec,98180
Jadibuti (SC-35)-GD Labs,2025-12-11,12.7,0.0,64.78,,52.9,,80.9,39.6,20.5,3800.0,2025,Dec,98180
Jadibuti (SC-35)-GD Labs,2025-12-12,12.55,0.0,74.27,,55.1,,84.4,39.9,20.4,3960.0,2025,Dec,98180
Jadibuti (SC-35)-GD Labs,2025-12-13,13.0,0.0,73.7,,56.2,,86.2,39.7,20.2,4050.0,2025,Dec,98180
Jadibuti (SC-35)-GD Labs,2025-12-14,13.45,0.0,75.69,,58.1,,89.1,39.3,20.3,4190.0,2025,Dec,98180
Jadibuti (SC-35)-GD Labs,2025-12-15,12.67,0.0,81.06,,59.8,,94.6,38.9,20.2,4330.0,2025,Dec,98180
Jadibuti (SC-35)-GD Labs,2025-12-16,11.97,0.0,78.57,,52.5,,79.6,39.2,20.0,3770.0,2025,Dec,98180
Jadibuti (SC-35)-GD Labs,2025-12-17,11.15,0.0,75.72,,61.0,,93.1,40.8,20.1,4420.0,2025,Dec,98180
Jadibuti (SC-35)-GD Labs,2025-12-18,12.32,0.0,68.39,,62.1,,94.7,39.0,20.4,4480.0,2025,Dec,98180
Jadibuti (SC-35)-GD Labs,2025-12-19,11.73,0.0,71.31,,58.0,,89.5,39.5,20.3,4180.0,2025,Dec,98180
Jadibuti (SC-35)-GD Labs,2025-12-20,10.4,0.0,69.77,,54.9,,85.5,40.8,20.0,3930.0,2025,Dec,98180
Jadibuti (SC-35)-GD Labs,2025-12-21,10.47,0.0,74.81,,63.1,,99.2,40.9,20.6,4590.0,2025,Dec,98180
Jadibuti (SC-35)-GD Labs,2025-12-22,11.72,0.0,75.07,,58.6,,91.7,40.5,20.5,4230.0,2025,Dec,98180
Jadibuti (SC-35)-GD Labs,2025-12-23,11.39,0.0,75.35,,55.0,,84.4,39.6,20.3,3990.0,2025,Dec,98180
Jadibuti (SC-35)-GD Labs,2025-12-24,10.34,0.0,77.25,,53.1,,82.3,40.7,19.6,3790.0,2025,Dec,98180
Jadibuti (SC-35)-GD Labs,2025-12-25,9.77,0.0,76.42,,55.0,,87.4,40.5,19.9,4020.0,2025,Dec,98180
Jadibuti (SC-35)-GD Labs,2025-12-26,10.48,0.0,76.76,,63.3,,101.0,41.7,19.4,4560.0,2025,Dec,98180
Jadibuti (SC-35)-GD Labs,2025-12-27,11.1,0.0,72.48,,66.0,,107.0,41.3,19.7,4810.0,2025,Dec,98180
Jadibuti (SC-35)-GD Labs,2025-12-28,10.68,0.0,74.18,,62.9,,103.0,41.8,19.7,4600.0,2025,Dec,98180
Jadibuti (SC-35)-GD Labs,2025-12-29,9.68,0.0,72.77,,58.5,,93.0,41.9,19.5,4250.0,2025,Dec,98180
Jadibuti (SC-35)-GD Labs,2025-12-30,8.5,0.0,70.64,,65.5,,105.0,41.8,19.2,4760.0,2025,Dec,98180
Jadibuti (SC-35)-GD Labs,2025-12-31,9.21,0.0,63.44,,68.9,,111.0,41.2,19.5,4980.0,2025,Dec,98180
CEN-SR-13: Birgunj Metropolitan City Office,2025-11-19,19.94,0.0,81.26,,58.6,,96.1,49.4,26.1,4170.0,2025,Nov,116552
CEN-SR-13: Birgunj Metropolitan City Office,2025-11-20,19.71,0.0,81.09,,63.5,,106.0,49.8,25.7,4550.0,2025,Nov,116552
CEN-SR-13: Birgunj Metropolitan City Office,2025-11-21,19.77,0.0,79.11,,56.8,,93.6,54.7,24.2,4140.0,2025,Nov,116552
CEN-SR-13: Birgunj Metropolitan City Office,2025-11-22,19.04,0.0,82.49,,77.3,,133.0,50.8,24.3,5720.0,2025,Nov,116552
CEN-SR-13: Birgunj Metropolitan City Office,2025-11-23,18.19,0.0,81.19,,81.0,,139.0,59.3,21.0,6000.0,2025,Nov,116552
CEN-SR-13: Birgunj Metropolitan City Office,2025-11-24,17.81,0.0,75.33,,123.0,,248.0,49.0,23.7,9280.0,2025,Nov,116552
CEN-SR-13: Birgunj Metropolitan City Office,2025-11-25,17.84,0.0,75.83,,120.0,,239.0,64.9,19.3,9060.0,2025,Nov,116552
CEN-SR-13: Birgunj Metropolitan City Office,2025-12-01,17.46,0.0,76.61,,127.0,,244.0,44.0,23.9,9490.0,2025,Dec,98180
CEN-SR-13: Birgunj Metropolitan City Office,2025-12-02,16.03,0.0,70.86,,161.0,,337.0,52.8,22.1,12200.0,2025,Dec,98180
CEN-SR-13: Birgunj Metropolitan City Office,2025-12-03,16.65,0.0,72.37,,151.0,,309.0,55.1,22.3,11400.0,2025,Dec,98180
CEN-SR-13: Birgunj Metropolitan City Office,2025-12-04,16.54,0.0,69.49,,140.0,,271.0,52.5,22.1,10500.0,2025,Dec,98180
CEN-SR-13: Birgunj Metropolitan City Office,2025-12-05,15.3,0.0,74.5,,153.0,,302.0,56.2,21.0,11500.0,2025,Dec,98180
CEN-SR-13: Birgunj Metropolitan City Office,2025-12-06,14.76,0.0,73.56,,170.0,,350.0,56.1,20.2,12800.0,2025,Dec,98180
CEN-SR-13: Birgunj Metropolitan City Office,2025-12-07,15.3,0.0,71.7,,197.0,,438.0,55.1,20.1,15100.0,2025,Dec,98180
CEN-SR-13: Birgunj Metropolitan City Office,2025-12-08,16.68,0.0,73.15,,142.0,,281.0,56.9,20.2,10700.0,2025,Dec,98180
CEN-SR-13: Birgunj Metropolitan City Office,2025-12-11,16.5,0.0,71.3,,145.0,,280.0,54.4,21.8,10800.0,2025,Dec,98180
CEN-SR-13: Birgunj Metropolitan City Office,2025-12-12,17.14,0.0,70.69,,115.0,,219.0,49.7,22.8,8580.0,2025,Dec,98180
CEN-SR-13: Birgunj Metropolitan City Office,2025-12-13,17.8,0.0,71.32,,98.6,,173.0,53.0,21.4,7290.0,2025,Dec,98180
CEN-SR-13: Birgunj Metropolitan City Office,2025-12-14,17.99,0.0,72.86,,90.4,,154.0,63.4,17.9,6690.0,2025,Dec,98180
CEN-SR-13: Birgunj Metropolitan City Office,2025-12-18,16.14,0.0,74.5,,179.0,,386.0,60.0,21.0,13700.0,2025,Dec,98180
CEN-SR-13: Birgunj Metropolitan City Office,2025-12-19,15.08,0.0,75.82,,111.0,,219.0,64.6,18.3,8360.0,2025,Dec,98180
CEN-SR-13: Birgunj Metropolitan City Office,2025-12-20,13.44,0.0,74.28,,105.0,,211.0,61.6,17.7,7970.0,2025,Dec,98180
CEN-SR-13: Birgunj Metropolitan City Office,2025-12-21,14.52,0.0,72.41,,125.0,,248.0,59.6,18.2,9420.0,2025,Dec,98180
CEN-SR-13: Birgunj Metropolitan City Office,2025-12-22,15.06,0.0,75.84,,131.0,,266.0,62.2,18.4,9940.0,2025,Dec,98180
CEN-SR-13: Birgunj Metropolitan City Office,2025-12-23,13.74,0.0,80.76,,131.0,,258.0,63.6,17.4,9820.0,2025,Dec,98180
CEN-SR-13: Birgunj Metropolitan City Office,2025-12-24,14.1,0.0,78.15,,107.0,,218.0,56.4,18.6,8150.0,2025,Dec,98180
CEN-SR-13: Birgunj Metropolitan City Office,2025-12-26,14.58,0.0,74.65,,172.0,,356.0,62.7,18.5,13100.0,2025,Dec,98180
CEN-SR-13: Birgunj Metropolitan City Office,2025-12-27,14.16,0.0,75.68,,105.0,,198.0,64.2,17.7,7870.0,2025,Dec,98180
CEN-SR-13: Birgunj Metropolitan City Office,2025-12-28,13.59,0.0,77.54,,70.3,,131.0,65.9,16.6,5280.0,2025,Dec,98180
CEN-SR-13: Birgunj Metropolitan City Office,2025-12-29,12.71,0.01,76.05,,92.3,,174.0,64.2,16.2,6820.0,2025,Dec,98180
CEN-SR-13: Birgunj Metropolitan City Office,2025-12-30,11.85,0.02,70.61,,90.0,,165.0,61.0,16.1,6630.0,2025,Dec,98180
CEN-SR-13: Birgunj Metropolitan City Office,2025-12-31,12.85,0.0,64.43,,97.5,,177.0,62.4,16.2,7140.0,2025,Dec,98180
Purano naikap (SC-29)-GD Labs,2025-12-05,14.45,0.0,67.58,,30.4,,49.9,43.9,20.2,2000.0,2025,Dec,98180
Purano naikap (SC-29)-GD Labs,2025-12-06,13.84,0.0,67.39,,34.8,,57.7,46.1,18.2,2410.0,2025,Dec,98180
Purano naikap (SC-29)-GD Labs,2025-12-07,13.91,0.0,70.27,,40.5,,66.9,53.4,15.1,2960.0,2025,Dec,98180
Purano naikap (SC-29)-GD Labs,2025-12-08,14.56,0.0,72.41,,27.3,,43.4,33.5,26.7,1770.0,2025,Dec,98180
Purano naikap (SC-29)-GD Labs,2025-12-12,14.89,0.0,74.38,,33.0,,51.0,60.3,14.6,2340.0,2025,Dec,98180
CEN-SR-11: Janakpurdham Sub-metropolitian City Office,2025-11-26,18.78,0.0,72.37,,98.9,,185.0,45.0,26.1,7420.0,2025,Nov,116552
CEN-SR-11: Janakpurdham Sub-metropolitian City Office,2025-11-27,19.38,0.0,70.42,,76.5,,134.0,51.3,24.8,5720.0,2025,Nov,116552
CEN-SR-11: Janakpurdham Sub-metropolitian City Office,2025-11-28,19.18,0.0,76.59,,66.7,,114.0,47.6,25.4,4910.0,2025,Nov,116552
CEN-SR-11: Janakpurdham Sub-metropolitian City Office,2025-11-29,18.24,0.0,79.69,,120.0,,224.0,49.5,24.8,8950.0,2025,Nov,116552
CEN-SR-11: Janakpurdham Sub-metropolitian City Office,2025-11-30,17.72,0.0,79.18,,147.0,,286.0,51.7,23.6,11000.0,2025,Nov,116552
CEN-SR-11: Janakpurdham Sub-metropolitian City Office,2025-12-01,17.78,0.0,76.58,,90.8,,168.0,42.0,25.5,6770.0,2025,Dec,98180
CEN-SR-11: Janakpurdham Sub-metropolitian City Office,2025-12-02,16.5,0.0,74.6,,173.0,,381.0,48.8,23.5,13200.0,2025,Dec,98180
CEN-SR-11: Janakpurdham Sub-metropolitian City Office,2025-12-03,16.83,0.0,71.19,,125.0,,251.0,53.8,22.1,9390.0,2025,Dec,98180
CEN-SR-11: Janakpurdham Sub-metropolitian City Office,2025-12-05,15.45,0.0,74.67,,69.8,,123.0,42.4,26.5,5200.0,2025,Dec,98180
CEN-SR-11: Janakpurdham Sub-metropolitian City Office,2025-12-07,14.94,0.0,76.29,,140.0,,294.0,42.9,24.5,10600.0,2025,Dec,98180
CEN-SR-11: Janakpurdham Sub-metropolitian City Office,2025-12-08,16.59,0.0,74.66,,126.0,,255.0,47.4,23.0,9490.0,2025,Dec,98180
CEN-SR-11: Janakpurdham Sub-metropolitian City Office,2025-12-09,16.52,0.0,76.08,,104.0,,193.0,50.5,22.1,7760.0,2025,Dec,98180
CEN-SR-11: Janakpurdham Sub-metropolitian City Office,2025-12-12,16.83,0.0,69.7,,94.4,,172.0,40.9,25.3,7030.0,2025,Dec,98180
CEN-SR-11: Janakpurdham Sub-metropolitian City Office,2025-12-13,17.82,0.0,68.31,,80.2,,140.0,46.5,23.6,5920.0,2025,Dec,98180
CEN-SR-11: Janakpurdham Sub-metropolitian City Office,2025-12-14,18.12,0.0,70.09,,77.5,,133.0,46.7,23.8,5740.0,2025,Dec,98180
CEN-SR-11: Janakpurdham Sub-metropolitian City Office,2025-12-15,17.54,0.0,76.42,,81.2,,140.0,46.5,23.3,6010.0,2025,Dec,98180
CEN-SR-11: Janakpurdham Sub-metropolitian City Office,2025-12-16,16.85,0.0,78.37,,72.5,,123.0,49.7,21.7,5380.0,2025,Dec,98180
CEN-SR-11: Janakpurdham Sub-metropolitian City Office,2025-12-18,15.8,0.0,77.05,,123.0,,243.0,52.6,23.5,9230.0,2025,Dec,98180
CEN-SR-11: Janakpurdham Sub-metropolitian City Office,2025-12-19,15.42,0.0,78.89,,114.0,,225.0,65.6,18.7,8330.0,2025,Dec,98180
CEN-SR-11: Janakpurdham Sub-metropolitian City Office,2025-12-20,14.21,0.0,76.71,,75.7,,137.0,62.4,18.3,5480.0,2025,Dec,98180
CEN-SR-11: Janakpurdham Sub-metropolitian City Office,2025-12-21,15.22,0.0,70.56,,80.3,,152.0,63.6,17.4,5760.0,2025,Dec,98180
CEN-SR-11: Janakpurdham Sub-metropolitian City Office,2025-12-23,14.42,0.0,80.55,,102.0,,192.0,67.2,16.9,7170.0,2025,Dec,98180
CEN-SR-11: Janakpurdham Sub-metropolitian City Office,2025-12-24,14.31,0.0,78.93,,86.1,,169.0,59.7,18.2,6280.0,2025,Dec,98180
CEN-SR-03:Biratnagar metropolitan city office ,2025-11-25,18.0,0.0,75.06,,82.1,,159.0,45.6,26.1,6320.0,2025,Nov,116552
CEN-SR-03:Biratnagar metropolitan city office ,2025-11-26,18.73,0.0,70.94,,97.0,,183.0,48.2,26.0,7400.0,2025,Nov,116552
CEN-SR-03:Biratnagar metropolitan city office ,2025-11-27,19.52,0.0,70.56,,68.3,,118.0,47.2,26.3,5080.0,2025,Nov,116552
CEN-SR-03:Biratnagar metropolitan city office ,2025-11-28,20.14,0.0,72.27,,73.2,,125.0,45.9,26.9,5480.0,2025,Nov,116552
CEN-SR-03:Biratnagar metropolitan city office ,2025-11-29,18.86,0.0,78.81,,85.5,,153.0,47.3,25.9,6440.0,2025,Nov,116552
CEN-SR-03:Biratnagar metropolitan city office ,2025-11-30,18.21,0.0,76.85,,135.0,,256.0,48.1,25.4,10200.0,2025,Nov,116552
CEN-SR-03:Biratnagar metropolitan city office ,2025-12-01,18.12,0.0,74.38,,124.0,,235.0,49.2,24.0,9380.0,2025,Dec,98180
CEN-SR-03:Biratnagar metropolitan city office ,2025-12-02,17.2,0.0,76.05,,122.0,,239.0,46.4,23.9,9320.0,2025,Dec,98180
CEN-SR-03:Biratnagar metropolitan city office ,2025-12-03,17.13,0.0,74.24,,150.0,,311.0,48.8,24.4,11600.0,2025,Dec,98180
CEN-SR-03:Biratnagar metropolitan city office ,2025-12-04,17.28,0.0,71.41,,123.0,,244.0,49.9,24.3,9420.0,2025,Dec,98180
CEN-SR-03:Biratnagar metropolitan city office ,2025-12-05,17.05,0.0,71.19,,116.0,,224.0,48.3,24.0,8820.0,2025,Dec,98180
CEN-SR-03:Biratnagar metropolitan city office ,2025-12-06,16.64,0.0,74.49,,142.0,,287.0,49.5,23.6,10900.0,2025,Dec,98180
CEN-SR-03:Biratnagar metropolitan city office ,2025-12-07,16.77,0.0,69.15,,144.0,,287.0,49.3,23.2,11000.0,2025,Dec,98180
CEN-SR-03:Biratnagar metropolitan city office ,2025-12-08,17.59,0.0,70.73,,126.0,,249.0,47.0,24.0,9610.0,2025,Dec,98180
CEN-SR-03:Biratnagar metropolitan city office ,2025-12-09,17.48,0.0,72.35,,116.0,,224.0,47.7,24.1,8860.0,2025,Dec,98180
CEN-SR-03:Biratnagar metropolitan city office ,2025-12-10,17.28,0.0,69.03,,101.0,,191.0,45.3,24.3,7630.0,2025,Dec,98180
CEN-SR-03:Biratnagar metropolitan city office ,2025-12-11,17.44,0.0,66.99,,116.0,,213.0,46.4,23.9,8760.0,2025,Dec,98180
CEN-SR-03:Biratnagar metropolitan city office ,2025-12-12,17.83,0.0,67.86,,108.0,,191.0,43.8,25.0,8000.0,2025,Dec,98180
CEN-SR-03:Biratnagar metropolitan city office ,2025-12-13,17.86,0.0,69.78,,66.8,,111.0,42.2,25.1,4940.0,2025,Dec,98180
CEN-SR-03:Biratnagar metropolitan city office ,2025-12-14,17.98,0.0,68.14,,81.6,,138.0,44.1,25.0,6030.0,2025,Dec,98180
CEN-SR-03:Biratnagar metropolitan city office ,2025-12-15,17.77,0.0,67.86,,82.2,,138.0,45.4,24.3,6090.0,2025,Dec,98180
Khokana (SC-41)-GD Labs,2025-11-25,15.6,0.0,75.33,,27.7,,46.6,42.2,19.7,1910.0,2025,Nov,116552
Khokana (SC-41)-GD Labs,2025-11-26,16.08,0.0,75.38,,32.5,,53.0,47.3,17.3,2200.0,2025,Nov,116552
Khokana (SC-41)-GD Labs,2025-11-27,17.27,0.0,72.76,,34.3,,55.2,44.9,19.7,2390.0,2025,Nov,116552
Khokana (SC-41)-GD Labs,2025-11-28,17.21,0.0,70.96,,32.7,,51.3,47.2,17.5,2210.0,2025,Nov,116552
Khokana (SC-41)-GD Labs,2025-11-29,16.32,0.0,75.51,,31.3,,47.6,53.5,14.6,2000.0,2025,Nov,116552
Khokana (SC-41)-GD Labs,2025-11-30,15.7,0.0,74.13,,24.1,,38.4,46.4,18.4,1560.0,2025,Nov,116552
Khokana (SC-41)-GD Labs,2025-12-01,15.1,0.0,76.66,,36.2,,59.0,49.8,18.1,2590.0,2025,Dec,98180
Khokana (SC-41)-GD Labs,2025-12-02,14.26,0.0,67.48,,46.1,,78.8,48.6,18.6,3430.0,2025,Dec,98180
Khokana (SC-41)-GD Labs,2025-12-03,14.74,0.0,66.95,,43.9,,75.9,48.9,18.3,3280.0,2025,Dec,98180
Khokana (SC-41)-GD Labs,2025-12-06,13.84,0.0,67.39,,33.2,,55.3,43.1,19.1,2290.0,2025,Dec,98180
Khokana (SC-41)-GD Labs,2025-12-07,13.91,0.0,70.27,,30.9,,50.5,44.9,18.1,2040.0,2025,Dec,98180
Khokana (SC-41)-GD Labs,2025-12-08,14.56,0.0,72.41,,34.0,,56.4,45.9,17.9,2290.0,2025,Dec,98180
Khokana (SC-41)-GD Labs,2025-12-09,14.79,0.0,70.79,,31.6,,51.8,45.7,18.2,2120.0,2025,Dec,98180
Khokana (SC-41)-GD Labs,2025-12-10,14.39,0.0,66.17,,26.8,,43.4,44.9,17.3,1760.0,2025,Dec,98180
Khokana (SC-41)-GD Labs,2025-12-11,14.73,0.0,67.47,,30.8,,49.4,46.2,17.1,1990.0,2025,Dec,98180
Khokana (SC-41)-GD Labs,2025-12-12,14.89,0.0,74.38,,29.0,,44.8,52.4,13.8,1750.0,2025,Dec,98180
Khokana (SC-41)-GD Labs,2025-12-13,15.45,0.0,73.89,,42.0,,67.7,46.4,16.7,2940.0,2025,Dec,98180
Khokana (SC-41)-GD Labs,2025-12-14,15.69,0.0,76.52,,51.3,,85.8,47.3,16.6,3620.0,2025,Dec,98180
Khokana (SC-41)-GD Labs,2025-12-15,14.88,0.0,79.46,,33.5,,53.2,46.0,16.7,2240.0,2025,Dec,98180
Khokana (SC-41)-GD Labs,2025-12-16,14.33,0.0,76.23,,27.1,,42.4,43.8,17.8,1770.0,2025,Dec,98180
Khokana (SC-41)-GD Labs,2025-12-17,13.21,0.0,76.65,,32.9,,51.2,45.0,17.7,2260.0,2025,Dec,98180
Khokana (SC-41)-GD Labs,2025-12-18,14.21,0.0,68.99,,41.1,,64.5,42.8,17.9,2890.0,2025,Dec,98180
Khokana (SC-41)-GD Labs,2025-12-19,13.61,0.0,69.95,,34.7,,55.0,48.9,17.9,2480.0,2025,Dec,98180
Khokana (SC-41)-GD Labs,2025-12-20,11.98,0.0,68.85,,36.8,,58.0,45.2,17.6,2520.0,2025,Dec,98180
Khokana (SC-41)-GD Labs,2025-12-21,12.39,0.0,72.08,,37.4,,59.9,45.9,17.8,2560.0,2025,Dec,98180
Khokana (SC-41)-GD Labs,2025-12-22,13.43,0.0,74.89,,42.2,,73.0,44.1,17.8,3030.0,2025,Dec,98180
Khokana (SC-41)-GD Labs,2025-12-23,12.22,0.0,78.07,,35.9,,57.4,43.8,17.7,2440.0,2025,Dec,98180
Khokana (SC-41)-GD Labs,2025-12-24,12.0,0.0,77.9,,29.0,,46.0,43.9,17.4,1810.0,2025,Dec,98180
Khokana (SC-41)-GD Labs,2025-12-25,11.9,0.0,75.7,,36.2,,60.3,45.0,17.2,2520.0,2025,Dec,98180
Khokana (SC-41)-GD Labs,2025-12-26,12.48,0.0,73.76,,42.1,,71.2,45.6,17.1,2960.0,2025,Dec,98180
Khokana (SC-41)-GD Labs,2025-12-27,12.74,0.0,72.46,,42.8,,71.8,45.0,17.4,3010.0,2025,Dec,98180
Khokana (SC-41)-GD Labs,2025-12-28,11.74,0.0,76.27,,38.3,,64.2,45.4,17.5,2670.0,2025,Dec,98180
Khokana (SC-41)-GD Labs,2025-12-29,11.01,0.04,73.62,,32.6,,53.8,45.1,17.2,2150.0,2025,Dec,98180
Khokana (SC-41)-GD Labs,2025-12-30,9.9,0.0,70.04,,35.0,,58.3,45.3,16.9,2360.0,2025,Dec,98180
Khokana (SC-41)-GD Labs,2025-12-31,10.81,0.0,63.1,,33.0,,54.3,45.0,17.1,2220.0,2025,Dec,98180
Mid Baneshwor (SC-39)-GD Labs,2025-11-25,13.19,0.0,70.19,,41.1,,68.4,42.1,20.1,2980.0,2025,Nov,116552
Mid Baneshwor (SC-39)-GD Labs,2025-11-26,13.76,0.0,76.11,,39.7,,65.8,43.6,19.2,2900.0,2025,Nov,116552
Mid Baneshwor (SC-39)-GD Labs,2025-11-27,15.24,0.0,72.73,,52.4,,85.3,44.1,19.8,3930.0,2025,Nov,116552
Mid Baneshwor (SC-39)-GD Labs,2025-11-28,14.73,0.0,74.04,,45.4,,71.7,43.7,19.7,3370.0,2025,Nov,116552
Mid Baneshwor (SC-39)-GD Labs,2025-11-29,14.01,0.0,76.82,,34.4,,54.6,42.8,19.5,2600.0,2025,Nov,116552
Mid Baneshwor (SC-39)-GD Labs,2025-11-30,13.6,0.0,75.06,,37.9,,59.3,44.4,19.4,2780.0,2025,Nov,116552
Mid Baneshwor (SC-39)-GD Labs,2025-12-01,13.22,0.0,77.38,,48.4,,78.4,47.3,19.6,3630.0,2025,Dec,98180
Mid Baneshwor (SC-39)-GD Labs,2025-12-02,13.09,0.0,66.35,,60.1,,102.0,48.8,19.4,4520.0,2025,Dec,98180
Mid Baneshwor (SC-39)-GD Labs,2025-12-03,12.94,0.0,65.61,,50.5,,88.7,48.1,19.7,3830.0,2025,Dec,98180
Mid Baneshwor (SC-39)-GD Labs,2025-12-04,12.94,0.0,59.29,,40.7,,70.9,44.5,19.6,3070.0,2025,Dec,98180
Mid Baneshwor (SC-39)-GD Labs,2025-12-05,12.66,0.0,65.81,,41.9,,71.6,45.6,19.0,3110.0,2025,Dec,98180
Mid Baneshwor (SC-39)-GD Labs,2025-12-06,12.34,0.0,63.16,,44.8,,75.7,45.0,18.7,3330.0,2025,Dec,98180
Mid Baneshwor (SC-39)-GD Labs,2025-12-07,12.55,0.0,68.9,,48.8,,81.3,45.9,18.8,3680.0,2025,Dec,98180
Mid Baneshwor (SC-39)-GD Labs,2025-12-08,13.05,0.0,70.87,,51.3,,84.3,46.1,18.8,3810.0,2025,Dec,98180
Mid Baneshwor (SC-39)-GD Labs,2025-12-09,12.43,0.0,71.63,,54.6,,89.8,46.0,18.7,4060.0,2025,Dec,98180
Mid Baneshwor (SC-39)-GD Labs,2025-12-10,12.29,0.0,65.67,,44.3,,70.7,45.6,18.2,3290.0,2025,Dec,98180
Mid Baneshwor (SC-39)-GD Labs,2025-12-11,12.7,0.0,64.78,,56.3,,89.9,44.9,18.4,4180.0,2025,Dec,98180
Mid Baneshwor (SC-39)-GD Labs,2025-12-12,12.55,0.0,74.27,,54.1,,84.9,44.7,18.4,3990.0,2025,Dec,98180
Mid Baneshwor (SC-39)-GD Labs,2025-12-13,13.0,0.0,73.7,,63.0,,99.5,44.4,18.5,4670.0,2025,Dec,98180
Mid Baneshwor (SC-39)-GD Labs,2025-12-14,13.45,0.0,75.69,,61.6,,97.2,44.1,18.3,4550.0,2025,Dec,98180
Mid Baneshwor (SC-39)-GD Labs,2025-12-15,12.67,0.0,81.06,,57.0,,89.3,43.9,18.3,4180.0,2025,Dec,98180
Mid Baneshwor (SC-39)-GD Labs,2025-12-16,11.97,0.0,78.57,,51.9,,80.6,44.1,18.1,3830.0,2025,Dec,98180
Mid Baneshwor (SC-39)-GD Labs,2025-12-17,11.15,0.0,75.72,,58.3,,90.9,46.0,18.1,4340.0,2025,Dec,98180
Mid Baneshwor (SC-39)-GD Labs,2025-12-18,12.32,0.0,68.39,,65.2,,103.0,44.2,18.3,4830.0,2025,Dec,98180
Mid Baneshwor (SC-39)-GD Labs,2025-12-19,11.73,0.0,71.31,,62.8,,98.3,44.4,18.3,4600.0,2025,Dec,98180
Mid Baneshwor (SC-39)-GD Labs,2025-12-20,10.4,0.0,69.77,,54.7,,87.0,45.7,18.3,4030.0,2025,Dec,98180
Mid Baneshwor (SC-39)-GD Labs,2025-12-21,10.47,0.0,74.81,,59.7,,95.9,46.2,18.6,4450.0,2025,Dec,98180
Mid Baneshwor (SC-39)-GD Labs,2025-12-22,11.72,0.0,75.07,,63.3,,102.0,45.3,18.8,4660.0,2025,Dec,98180
Mid Baneshwor (SC-39)-GD Labs,2025-12-23,11.39,0.0,75.35,,56.9,,90.2,44.9,18.2,4230.0,2025,Dec,98180
Mid Baneshwor (SC-39)-GD Labs,2025-12-24,10.34,0.0,77.25,,48.1,,77.1,45.5,18.0,3560.0,2025,Dec,98180
Mid Baneshwor (SC-39)-GD Labs,2025-12-25,9.77,0.0,76.42,,44.1,,72.2,44.5,18.2,3250.0,2025,Dec,98180
Mid Baneshwor (SC-39)-GD Labs,2025-12-26,10.48,0.0,76.76,,58.7,,97.4,46.1,17.8,4380.0,2025,Dec,98180
Mid Baneshwor (SC-39)-GD Labs,2025-12-27,11.1,0.0,72.48,,64.8,,108.0,46.4,17.9,4840.0,2025,Dec,98180
Mid Baneshwor (SC-39)-GD Labs,2025-12-28,10.68,0.0,74.18,,62.1,,104.0,47.0,18.0,4680.0,2025,Dec,98180
Mid Baneshwor (SC-39)-GD Labs,2025-12-29,9.68,0.0,72.77,,56.5,,93.6,46.9,17.8,4250.0,2025,Dec,98180
Mid Baneshwor (SC-39)-GD Labs,2025-12-30,8.5,0.0,70.64,,54.8,,90.6,47.5,17.5,4110.0,2025,Dec,98180
Mid Baneshwor (SC-39)-GD Labs,2025-12-31,9.21,0.0,63.44,,54.6,,91.0,46.2,17.7,4100.0,2025,Dec,98180
Ranibari (SC-43)-GD Labs,2025-11-25,13.19,0.0,70.19,,39.1,,64.2,44.7,18.9,2830.0,2025,Nov,116552
Ranibari (SC-43)-GD Labs,2025-11-26,13.76,0.0,76.11,,38.1,,62.3,44.8,18.6,2760.0,2025,Nov,116552
Ranibari (SC-43)-GD Labs,2025-11-27,15.24,0.0,72.73,,57.3,,92.4,46.5,19.0,4200.0,2025,Nov,116552
Ranibari (SC-43)-GD Labs,2025-11-28,14.73,0.0,74.04,,49.5,,78.5,45.9,18.9,3600.0,2025,Nov,116552
Ranibari (SC-43)-GD Labs,2025-11-29,14.01,0.0,76.82,,38.8,,61.6,43.9,18.8,2860.0,2025,Nov,116552
Ranibari (SC-43)-GD Labs,2025-11-30,13.6,0.0,75.06,,37.9,,58.7,45.5,18.7,2690.0,2025,Nov,116552
Ranibari (SC-43)-GD Labs,2025-12-01,13.22,0.0,77.38,,50.7,,81.5,49.8,18.8,3780.0,2025,Dec,98180
Ranibari (SC-43)-GD Labs,2025-12-02,13.09,0.0,66.35,,59.8,,100.0,51.0,18.8,4430.0,2025,Dec,98180
Ranibari (SC-43)-GD Labs,2025-12-03,12.94,0.0,65.61,,55.2,,95.8,52.1,18.6,4120.0,2025,Dec,98180
Ranibari (SC-43)-GD Labs,2025-12-04,12.94,0.0,59.29,,42.3,,72.6,43.7,20.1,3110.0,2025,Dec,98180
Ranibari (SC-43)-GD Labs,2025-12-05,12.66,0.0,65.81,,44.0,,74.8,45.0,19.5,3270.0,2025,Dec,98180
Ranibari (SC-43)-GD Labs,2025-12-06,12.34,0.0,63.16,,48.6,,79.9,41.1,20.1,3550.0,2025,Dec,98180
Ranibari (SC-43)-GD Labs,2025-12-07,12.55,0.0,68.9,,50.6,,85.0,46.1,19.0,3780.0,2025,Dec,98180
Ranibari (SC-43)-GD Labs,2025-12-08,13.05,0.0,70.87,,53.2,,86.8,45.5,19.2,3890.0,2025,Dec,98180
Ranibari (SC-43)-GD Labs,2025-12-09,12.43,0.0,71.63,,50.1,,80.7,44.9,19.0,3640.0,2025,Dec,98180
Ranibari (SC-43)-GD Labs,2025-12-10,12.29,0.0,65.67,,44.8,,70.9,44.1,19.0,3270.0,2025,Dec,98180
Ranibari (SC-43)-GD Labs,2025-12-11,12.7,0.0,64.78,,51.4,,81.5,43.3,19.1,3750.0,2025,Dec,98180
Ranibari (SC-43)-GD Labs,2025-12-12,12.55,0.0,74.27,,49.7,,77.9,43.7,19.0,3620.0,2025,Dec,98180
Ranibari (SC-43)-GD Labs,2025-12-13,13.0,0.0,73.7,,64.2,,101.0,44.0,19.0,4720.0,2025,Dec,98180
Ranibari (SC-43)-GD Labs,2025-12-14,13.45,0.0,75.69,,66.9,,107.0,43.2,19.0,4890.0,2025,Dec,98180
Ranibari (SC-43)-GD Labs,2025-12-15,12.67,0.0,81.06,,58.6,,91.5,42.8,18.9,4240.0,2025,Dec,98180
Ranibari (SC-43)-GD Labs,2025-12-16,11.97,0.0,78.57,,53.6,,83.3,43.2,18.7,3920.0,2025,Dec,98180
Ranibari (SC-43)-GD Labs,2025-12-17,11.15,0.0,75.72,,57.7,,89.9,45.2,18.7,4240.0,2025,Dec,98180
Ranibari (SC-43)-GD Labs,2025-12-18,12.32,0.0,68.39,,67.7,,107.0,43.2,18.9,4920.0,2025,Dec,98180
Ranibari (SC-43)-GD Labs,2025-12-19,11.73,0.0,71.31,,61.1,,96.1,43.1,18.9,4410.0,2025,Dec,98180
Ranibari (SC-43)-GD Labs,2025-12-20,10.4,0.0,69.77,,57.8,,91.3,44.9,18.7,4220.0,2025,Dec,98180
Ranibari (SC-43)-GD Labs,2025-12-21,10.47,0.0,74.81,,58.6,,93.9,45.9,19.0,4300.0,2025,Dec,98180
Ranibari (SC-43)-GD Labs,2025-12-22,11.72,0.0,75.07,,62.5,,100.0,45.6,19.0,4560.0,2025,Dec,98180
Ranibari (SC-43)-GD Labs,2025-12-23,11.39,0.0,75.35,,57.0,,89.7,43.8,18.8,4150.0,2025,Dec,98180
Ranibari (SC-43)-GD Labs,2025-12-24,10.34,0.0,77.25,,51.3,,82.4,44.9,18.6,3740.0,2025,Dec,98180
Ranibari (SC-43)-GD Labs,2025-12-25,9.77,0.0,76.42,,47.4,,77.0,43.9,18.5,3460.0,2025,Dec,98180
Ranibari (SC-43)-GD Labs,2025-12-26,10.48,0.0,76.76,,61.5,,101.0,45.0,18.4,4510.0,2025,Dec,98180
Ranibari (SC-43)-GD Labs,2025-12-27,11.1,0.0,72.48,,64.2,,107.0,45.6,18.3,4710.0,2025,Dec,98180
Ranibari (SC-43)-GD Labs,2025-12-28,10.68,0.0,74.18,,61.1,,102.0,46.2,18.4,4500.0,2025,Dec,98180
Ranibari (SC-43)-GD Labs,2025-12-29,9.68,0.0,72.77,,60.7,,101.0,46.0,18.4,4450.0,2025,Dec,98180
Ranibari (SC-43)-GD Labs,2025-12-30,8.5,0.0,70.64,,60.4,,100.0,46.0,18.2,4430.0,2025,Dec,98180
Ranibari (SC-43)-GD Labs,2025-12-31,9.21,0.0,63.44,,60.9,,102.0,46.3,17.9,4450.0,2025,Dec,98180
Sorakhutte (SC-36)-GD Labs,2025-11-25,15.6,0.0,75.33,,43.2,,69.9,44.0,18.8,3210.0,2025,Nov,116552
Sorakhutte (SC-36)-GD Labs,2025-11-26,16.08,0.0,75.38,,39.6,,63.8,44.3,18.6,2910.0,2025,Nov,116552
Sorakhutte (SC-36)-GD Labs,2025-11-27,17.27,0.0,72.76,,62.3,,100.0,46.6,18.7,4630.0,2025,Nov,116552
Sorakhutte (SC-36)-GD Labs,2025-11-28,17.21,0.0,70.96,,46.5,,72.6,45.6,19.0,3380.0,2025,Nov,116552
Sorakhutte (SC-36)-GD Labs,2025-11-29,16.32,0.0,75.51,,47.8,,75.4,50.8,16.9,3590.0,2025,Nov,116552
Sorakhutte (SC-36)-GD Labs,2025-12-09,14.79,0.0,70.79,,88.8,,144.0,55.0,17.1,6610.0,2025,Dec,98180
Sorakhutte (SC-36)-GD Labs,2025-12-12,14.89,0.0,74.38,,51.5,,79.9,42.3,19.8,3760.0,2025,Dec,98180
Sorakhutte (SC-36)-GD Labs,2025-12-13,15.45,0.0,73.89,,67.8,,108.0,43.0,19.4,5050.0,2025,Dec,98180
Sorakhutte (SC-36)-GD Labs,2025-12-14,15.69,0.0,76.52,,63.4,,98.8,42.5,19.3,4680.0,2025,Dec,98180
Sorakhutte (SC-36)-GD Labs,2025-12-15,14.88,0.0,79.46,,53.4,,82.6,41.8,19.1,3920.0,2025,Dec,98180
Sorakhutte (SC-36)-GD Labs,2025-12-16,14.33,0.0,76.23,,49.0,,75.6,42.5,18.7,3620.0,2025,Dec,98180
Sorakhutte (SC-36)-GD Labs,2025-12-18,14.21,0.0,68.99,,65.6,,103.0,38.3,21.0,4840.0,2025,Dec,98180
Sorakhutte (SC-36)-GD Labs,2025-12-19,13.61,0.0,69.95,,61.8,,96.2,43.9,18.6,4540.0,2025,Dec,98180
Sorakhutte (SC-36)-GD Labs,2025-12-20,11.98,0.0,68.85,,61.0,,97.2,47.4,17.6,4500.0,2025,Dec,98180
Sorakhutte (SC-36)-GD Labs,2025-12-21,12.39,0.0,72.08,,63.3,,101.0,47.8,18.1,4700.0,2025,Dec,98180
Sorakhutte (SC-36)-GD Labs,2025-12-22,13.43,0.0,74.89,,60.8,,96.6,47.0,18.3,4490.0,2025,Dec,98180
Sorakhutte (SC-36)-GD Labs,2025-12-23,12.22,0.0,78.07,,62.2,,97.7,45.0,18.3,4610.0,2025,Dec,98180
Sorakhutte (SC-36)-GD Labs,2025-12-24,12.0,0.0,77.9,,48.5,,77.1,47.8,17.1,3590.0,2025,Dec,98180
Sorakhutte (SC-36)-GD Labs,2025-12-25,11.9,0.0,75.7,,49.7,,80.0,46.4,17.3,3690.0,2025,Dec,98180
Sorakhutte (SC-36)-GD Labs,2025-12-26,12.48,0.0,73.76,,64.0,,105.0,48.0,17.0,4750.0,2025,Dec,98180
Sorakhutte (SC-36)-GD Labs,2025-12-27,12.74,0.0,72.46,,60.4,,100.0,47.9,17.2,4490.0,2025,Dec,98180
CEN-SR-06: Biratnagar Metropolitan City ward no 9 Office,2025-11-26,18.73,0.0,70.94,,142.0,,254.0,54.9,23.7,10500.0,2025,Nov,116552
CEN-SR-06: Biratnagar Metropolitan City ward no 9 Office,2025-11-27,19.52,0.0,70.56,,66.4,,109.0,47.7,25.5,4850.0,2025,Nov,116552
CEN-SR-06: Biratnagar Metropolitan City ward no 9 Office,2025-11-28,20.14,0.0,72.27,,76.6,,126.0,46.4,26.0,5630.0,2025,Nov,116552
CEN-SR-06: Biratnagar Metropolitan City ward no 9 Office,2025-11-29,18.86,0.0,78.81,,89.0,,157.0,48.0,25.1,6580.0,2025,Nov,116552
CEN-SR-06: Biratnagar Metropolitan City ward no 9 Office,2025-11-30,18.21,0.0,76.85,,134.0,,248.0,51.3,24.0,9890.0,2025,Nov,116552
CEN-SR-06: Biratnagar Metropolitan City ward no 9 Office,2025-12-02,17.2,0.0,76.05,,130.0,,250.0,41.4,24.7,9650.0,2025,Dec,98180
CEN-SR-06: Biratnagar Metropolitan City ward no 9 Office,2025-12-03,17.13,0.0,74.24,,145.0,,294.0,49.5,23.7,10800.0,2025,Dec,98180
CEN-SR-06: Biratnagar Metropolitan City ward no 9 Office,2025-12-04,17.28,0.0,71.41,,122.0,,236.0,50.6,23.6,9120.0,2025,Dec,98180
CEN-SR-06: Biratnagar Metropolitan City ward no 9 Office,2025-12-05,17.05,0.0,71.19,,114.0,,215.0,48.8,23.3,8500.0,2025,Dec,98180
CEN-SR-06: Biratnagar Metropolitan City ward no 9 Office,2025-12-06,16.64,0.0,74.49,,141.0,,276.0,50.4,22.7,10500.0,2025,Dec,98180
CEN-SR-06: Biratnagar Metropolitan City ward no 9 Office,2025-12-07,16.77,0.0,69.15,,143.0,,278.0,49.8,22.6,10600.0,2025,Dec,98180
CEN-SR-06: Biratnagar Metropolitan City ward no 9 Office,2025-12-08,17.59,0.0,70.73,,119.0,,227.0,47.3,23.2,8820.0,2025,Dec,98180
CEN-SR-06: Biratnagar Metropolitan City ward no 9 Office,2025-12-09,17.48,0.0,72.35,,115.0,,215.0,47.9,23.4,8560.0,2025,Dec,98180
CEN-SR-06: Biratnagar Metropolitan City ward no 9 Office,2025-12-10,17.28,0.0,69.03,,100.0,,184.0,45.2,23.5,7430.0,2025,Dec,98180
CEN-SR-06: Biratnagar Metropolitan City ward no 9 Office,2025-12-11,17.44,0.0,66.99,,116.0,,205.0,46.6,23.1,8540.0,2025,Dec,98180
CEN-SR-06: Biratnagar Metropolitan City ward no 9 Office,2025-12-12,17.83,0.0,67.86,,104.0,,177.0,43.6,23.9,7570.0,2025,Dec,98180
CEN-SR-06: Biratnagar Metropolitan City ward no 9 Office,2025-12-13,17.86,0.0,69.78,,66.7,,106.0,42.3,23.8,4870.0,2025,Dec,98180
CEN-SR-06: Biratnagar Metropolitan City ward no 9 Office,2025-12-14,17.98,0.0,68.14,,76.5,,123.0,43.7,24.0,5570.0,2025,Dec,98180
CEN-SR-06: Biratnagar Metropolitan City ward no 9 Office,2025-12-15,17.77,0.0,67.86,,87.3,,142.0,43.8,23.9,6390.0,2025,Dec,98180
CEN-SR-06: Biratnagar Metropolitan City ward no 9 Office,2025-12-16,17.69,0.0,72.45,,89.2,,152.0,45.1,23.4,6530.0,2025,Dec,98180
CEN-SR-06: Biratnagar Metropolitan City ward no 9 Office,2025-12-17,16.87,0.0,72.41,,95.2,,166.0,46.3,23.6,7010.0,2025,Dec,98180
CEN-SR-06: Biratnagar Metropolitan City ward no 9 Office,2025-12-18,17.18,0.0,68.44,,87.1,,148.0,46.4,23.9,6410.0,2025,Dec,98180
CEN-SR-06: Biratnagar Metropolitan City ward no 9 Office,2025-12-19,16.52,0.0,71.83,,119.0,,231.0,56.7,21.3,8910.0,2025,Dec,98180
CEN-SR-06: Biratnagar Metropolitan City ward no 9 Office,2025-12-20,15.56,0.0,76.43,,80.6,,148.0,56.1,20.6,6060.0,2025,Dec,98180
CEN-SR-06: Biratnagar Metropolitan City ward no 9 Office,2025-12-21,16.48,0.0,69.59,,99.4,,186.0,58.4,20.1,7450.0,2025,Dec,98180
CEN-SR-06: Biratnagar Metropolitan City ward no 9 Office,2025-12-22,16.49,0.0,69.83,,103.0,,194.0,60.7,19.0,7740.0,2025,Dec,98180
CEN-SR-06: Biratnagar Metropolitan City ward no 9 Office,2025-12-23,15.33,0.0,75.46,,99.4,,189.0,58.1,19.6,7470.0,2025,Dec,98180
CEN-SR-06: Biratnagar Metropolitan City ward no 9 Office,2025-12-24,14.94,0.0,76.91,,100.0,,196.0,57.4,19.2,7550.0,2025,Dec,98180
CEN-SR-06: Biratnagar Metropolitan City ward no 9 Office,2025-12-25,15.25,0.0,73.83,,137.0,,272.0,55.1,19.7,10300.0,2025,Dec,98180
CEN-SR-06: Biratnagar Metropolitan City ward no 9 Office,2025-12-26,16.13,0.0,74.75,,145.0,,286.0,57.3,20.5,10800.0,2025,Dec,98180
CEN-SR-06: Biratnagar Metropolitan City ward no 9 Office,2025-12-27,16.03,0.0,75.81,,99.6,,188.0,61.4,19.0,7490.0,2025,Dec,98180
CEN-SR-06: Biratnagar Metropolitan City ward no 9 Office,2025-12-28,15.09,0.0,76.15,,63.0,,115.0,58.8,19.0,4770.0,2025,Dec,98180
CEN-SR-06: Biratnagar Metropolitan City ward no 9 Office,2025-12-29,14.23,0.0,77.4,,58.4,,104.0,56.6,18.9,4420.0,2025,Dec,98180
CEN-SR-06: Biratnagar Metropolitan City ward no 9 Office,2025-12-30,12.42,0.0,78.16,,69.5,,122.0,57.7,18.1,5230.0,2025,Dec,98180
CEN-SR-06: Biratnagar Metropolitan City ward no 9 Office,2025-12-31,13.7,0.0,69.17,,97.2,,172.0,56.0,19.3,7230.0,2025,Dec,98180
"CEN-SR-20: Janakpurdham SMC-08, Rajarshi Janak University",2025-12-04,16.64,0.0,71.88,,128.0,,259.0,46.4,24.6,9670.0,2025,Dec,98180
"CEN-SR-20: Janakpurdham SMC-08, Rajarshi Janak University",2025-12-05,15.45,0.0,74.67,,161.0,,342.0,55.5,21.4,12300.0,2025,Dec,98180
"CEN-SR-20: Janakpurdham SMC-08, Rajarshi Janak University",2025-12-06,15.11,0.0,75.88,,157.0,,331.0,53.3,21.7,11900.0,2025,Dec,98180
"CEN-SR-20: Janakpurdham SMC-08, Rajarshi Janak University",2025-12-07,14.94,0.0,76.29,,167.0,,368.0,54.0,21.2,12800.0,2025,Dec,98180
"CEN-SR-20: Janakpurdham SMC-08, Rajarshi Janak University",2025-12-08,16.59,0.0,74.66,,139.0,,293.0,52.9,22.1,10600.0,2025,Dec,98180
"CEN-SR-20: Janakpurdham SMC-08, Rajarshi Janak University",2025-12-09,16.52,0.0,76.08,,90.0,,162.0,49.5,23.5,6790.0,2025,Dec,98180
"CEN-SR-20: Janakpurdham SMC-08, Rajarshi Janak University",2025-12-10,16.01,0.0,74.16,,88.2,,159.0,43.5,25.6,6650.0,2025,Dec,98180
"CEN-SR-20: Janakpurdham SMC-08, Rajarshi Janak University",2025-12-11,15.9,0.0,72.46,,109.0,,201.0,46.6,24.4,8170.0,2025,Dec,98180
"CEN-SR-20: Janakpurdham SMC-08, Rajarshi Janak University",2025-12-12,16.83,0.0,69.7,,127.0,,256.0,47.9,23.8,9620.0,2025,Dec,98180
"CEN-SR-20: Janakpurdham SMC-08, Rajarshi Janak University",2025-12-13,17.82,0.0,68.31,,110.0,,206.0,50.0,23.4,8240.0,2025,Dec,98180
"CEN-SR-20: Janakpurdham SMC-08, Rajarshi Janak University",2025-12-14,18.12,0.0,70.09,,96.0,,176.0,50.3,23.0,7220.0,2025,Dec,98180
"CEN-SR-20: Janakpurdham SMC-08, Rajarshi Janak University",2025-12-15,17.54,0.0,76.42,,103.0,,186.0,50.8,22.6,7680.0,2025,Dec,98180
"CEN-SR-20: Janakpurdham SMC-08, Rajarshi Janak University",2025-12-16,16.85,0.0,78.37,,127.0,,233.0,58.7,19.5,9480.0,2025,Dec,98180
"CEN-SR-20: Janakpurdham SMC-08, Rajarshi Janak University",2025-12-17,16.0,0.0,78.99,,103.0,,179.0,55.0,20.7,7700.0,2025,Dec,98180
"CEN-SR-20: Janakpurdham SMC-08, Rajarshi Janak University",2025-12-18,15.8,0.0,77.05,,148.0,,282.0,56.7,20.4,11100.0,2025,Dec,98180
"CEN-SR-20: Janakpurdham SMC-08, Rajarshi Janak University",2025-12-25,14.86,0.0,74.03,,177.0,,381.0,64.9,18.2,13300.0,2025,Dec,98180
"CEN-SR-20: Janakpurdham SMC-08, Rajarshi Janak University",2025-12-26,15.39,0.0,73.19,,184.0,,400.0,66.9,16.7,14000.0,2025,Dec,98180
"CEN-SR-20: Janakpurdham SMC-08, Rajarshi Janak University",2025-12-28,13.92,0.0,77.9,,62.5,,117.0,61.2,18.4,4830.0,2025,Dec,98180
"CEN-SR-20: Janakpurdham SMC-08, Rajarshi Janak University",2025-12-29,13.17,0.0,77.83,,46.6,,84.9,65.0,17.0,3620.0,2025,Dec,98180
"CEN-SR-20: Janakpurdham SMC-08, Rajarshi Janak University",2025-12-31,13.22,0.0,65.33,,88.0,,163.0,53.7,19.0,6700.0,2025,Dec,98180
CEN-SR-19 : Bharatpur Ward 02,2025-12-12,16.66,0.0,71.59,,32.2,,51.1,44.1,24.0,2250.0,2025,Dec,98180
CEN-SR-19 : Bharatpur Ward 02,2025-12-13,17.12,0.0,72.67,,42.7,,67.3,49.0,22.0,3060.0,2025,Dec,98180
CEN-SR-19 : Bharatpur Ward 02,2025-12-14,17.31,0.0,75.18,,45.2,,71.2,48.6,21.9,3250.0,2025,Dec,98180
CEN-SR-19 : Bharatpur Ward 02,2025-12-15,16.53,0.0,77.08,,45.7,,72.7,48.8,21.9,3290.0,2025,Dec,98180
CEN-SR-19 : Bharatpur Ward 02,2025-12-16,15.81,0.0,75.26,,43.2,,68.1,47.9,21.5,3080.0,2025,Dec,98180
CEN-SR-19 : Bharatpur Ward 02,2025-12-17,14.67,0.0,77.36,,44.7,,71.2,49.4,21.4,3220.0,2025,Dec,98180
CEN-SR-19 : Bharatpur Ward 02,2025-12-18,15.45,0.0,71.65,,48.2,,75.9,50.1,21.6,3500.0,2025,Dec,98180
CEN-SR-19 : Bharatpur Ward 02,2025-12-19,14.61,0.0,72.04,,53.0,,91.2,53.4,20.6,3960.0,2025,Dec,98180
CEN-SR-19 : Bharatpur Ward 02,2025-12-20,13.02,0.0,70.85,,52.0,,91.2,52.6,20.5,3970.0,2025,Dec,98180
CEN-SR-19 : Bharatpur Ward 02,2025-12-21,13.61,0.0,71.16,,71.2,,125.0,54.6,19.9,5410.0,2025,Dec,98180
CEN-SR-19 : Bharatpur Ward 02,2025-12-22,14.67,0.0,73.99,,69.8,,119.0,56.3,19.8,5280.0,2025,Dec,98180
CEN-SR-19 : Bharatpur Ward 02,2025-12-23,13.33,0.0,78.31,,50.6,,89.0,57.6,19.3,3870.0,2025,Dec,98180
CEN-SR-19 : Bharatpur Ward 02,2025-12-24,13.49,0.0,75.75,,62.8,,116.0,54.5,20.0,4810.0,2025,Dec,98180
CEN-SR-19 : Bharatpur Ward 02,2025-12-25,13.62,0.0,71.98,,67.8,,124.0,52.7,21.0,5180.0,2025,Dec,98180
CEN-SR-19 : Bharatpur Ward 02,2025-12-26,13.78,0.0,71.7,,70.8,,124.0,53.3,20.4,5360.0,2025,Dec,98180
CEN-SR-19 : Bharatpur Ward 02,2025-12-27,14.09,0.0,71.92,,72.5,,134.0,57.7,18.8,5540.0,2025,Dec,98180
CEN-SR-19 : Bharatpur Ward 02,2025-12-28,12.95,0.0,74.49,,43.8,,80.3,57.4,18.9,3380.0,2025,Dec,98180
CEN-SR-19 : Bharatpur Ward 02,2025-12-29,12.34,0.21,71.78,,41.6,,72.2,57.2,18.6,3090.0,2025,Dec,98180
CEN-SR-19 : Bharatpur Ward 02,2025-12-30,11.5,0.02,66.73,,37.5,,63.0,55.5,18.3,2790.0,2025,Dec,98180
CEN-SR-19 : Bharatpur Ward 02,2025-12-31,11.87,0.0,64.03,,49.1,,84.8,52.4,19.2,3750.0,2025,Dec,98180
